company_name,model,year,km_driven,fuel_type,transmission,engine_cc,max_power_bhp,condition,mileage_kmpl,price_usd
Tesla,Model S,2020,148445,Hybrid,Manual,4430,415,Second Hand,21.6,144030.93
Mercedes-Benz,C-Class,1989,31358,Electric,Manual,3227,168,Second Hand,18.1,2000.0
Tesla,Model S,2001,0,Diesel,Manual,1472,597,Brand New,16.2,395927.54
Mahindra,Scorpio,1992,0,Electric,Manual,3864,419,Brand New,29.6,25260.15
Toyota,Fortuner,2001,0,Diesel,Manual,4158,629,Brand New,12.1,10866.53
BMW,X5,1987,137302,Electric,Automatic,1547,229,Second Hand,22.7,2000.0
Audi,Q5,2000,0,Hybrid,Manual,3783,241,Brand New,30.3,88086.39
Land Rover,Range Rover,2023,0,Hybrid,Manual,3701,92,Brand New,12.0,106927.4
BMW,5 Series,2013,0,Petrol,Manual,971,543,Brand New,13.2,53834.82
Tata,Safari,2009,132967,Diesel,Automatic,1428,522,Second Hand,16.4,11864.28
Land Rover,Discovery,2002,0,Diesel,Automatic,3419,287,Brand New,34.6,107502.7
Tesla,Model S,1994,0,Electric,Automatic,2629,422,Brand New,8.9,272385.35
Lamborghini,Huracan,1998,0,Hybrid,Manual,4948,482,Brand New,20.5,424471.87
Honda,CRV,2006,0,Electric,Manual,4013,584,Brand New,21.6,26811.48
Land Rover,Discovery,1997,87396,Electric,Manual,3647,74,Second Hand,34.8,2000.0
Rolls-Royce,Phantom,2007,9272,Electric,Manual,1506,692,Second Hand,31.0,118493.7
Tesla,Model 3,2022,47042,Diesel,Manual,1723,698,Second Hand,16.0,121362.19
Porsche,Cayenne,2013,0,Diesel,Automatic,3386,204,Brand New,12.1,98945.53
Honda,Accord,2009,86099,Electric,Automatic,4425,460,Second Hand,15.6,2000.0
Ford,Endeavour,2000,0,Hybrid,Automatic,1068,501,Brand New,32.3,34465.44
Toyota,RAV4,1987,103131,Petrol,Manual,4699,586,Second Hand,14.3,2000.0
BMW,X3,2017,138819,Diesel,Manual,4252,434,Second Hand,19.2,45838.67
Mahindra,Scorpio,1989,164692,Hybrid,Manual,905,216,Second Hand,20.5,2000.0
Tata,Safari,2000,208630,Petrol,Manual,4063,627,Second Hand,33.2,2000.0
Hyundai,Elantra,1987,90376,Petrol,Manual,2263,448,Second Hand,24.5,2000.0
Nissan,Micra,2004,0,Petrol,Automatic,1388,457,Brand New,24.4,27089.99
Mercedes-Benz,E-Class,1988,0,Electric,Manual,3406,470,Brand New,19.1,53099.24
Lamborghini,Aventador,2019,41866,Petrol,Automatic,2244,483,Second Hand,34.5,210191.51
Volkswagen,Passat,2024,115042,Petrol,Automatic,2451,681,Second Hand,33.5,27959.87
Toyota,Camry,2018,0,Diesel,Automatic,4280,491,Brand New,32.9,30563.93
Toyota,RAV4,2007,0,Diesel,Automatic,3402,206,Brand New,17.5,17533.04
BMW,5 Series,2023,0,Hybrid,Manual,1629,355,Brand New,25.8,74093.02
Rolls-Royce,Ghost,2020,83783,Electric,Manual,1722,257,Second Hand,34.5,196105.62
Kia,Sonet,2011,56392,Electric,Manual,4933,428,Second Hand,33.1,8077.65
Honda,City,1993,192140,Petrol,Manual,1466,213,Second Hand,28.5,2000.0
Ferrari,Roma,2019,0,Petrol,Automatic,846,592,Brand New,33.5,201445.94
Kia,Sonet,2017,0,Diesel,Automatic,3983,294,Brand New,13.2,34635.77
Rolls-Royce,Ghost,2018,0,Diesel,Manual,1412,301,Brand New,9.3,432112.07
Hyundai,i20,1994,0,Petrol,Manual,3299,169,Brand New,32.6,11168.09
Ferrari,Roma,2001,84077,Petrol,Automatic,3718,367,Second Hand,22.9,2000.0
Land Rover,Range Rover,2020,0,Electric,Manual,4041,161,Brand New,25.3,55984.01
Ford,Figo,1999,0,Electric,Manual,3037,549,Brand New,12.7,30694.76
Toyota,Camry,1990,0,Diesel,Automatic,1654,624,Brand New,11.9,20761.25
Nissan,Micra,1991,0,Hybrid,Automatic,4940,132,Brand New,27.2,26306.63
Ferrari,488,1985,0,Petrol,Automatic,3843,552,Brand New,22.9,252009.67
Porsche,911,2009,0,Electric,Manual,4658,693,Brand New,24.8,95246.46
Mahindra,XUV500,2020,0,Diesel,Manual,4121,189,Brand New,18.3,14644.06
Nissan,Kicks,2005,98249,Petrol,Manual,4987,255,Second Hand,27.0,2000.0
Porsche,Cayenne,1993,223313,Petrol,Automatic,913,129,Second Hand,22.9,2000.0
Tesla,Model S,1986,169710,Electric,Manual,1356,501,Second Hand,11.0,2000.0
Tesla,Model Y,2006,0,Electric,Manual,3964,496,Brand New,13.8,358707.73
Porsche,Macan,2000,0,Electric,Automatic,1539,182,Brand New,8.5,77206.35
Ford,Figo,2004,176616,Hybrid,Manual,1124,476,Second Hand,10.8,2000.0
Porsche,Macan,2002,0,Diesel,Automatic,1958,314,Brand New,18.2,52019.19
Honda,Accord,2014,0,Petrol,Manual,2781,585,Brand New,25.6,13446.37
Kia,Seltos,1991,0,Petrol,Manual,3400,268,Brand New,11.9,12014.31
Tesla,Model 3,1994,0,Electric,Automatic,2430,109,Brand New,23.3,349687.85
Lamborghini,Aventador,1998,102290,Electric,Automatic,3833,109,Second Hand,23.9,10696.17
Nissan,Micra,1986,244154,Diesel,Automatic,4007,589,Second Hand,25.4,2000.0
Mahindra,XUV500,2016,227180,Electric,Automatic,4904,488,Second Hand,22.6,11281.64
Nissan,Kicks,2008,0,Hybrid,Automatic,4783,653,Brand New,11.3,16437.73
Mercedes-Benz,GLC,2019,0,Diesel,Automatic,2130,326,Brand New,12.5,101232.11
Kia,Seltos,1986,117687,Electric,Manual,4662,136,Second Hand,22.1,2000.0
Lamborghini,Aventador,2007,0,Petrol,Automatic,3496,321,Brand New,13.1,250424.89
Volkswagen,Polo,2010,226244,Hybrid,Manual,2787,691,Second Hand,32.3,2000.0
Volkswagen,Vento,1994,0,Electric,Manual,3689,136,Brand New,15.9,24169.79
Ford,Figo,2001,0,Hybrid,Manual,4993,101,Brand New,26.9,11925.97
BMW,5 Series,2018,21442,Hybrid,Automatic,2303,591,Second Hand,14.6,68477.74
Audi,A4,1997,61208,Electric,Automatic,3689,581,Second Hand,18.6,2000.0
Land Rover,Discovery,2012,0,Hybrid,Manual,3590,370,Brand New,13.1,88377.14
Lamborghini,Huracan,1990,0,Electric,Manual,4989,126,Brand New,29.3,253531.56
Ferrari,Roma,2009,0,Hybrid,Manual,4072,395,Brand New,24.0,170520.75
Toyota,RAV4,2017,207359,Petrol,Manual,1401,503,Second Hand,30.5,2000.0
Ford,Endeavour,2007,0,Petrol,Automatic,3381,157,Brand New,23.5,25726.48
Rolls-Royce,Phantom,2000,81944,Diesel,Manual,3614,389,Second Hand,13.0,2000.0
Volkswagen,Polo,1997,159192,Petrol,Manual,3278,271,Second Hand,10.9,2000.0
BMW,3 Series,1998,0,Hybrid,Automatic,1940,194,Brand New,28.6,83334.21
Nissan,Kicks,2016,237089,Petrol,Manual,1277,482,Second Hand,18.4,6899.33
Ferrari,Roma,1992,30332,Diesel,Manual,3583,492,Second Hand,32.6,2000.0
Tata,Harrier,1996,97071,Petrol,Manual,4420,197,Second Hand,17.9,2000.0
Mahindra,XUV500,1988,0,Electric,Automatic,4540,347,Brand New,8.2,11715.44
Ford,Figo,2009,0,Diesel,Automatic,4903,259,Brand New,14.5,29751.65
Audi,Q3,1990,0,Diesel,Automatic,3031,277,Brand New,30.5,94438.59
Audi,Q5,2007,158851,Diesel,Automatic,2072,692,Second Hand,10.3,2000.0
Mahindra,XUV500,2007,0,Hybrid,Manual,1234,131,Brand New,14.3,34753.74
Mahindra,Thar,2019,81218,Electric,Automatic,2458,698,Second Hand,27.9,12020.58
Volkswagen,Vento,2018,0,Hybrid,Automatic,1891,134,Brand New,8.5,15212.02
Honda,City,1987,140624,Hybrid,Automatic,3276,695,Second Hand,16.9,2000.0
Ford,Mustang,2005,156515,Electric,Manual,2417,233,Second Hand,15.7,2000.0
Ford,Mustang,2001,125301,Electric,Automatic,3066,599,Second Hand,34.0,2000.0
Mahindra,Thar,2014,0,Electric,Manual,3328,361,Brand New,26.4,29918.15
Ferrari,Roma,1996,0,Diesel,Automatic,4353,82,Brand New,17.5,113469.7
Honda,CRV,2020,60027,Diesel,Automatic,2236,567,Second Hand,23.1,23816.14
Toyota,Fortuner,2004,161097,Hybrid,Automatic,1423,522,Second Hand,24.7,5179.45
BMW,X3,2011,237153,Diesel,Automatic,1793,371,Second Hand,20.2,36328.12
Kia,Carnival,1987,223375,Hybrid,Automatic,2191,628,Second Hand,29.3,2000.0
Ferrari,Roma,2021,139267,Petrol,Automatic,2131,85,Second Hand,22.0,175387.02
Mercedes-Benz,C-Class,1995,0,Diesel,Automatic,1713,504,Brand New,28.3,81364.87
Mercedes-Benz,E-Class,1999,0,Petrol,Automatic,2959,460,Brand New,25.8,81648.39
BMW,3 Series,2012,149398,Electric,Manual,2509,513,Second Hand,12.6,13937.37
Honda,Civic,1990,0,Electric,Manual,875,359,Brand New,18.0,30642.45
Ferrari,488,1989,238329,Hybrid,Manual,3535,493,Second Hand,28.2,2000.0
Lamborghini,Aventador,2000,0,Hybrid,Automatic,2435,664,Brand New,20.8,195936.79
Audi,Q5,2001,0,Electric,Manual,1079,84,Brand New,15.8,47239.08
Toyota,Corolla,2013,42840,Petrol,Manual,4526,373,Second Hand,12.8,14235.97
Tesla,Model Y,2009,0,Hybrid,Automatic,3538,396,Brand New,11.1,265029.79
McLaren,720S,1986,0,Diesel,Automatic,2622,172,Brand New,18.8,247134.16
Rolls-Royce,Ghost,2008,210773,Hybrid,Manual,1078,261,Second Hand,11.1,22288.65
Kia,Carnival,2013,94597,Diesel,Manual,4891,275,Second Hand,24.2,4956.64
Tata,Safari,1996,0,Electric,Automatic,4875,414,Brand New,20.7,40917.28
Ferrari,Roma,2010,0,Petrol,Manual,3857,424,Brand New,26.3,264253.25
BMW,3 Series,1991,0,Petrol,Manual,4465,365,Brand New,23.2,83871.76
BMW,5 Series,2023,0,Hybrid,Manual,1475,465,Brand New,9.1,48979.9
Honda,CRV,1992,207332,Diesel,Automatic,1510,262,Second Hand,18.4,2000.0
Volvo,S60,2004,0,Diesel,Manual,2440,351,Brand New,9.1,89971.42
Tata,Nexon,2010,232653,Electric,Automatic,2549,658,Second Hand,16.9,2000.0
Toyota,Fortuner,1987,86095,Petrol,Automatic,3363,552,Second Hand,30.2,2000.0
McLaren,570S,2024,70517,Diesel,Automatic,2452,329,Second Hand,31.8,166533.1
Tesla,Model 3,2008,229987,Hybrid,Automatic,2547,116,Second Hand,22.7,26137.3
Hyundai,i20,1995,234646,Electric,Automatic,4274,91,Second Hand,12.4,2000.0
Volkswagen,Vento,2012,0,Hybrid,Manual,3700,532,Brand New,10.1,10448.13
Mercedes-Benz,E-Class,1988,15898,Hybrid,Manual,2552,226,Second Hand,20.6,2000.0
Ford,Figo,1990,0,Electric,Automatic,2948,656,Brand New,21.7,17928.05
Nissan,Magnite,1990,127062,Diesel,Automatic,3203,122,Second Hand,9.0,2000.0
Audi,Q3,1987,202109,Diesel,Automatic,1536,166,Second Hand,19.2,2000.0
Hyundai,Verna,1999,58118,Diesel,Manual,4330,374,Second Hand,32.4,2000.0
Mahindra,Scorpio,1987,0,Petrol,Manual,4569,396,Brand New,28.5,33102.18
Porsche,911,1988,158789,Hybrid,Manual,3809,96,Second Hand,14.6,2000.0
Kia,Seltos,2002,55422,Diesel,Manual,2352,350,Second Hand,32.9,2000.0
Ferrari,Roma,1994,43678,Petrol,Manual,3322,628,Second Hand,17.1,2000.0
Ford,Figo,1993,0,Hybrid,Manual,4308,469,Brand New,31.9,29654.48
Mahindra,Thar,2021,0,Electric,Manual,2538,84,Brand New,8.8,23497.99
Nissan,Micra,2008,230089,Diesel,Automatic,4127,538,Second Hand,11.9,2000.0
McLaren,720S,2007,0,Electric,Manual,1138,117,Brand New,23.2,136595.38
Tata,Nexon,2023,0,Diesel,Manual,2084,187,Brand New,8.6,22092.67
Mahindra,XUV500,2006,203418,Diesel,Manual,2974,212,Second Hand,10.3,2000.0
Volkswagen,Vento,2013,0,Diesel,Manual,969,219,Brand New,25.6,16471.37
BMW,3 Series,2007,13270,Hybrid,Manual,2042,191,Second Hand,24.9,31975.92
Toyota,Camry,2005,0,Petrol,Automatic,2335,413,Brand New,12.1,26316.18
Lamborghini,Aventador,1985,0,Hybrid,Automatic,2911,177,Brand New,22.5,276657.71
Land Rover,Discovery,2023,183462,Electric,Automatic,3642,607,Second Hand,30.4,79057.45
Kia,Seltos,2004,0,Hybrid,Manual,3552,209,Brand New,26.1,18341.45
Kia,Carnival,1987,0,Hybrid,Automatic,2924,254,Brand New,26.1,36730.83
Rolls-Royce,Ghost,1997,149962,Electric,Manual,1383,341,Second Hand,10.6,2000.0
McLaren,570S,1990,38485,Hybrid,Manual,3571,550,Second Hand,30.5,2000.0
Toyota,Corolla,2001,0,Electric,Manual,3989,480,Brand New,23.7,28388.88
Mercedes-Benz,E-Class,2003,0,Hybrid,Manual,1778,64,Brand New,21.6,60318.09
Ferrari,Roma,2006,0,Petrol,Automatic,1903,429,Brand New,11.8,380883.24
McLaren,570S,2021,0,Electric,Manual,3396,362,Brand New,24.0,215624.99
Land Rover,Range Rover,2004,204963,Petrol,Automatic,4027,233,Second Hand,15.4,2000.0
Ferrari,488,2015,68976,Diesel,Automatic,4187,508,Second Hand,17.1,154925.91
Volvo,XC40,1986,0,Electric,Automatic,3499,124,Brand New,8.3,66852.51
Ferrari,Roma,1987,0,Petrol,Automatic,1772,440,Brand New,8.5,231894.8
Audi,A6,1989,0,Hybrid,Manual,2527,512,Brand New,23.6,61988.15
Mercedes-Benz,GLC,1998,0,Electric,Manual,2202,619,Brand New,12.9,70549.79
Ferrari,Roma,2022,217207,Electric,Automatic,3104,138,Second Hand,26.8,94138.99
Mahindra,XUV500,2001,0,Diesel,Automatic,2043,345,Brand New,13.1,14373.55
Kia,Carnival,1987,0,Diesel,Manual,2513,384,Brand New,14.7,17279.96
Honda,City,1995,17371,Electric,Manual,2842,415,Second Hand,12.8,2000.0
Volvo,XC40,2000,81508,Hybrid,Manual,4280,335,Second Hand,22.9,2000.0
McLaren,570S,1986,60178,Petrol,Manual,3620,287,Second Hand,23.9,2000.0
Porsche,Cayenne,2000,0,Electric,Automatic,1840,79,Brand New,30.1,107132.44
Tata,Nexon,2012,0,Diesel,Manual,4343,410,Brand New,20.8,18291.3
Rolls-Royce,Phantom,2015,108455,Petrol,Manual,3209,391,Second Hand,13.2,126085.0
Nissan,Kicks,2021,0,Hybrid,Manual,1937,133,Brand New,18.9,13834.71
Audi,Q5,1997,0,Hybrid,Automatic,4772,438,Brand New,22.0,72466.51
Tata,Harrier,1994,116110,Petrol,Manual,854,90,Second Hand,15.5,2000.0
Mahindra,Scorpio,1991,114758,Electric,Automatic,2872,255,Second Hand,35.0,2000.0
Lamborghini,Huracan,2002,100586,Hybrid,Manual,4895,97,Second Hand,17.0,2000.0
Honda,Accord,1996,0,Hybrid,Automatic,4806,259,Brand New,27.5,38728.57
Ford,Mustang,2017,0,Hybrid,Manual,3323,347,Brand New,28.5,32034.39
Tesla,Model X,2010,0,Hybrid,Manual,1156,391,Brand New,14.6,146071.0
Mahindra,Thar,2010,0,Hybrid,Manual,962,60,Brand New,18.3,40841.87
Ford,Endeavour,1994,194872,Diesel,Automatic,4332,650,Second Hand,14.8,2000.0
Ford,Endeavour,2021,247489,Hybrid,Automatic,4332,175,Second Hand,30.7,12555.3
Volkswagen,Polo,2000,232768,Petrol,Automatic,3778,614,Second Hand,33.3,2000.0
Honda,City,2019,193254,Diesel,Automatic,2665,474,Second Hand,24.4,11802.48
McLaren,570S,2012,0,Petrol,Automatic,3012,545,Brand New,22.5,350480.63
Tata,Nexon,1993,0,Petrol,Manual,2062,105,Brand New,12.9,16306.79
Hyundai,Verna,2001,0,Electric,Automatic,4193,412,Brand New,11.1,36943.83
Audi,A4,2003,0,Hybrid,Automatic,1705,229,Brand New,33.7,100131.22
Lamborghini,Huracan,1998,224494,Diesel,Manual,1871,214,Second Hand,32.8,2000.0
BMW,3 Series,2024,0,Electric,Automatic,2305,664,Brand New,21.6,84171.01
Mercedes-Benz,GLA,2005,210575,Electric,Automatic,4043,425,Second Hand,15.8,10117.73
Toyota,RAV4,2012,0,Electric,Manual,4807,110,Brand New,25.1,17608.62
Toyota,Fortuner,1992,149264,Petrol,Automatic,4243,82,Second Hand,18.9,2000.0
Ford,Endeavour,2016,222256,Diesel,Manual,870,68,Second Hand,24.5,12779.81
Lamborghini,Huracan,1989,72701,Hybrid,Automatic,2853,563,Second Hand,10.7,2000.0
McLaren,720S,1985,0,Electric,Manual,4926,309,Brand New,30.5,236014.45
Audi,A6,2008,0,Petrol,Manual,3738,658,Brand New,16.4,93425.38
Volvo,XC40,2005,117871,Hybrid,Manual,3232,669,Second Hand,34.1,14194.21
Mahindra,Scorpio,1993,210123,Electric,Automatic,3208,579,Second Hand,15.4,2000.0
Land Rover,Discovery,1998,83242,Hybrid,Automatic,1856,338,Second Hand,10.7,2000.0
McLaren,570S,2001,0,Hybrid,Manual,1175,137,Brand New,28.7,203591.31
Mercedes-Benz,GLA,1988,0,Electric,Automatic,1087,215,Brand New,27.1,91037.29
Hyundai,Creta,1997,30497,Petrol,Automatic,1664,326,Second Hand,22.7,2000.0
Hyundai,Verna,1998,248281,Diesel,Automatic,3607,163,Second Hand,16.6,2000.0
Tata,Safari,2018,224947,Petrol,Automatic,1802,303,Second Hand,20.5,17629.98
Honda,Civic,2022,239102,Hybrid,Manual,4679,690,Second Hand,16.5,4722.61
Mahindra,Scorpio,2006,200081,Diesel,Manual,3952,524,Second Hand,15.6,2000.0
Toyota,RAV4,2008,0,Petrol,Manual,3936,534,Brand New,31.1,21426.73
Tesla,Model 3,1987,0,Diesel,Automatic,4960,603,Brand New,15.9,150127.73
Mahindra,Scorpio,2012,0,Hybrid,Automatic,3883,522,Brand New,26.8,24280.71
Mercedes-Benz,GLA,1994,5290,Petrol,Manual,2677,688,Second Hand,15.9,2000.0
BMW,X5,2009,82838,Petrol,Manual,4286,401,Second Hand,19.5,25646.16
Ford,Mustang,2024,0,Petrol,Manual,4698,282,Brand New,33.6,27933.24
Volvo,XC40,1995,156206,Electric,Manual,3154,311,Second Hand,23.5,2000.0
Kia,Sonet,1987,0,Petrol,Manual,3019,92,Brand New,13.2,11755.37
McLaren,720S,2019,0,Petrol,Automatic,2353,256,Brand New,23.9,368530.2
Volvo,XC60,2020,0,Electric,Manual,3687,603,Brand New,26.7,94378.43
Mercedes-Benz,C-Class,2020,0,Petrol,Automatic,1075,654,Brand New,19.4,70043.35
Audi,A6,2024,0,Petrol,Manual,4698,383,Brand New,20.7,84826.86
Porsche,Cayenne,2012,0,Diesel,Automatic,4538,213,Brand New,20.4,60626.91
Toyota,RAV4,2020,17441,Diesel,Manual,2496,385,Second Hand,32.3,8215.12
Ferrari,Roma,2003,0,Petrol,Manual,2764,623,Brand New,18.3,132320.17
Volkswagen,Passat,2019,0,Diesel,Manual,4841,90,Brand New,13.1,28185.81
Lamborghini,Huracan,2023,0,Electric,Manual,4476,577,Brand New,14.0,106121.63
McLaren,570S,2012,170352,Electric,Automatic,2254,342,Second Hand,11.4,70295.09
Ferrari,488,1986,0,Diesel,Automatic,3107,450,Brand New,31.3,207872.3
Toyota,Fortuner,2013,135826,Diesel,Automatic,2498,64,Second Hand,19.0,2497.16
Land Rover,Range Rover,1999,0,Petrol,Manual,1950,109,Brand New,16.8,83112.09
McLaren,570S,1997,14024,Electric,Automatic,4617,480,Second Hand,27.2,51902.82
BMW,5 Series,1990,0,Electric,Automatic,1451,220,Brand New,30.5,89065.36
Tesla,Model S,1995,78742,Diesel,Automatic,4215,219,Second Hand,24.1,2000.0
Audi,Q5,2010,0,Petrol,Manual,1644,107,Brand New,12.4,110119.5
Land Rover,Discovery,1994,0,Hybrid,Manual,846,649,Brand New,30.0,64633.74
Tesla,Model S,2021,128962,Diesel,Automatic,3467,247,Second Hand,20.4,188876.43
McLaren,570S,2014,84108,Diesel,Automatic,3684,696,Second Hand,8.7,147875.09
Land Rover,Range Rover,2021,67696,Electric,Automatic,4963,63,Second Hand,29.6,60005.03
Ford,Endeavour,2005,114075,Electric,Manual,1949,445,Second Hand,33.7,2000.0
Audi,Q5,2020,141002,Electric,Manual,3534,571,Second Hand,28.7,59056.02
Toyota,Corolla,2014,177920,Petrol,Automatic,4490,501,Second Hand,34.3,3313.58
Ferrari,Roma,2021,53841,Hybrid,Automatic,2519,687,Second Hand,19.1,145484.24
Hyundai,i20,2018,57309,Electric,Automatic,1729,410,Second Hand,31.8,8559.26
Kia,Carnival,2018,0,Petrol,Automatic,3907,622,Brand New,28.4,42027.65
Kia,Seltos,2019,0,Electric,Automatic,4126,351,Brand New,34.6,40662.75
Ferrari,488,1987,134398,Diesel,Manual,1105,92,Second Hand,14.1,2000.0
Mercedes-Benz,E-Class,1995,0,Petrol,Automatic,991,314,Brand New,28.1,47702.92
Volvo,XC40,1986,163271,Electric,Manual,3338,545,Second Hand,19.4,2000.0
BMW,5 Series,2016,0,Hybrid,Manual,3358,405,Brand New,11.9,93507.95
Tata,Nexon,2016,0,Petrol,Automatic,3867,685,Brand New,11.6,32830.53
Kia,Seltos,1995,210231,Diesel,Automatic,977,69,Second Hand,11.6,2000.0
Lamborghini,Huracan,1988,189826,Electric,Manual,3321,122,Second Hand,29.3,2000.0
McLaren,720S,2013,0,Hybrid,Manual,4288,271,Brand New,33.6,215826.72
Ferrari,Roma,2016,77864,Petrol,Manual,1829,161,Second Hand,12.0,52751.35
Ford,Endeavour,1996,0,Petrol,Manual,3630,386,Brand New,18.2,11947.43
Mercedes-Benz,E-Class,2022,213413,Petrol,Automatic,3943,633,Second Hand,11.7,71180.31
Toyota,RAV4,2004,41353,Petrol,Manual,2463,81,Second Hand,21.1,2000.0
Toyota,Camry,2016,0,Diesel,Manual,2426,560,Brand New,30.6,12144.03
Ford,Mustang,2001,0,Diesel,Automatic,4064,652,Brand New,32.5,27581.25
Rolls-Royce,Phantom,2007,173438,Hybrid,Manual,4609,429,Second Hand,19.0,26911.26
BMW,5 Series,1995,0,Electric,Manual,3044,510,Brand New,29.2,70405.33
Rolls-Royce,Ghost,1996,0,Petrol,Automatic,1533,287,Brand New,23.7,278427.12
Audi,Q5,1986,148872,Petrol,Automatic,3924,661,Second Hand,34.8,2000.0
Lamborghini,Huracan,2020,0,Diesel,Manual,2026,583,Brand New,23.8,385878.85
Hyundai,Creta,1989,0,Diesel,Manual,4080,336,Brand New,8.2,14699.35
Mahindra,Scorpio,1991,0,Electric,Automatic,3548,130,Brand New,28.1,11453.29
Nissan,Micra,2009,128220,Petrol,Automatic,1076,126,Second Hand,24.1,2000.0
Kia,Carnival,2019,161194,Hybrid,Manual,1387,383,Second Hand,15.5,2863.82
Ford,Figo,1996,34072,Hybrid,Manual,4707,62,Second Hand,11.4,2000.0
Ferrari,Roma,1991,0,Diesel,Automatic,4249,630,Brand New,26.6,214824.64
Lamborghini,Aventador,1992,20999,Diesel,Automatic,4982,140,Second Hand,23.0,2000.0
Porsche,911,2022,217529,Electric,Manual,2613,113,Second Hand,30.7,36747.95
McLaren,720S,2014,237458,Petrol,Manual,906,639,Second Hand,18.8,97671.3
Audi,Q5,2006,102168,Electric,Automatic,3896,421,Second Hand,10.3,2000.0
Honda,Civic,1991,0,Diesel,Automatic,4875,164,Brand New,20.3,31100.35
Land Rover,Range Rover,1986,0,Petrol,Automatic,3655,592,Brand New,15.6,74474.05
Ford,Endeavour,2023,181769,Diesel,Automatic,1587,203,Second Hand,14.2,12915.58
Rolls-Royce,Ghost,2014,0,Diesel,Manual,3715,254,Brand New,22.5,243239.0
Mercedes-Benz,GLA,2022,58983,Hybrid,Manual,2006,352,Second Hand,23.5,59171.47
McLaren,570S,2022,0,Hybrid,Manual,1335,427,Brand New,13.2,200321.58
Kia,Carnival,2016,0,Electric,Manual,3321,334,Brand New,31.4,14446.66
Kia,Carnival,2021,0,Petrol,Manual,4674,212,Brand New,34.5,26085.49
Honda,Accord,2023,0,Electric,Automatic,1501,98,Brand New,32.3,25356.17
Volvo,XC40,1999,187415,Petrol,Manual,1340,336,Second Hand,34.7,2000.0
Nissan,Micra,1991,68910,Electric,Automatic,4463,313,Second Hand,23.7,2000.0
BMW,X3,1999,99791,Electric,Manual,2240,541,Second Hand,25.4,2000.0
Kia,Carnival,1997,241578,Petrol,Manual,4340,133,Second Hand,10.7,2000.0
Honda,CRV,2024,26127,Electric,Automatic,3009,479,Second Hand,15.1,8230.84
Ferrari,Roma,2012,14552,Petrol,Manual,2449,331,Second Hand,12.7,93928.16
McLaren,570S,1991,117911,Hybrid,Manual,3516,358,Second Hand,23.7,2000.0
Nissan,Kicks,1999,143534,Petrol,Automatic,4263,394,Second Hand,22.0,2000.0
Nissan,Micra,2019,0,Diesel,Automatic,4420,266,Brand New,13.2,9255.86
Porsche,Macan,2012,0,Petrol,Manual,3723,354,Brand New,26.3,103445.56
McLaren,720S,2024,0,Hybrid,Automatic,4713,576,Brand New,10.9,205566.29
Land Rover,Discovery,1994,137623,Diesel,Automatic,3206,67,Second Hand,25.8,2000.0
BMW,5 Series,2024,0,Electric,Automatic,2576,306,Brand New,30.3,53809.66
Volvo,XC60,2021,0,Petrol,Manual,3190,568,Brand New,27.9,78169.31
Volvo,XC40,2001,0,Hybrid,Automatic,2422,630,Brand New,25.4,103645.45
Tesla,Model 3,1992,0,Hybrid,Automatic,1138,599,Brand New,19.5,328470.61
Toyota,RAV4,2021,0,Electric,Automatic,1208,328,Brand New,28.4,25187.07
Kia,Carnival,2000,62512,Petrol,Manual,1635,377,Second Hand,20.5,2000.0
Ford,Endeavour,2019,12429,Hybrid,Manual,972,562,Second Hand,9.5,22594.99
Nissan,Micra,1993,71077,Petrol,Manual,3978,152,Second Hand,19.0,2000.0
Nissan,Kicks,2001,243668,Hybrid,Manual,2110,664,Second Hand,19.0,2000.0
Nissan,Magnite,2020,0,Hybrid,Manual,3818,360,Brand New,16.4,13546.33
Porsche,Cayenne,2005,202898,Electric,Manual,3146,437,Second Hand,31.1,5752.76
McLaren,570S,1995,0,Hybrid,Automatic,4798,142,Brand New,16.0,299092.11
Tesla,Model 3,2016,9071,Hybrid,Manual,4700,152,Second Hand,10.1,80313.06
Mahindra,XUV500,1994,14384,Electric,Automatic,2504,479,Second Hand,28.8,2000.0
BMW,5 Series,2021,0,Petrol,Automatic,3339,319,Brand New,10.6,54351.94
Kia,Seltos,2024,207141,Petrol,Manual,2060,537,Second Hand,24.8,22607.61
Land Rover,Discovery,2011,188903,Electric,Manual,3175,149,Second Hand,26.1,14198.68
Volkswagen,Passat,2019,227875,Electric,Automatic,1857,635,Second Hand,25.1,2765.77
Porsche,Cayenne,2020,0,Diesel,Automatic,1104,338,Brand New,29.8,57317.19
Hyundai,Elantra,2012,123368,Petrol,Manual,1637,219,Second Hand,32.5,2073.74
Ferrari,488,2005,0,Diesel,Automatic,2473,347,Brand New,21.9,317117.65
Ford,Figo,1999,0,Diesel,Automatic,2466,322,Brand New,31.1,22506.39
Audi,Q3,2001,0,Petrol,Automatic,1244,404,Brand New,31.2,73165.95
BMW,3 Series,2020,182419,Electric,Manual,2101,121,Second Hand,11.0,58312.61
Rolls-Royce,Ghost,2021,0,Diesel,Automatic,4248,467,Brand New,14.7,254759.21
Land Rover,Range Rover,2019,0,Petrol,Manual,4941,287,Brand New,10.4,100379.17
Mahindra,Scorpio,1995,0,Petrol,Manual,2733,205,Brand New,20.4,14678.81
Lamborghini,Aventador,2024,94020,Petrol,Automatic,3377,325,Second Hand,19.6,340463.12
Ford,Mustang,2006,243404,Diesel,Automatic,3220,579,Second Hand,20.5,2000.0
Porsche,Cayenne,1991,51609,Petrol,Manual,4332,132,Second Hand,32.0,2000.0
Toyota,Corolla,2003,0,Petrol,Manual,4603,216,Brand New,15.2,31371.17
Mercedes-Benz,GLA,2021,0,Diesel,Automatic,2616,72,Brand New,33.3,50107.2
Ford,Endeavour,1991,55599,Hybrid,Manual,1839,399,Second Hand,15.6,2000.0
Tesla,Model X,2001,0,Petrol,Manual,4987,120,Brand New,12.9,417171.97
Land Rover,Range Rover,2014,0,Electric,Automatic,4454,563,Brand New,16.4,63751.46
Honda,City,2003,29851,Electric,Manual,2990,418,Second Hand,25.3,2000.0
Rolls-Royce,Ghost,2014,27930,Petrol,Automatic,2059,76,Second Hand,22.6,69304.91
Porsche,Macan,1986,0,Hybrid,Manual,3520,276,Brand New,33.5,86236.36
Volvo,XC60,1988,123105,Petrol,Automatic,3662,255,Second Hand,19.4,2000.0
Nissan,Kicks,2009,0,Petrol,Automatic,836,241,Brand New,31.2,14474.29
Nissan,Magnite,2011,0,Electric,Automatic,3906,463,Brand New,15.4,19609.46
BMW,3 Series,1992,0,Hybrid,Manual,2271,418,Brand New,8.9,61002.47
Rolls-Royce,Phantom,2003,222848,Diesel,Manual,1282,502,Second Hand,12.5,15004.65
Rolls-Royce,Phantom,2007,28369,Electric,Automatic,2792,438,Second Hand,17.5,32640.95
Mahindra,Thar,2005,0,Petrol,Manual,3340,430,Brand New,15.0,13961.48
Lamborghini,Aventador,2015,214307,Electric,Automatic,3968,539,Second Hand,13.3,180360.84
Volvo,XC60,2023,15753,Hybrid,Manual,2167,532,Second Hand,31.3,43422.11
Nissan,Kicks,2002,153160,Diesel,Automatic,1315,646,Second Hand,31.1,2000.0
McLaren,570S,2022,0,Electric,Automatic,1232,127,Brand New,14.8,362543.78
Mercedes-Benz,C-Class,2012,119472,Electric,Automatic,3644,526,Second Hand,27.6,39157.63
Nissan,Magnite,2017,192130,Petrol,Automatic,4447,455,Second Hand,10.2,8343.79
Lamborghini,Huracan,2022,18312,Hybrid,Manual,4269,287,Second Hand,16.3,229870.92
Kia,Carnival,2017,63161,Diesel,Manual,1209,283,Second Hand,9.0,14638.1
Hyundai,i20,2015,180997,Electric,Automatic,3010,353,Second Hand,12.3,4022.96
Audi,A4,1999,0,Electric,Manual,2199,466,Brand New,14.0,57414.32
Honda,Civic,2014,0,Diesel,Manual,837,343,Brand New,34.3,9432.76
Audi,Q5,2009,65921,Hybrid,Automatic,3407,406,Second Hand,28.8,2000.0
Nissan,Micra,1987,147611,Petrol,Automatic,806,298,Second Hand,10.3,2000.0
Porsche,Macan,2011,0,Hybrid,Automatic,4615,585,Brand New,20.9,54563.73
Lamborghini,Huracan,1996,0,Diesel,Manual,4113,502,Brand New,19.3,314564.54
Honda,Civic,2024,132251,Petrol,Manual,4284,469,Second Hand,17.1,19039.61
Honda,Civic,2003,0,Diesel,Manual,1169,123,Brand New,33.6,28648.49
Tata,Harrier,2016,0,Hybrid,Manual,4560,505,Brand New,32.2,14005.81
Ford,Mustang,2009,81185,Petrol,Manual,4116,653,Second Hand,18.1,2000.0
Porsche,Cayenne,2021,141409,Petrol,Automatic,3438,508,Second Hand,22.8,64539.89
BMW,X5,1991,0,Petrol,Automatic,3495,381,Brand New,20.9,53129.63
Porsche,911,2008,219785,Diesel,Manual,2227,565,Second Hand,34.7,17457.19
Porsche,Macan,1986,94315,Diesel,Automatic,3619,530,Second Hand,20.5,2000.0
Audi,Q5,1986,198653,Electric,Manual,2831,282,Second Hand,31.2,2000.0
McLaren,570S,2010,140994,Diesel,Automatic,1726,692,Second Hand,29.5,42115.43
Lamborghini,Aventador,1989,77204,Electric,Manual,1596,360,Second Hand,33.5,2000.0
BMW,5 Series,1991,0,Petrol,Manual,3088,459,Brand New,34.6,64660.8
Volvo,S60,2004,128408,Electric,Manual,2153,514,Second Hand,19.1,2000.0
Volkswagen,Passat,2020,208008,Hybrid,Manual,4369,542,Second Hand,8.2,10945.1
Kia,Sonet,2019,0,Hybrid,Automatic,1466,142,Brand New,9.1,31084.49
Honda,Accord,2022,0,Diesel,Manual,1052,75,Brand New,20.4,12717.3
Volvo,S60,1995,78512,Diesel,Manual,1482,474,Second Hand,30.2,2000.0
Lamborghini,Aventador,2004,0,Petrol,Automatic,2417,213,Brand New,25.0,200146.23
Volkswagen,Polo,2018,0,Diesel,Manual,1284,162,Brand New,13.0,30210.56
Tesla,Model X,2020,213389,Diesel,Manual,2145,99,Second Hand,11.9,137169.43
Toyota,Corolla,1985,28347,Petrol,Manual,1314,499,Second Hand,17.3,2000.0
Porsche,Macan,2005,72756,Electric,Manual,4146,195,Second Hand,17.5,2000.0
Volkswagen,Passat,2017,0,Hybrid,Automatic,3015,60,Brand New,25.9,37691.68
Mahindra,Scorpio,2018,97742,Diesel,Manual,2205,66,Second Hand,33.1,14931.58
Ferrari,Roma,1998,0,Petrol,Manual,4623,678,Brand New,24.4,301651.76
Audi,A4,2014,0,Diesel,Manual,1486,229,Brand New,12.5,47222.72
Nissan,Magnite,2007,228902,Electric,Automatic,4488,65,Second Hand,20.2,4344.93
Land Rover,Range Rover,1989,42341,Diesel,Automatic,2752,103,Second Hand,10.2,2000.0
Ford,Figo,1988,233851,Electric,Manual,4896,664,Second Hand,27.8,2000.0
Kia,Sonet,2009,0,Diesel,Manual,2110,212,Brand New,27.0,21253.27
Toyota,RAV4,2012,199121,Diesel,Manual,1261,570,Second Hand,31.7,2000.0
Porsche,Macan,1989,0,Diesel,Automatic,4222,68,Brand New,24.5,71181.64
Mahindra,XUV500,1990,0,Electric,Automatic,1653,451,Brand New,18.2,15994.1
Ford,Mustang,1996,20041,Petrol,Automatic,1047,338,Second Hand,30.6,2000.0
Mercedes-Benz,C-Class,2003,0,Petrol,Automatic,4453,72,Brand New,18.1,55575.5
Tesla,Model Y,2021,115447,Petrol,Manual,3200,78,Second Hand,27.9,83813.76
Hyundai,Elantra,1994,0,Petrol,Manual,4326,613,Brand New,32.1,25576.25
McLaren,720S,2017,0,Hybrid,Manual,3634,561,Brand New,16.8,370457.39
Tata,Safari,1993,0,Petrol,Automatic,3332,640,Brand New,18.4,38843.07
Ferrari,488,2020,0,Diesel,Automatic,2373,288,Brand New,8.3,218382.93
BMW,X5,1993,0,Hybrid,Automatic,1524,657,Brand New,20.9,100649.93
Lamborghini,Huracan,1999,246941,Diesel,Manual,3733,697,Second Hand,19.3,2000.0
Volvo,XC60,1998,146103,Hybrid,Manual,1134,212,Second Hand,16.8,9516.08
Porsche,911,1997,136860,Diesel,Manual,1942,180,Second Hand,21.8,2000.0
Volkswagen,Passat,1989,0,Hybrid,Manual,1147,304,Brand New,9.5,29062.0
Kia,Sonet,2010,0,Petrol,Manual,4173,426,Brand New,8.8,21345.39
BMW,3 Series,1992,5618,Electric,Automatic,3004,411,Second Hand,16.9,2000.0
BMW,3 Series,2010,189723,Hybrid,Automatic,2120,185,Second Hand,29.2,25757.77
Lamborghini,Aventador,2020,76259,Diesel,Automatic,1234,439,Second Hand,26.2,174019.98
Nissan,Kicks,1989,0,Petrol,Automatic,1773,265,Brand New,28.4,32836.07
Ferrari,Roma,1998,70480,Petrol,Automatic,3030,552,Second Hand,16.6,2000.0
Mahindra,Thar,2019,193663,Petrol,Automatic,3377,582,Second Hand,25.4,7938.8
BMW,X5,2010,144588,Hybrid,Automatic,908,572,Second Hand,33.3,16883.28
Honda,Accord,2005,173113,Petrol,Manual,4312,371,Second Hand,22.8,2000.0
Toyota,RAV4,1994,176482,Hybrid,Automatic,4875,448,Second Hand,32.6,2000.0
Toyota,Camry,2005,58838,Diesel,Automatic,2781,614,Second Hand,30.4,5719.19
Ferrari,Roma,1997,0,Hybrid,Automatic,4440,539,Brand New,8.0,306109.01
McLaren,570S,1988,0,Hybrid,Manual,3266,484,Brand New,23.9,434645.4
Volkswagen,Polo,1993,99109,Hybrid,Automatic,2269,68,Second Hand,24.4,2000.0
Land Rover,Discovery,2018,0,Diesel,Manual,2400,233,Brand New,16.1,60435.75
Volkswagen,Polo,2023,205903,Hybrid,Automatic,1477,140,Second Hand,28.2,14049.3
Ford,Figo,1991,215017,Electric,Automatic,4999,445,Second Hand,26.4,2000.0
Porsche,Cayenne,2000,208913,Petrol,Manual,4789,563,Second Hand,11.6,2000.0
Tata,Safari,1998,0,Petrol,Automatic,4695,527,Brand New,24.6,34155.28
Volkswagen,Passat,2009,89927,Electric,Manual,3169,641,Second Hand,32.4,7770.44
BMW,X3,1986,0,Electric,Manual,1696,610,Brand New,16.3,71086.64
Land Rover,Discovery,1997,61419,Electric,Automatic,3784,436,Second Hand,24.1,2000.0
Lamborghini,Huracan,2014,0,Hybrid,Automatic,1623,693,Brand New,25.7,119496.75
Kia,Seltos,2016,114538,Petrol,Automatic,3467,190,Second Hand,17.3,4447.9
McLaren,720S,2006,0,Petrol,Automatic,4615,82,Brand New,8.7,277763.4
Toyota,Corolla,1992,0,Diesel,Manual,3449,211,Brand New,10.9,10555.4
Mercedes-Benz,C-Class,2007,194545,Electric,Manual,1507,387,Second Hand,10.4,2000.0
Ferrari,Roma,1987,147581,Diesel,Manual,3737,644,Second Hand,8.5,2000.0
Tesla,Model X,2024,0,Hybrid,Manual,4189,677,Brand New,31.9,138539.46
Mahindra,Thar,1985,0,Diesel,Manual,3060,194,Brand New,16.7,9700.77
Land Rover,Range Rover,1989,218731,Electric,Automatic,4815,137,Second Hand,19.5,2000.0
McLaren,720S,1990,46732,Diesel,Automatic,3575,521,Second Hand,23.4,2000.0
Land Rover,Discovery,2021,177005,Electric,Manual,2744,262,Second Hand,31.3,52002.04
Rolls-Royce,Phantom,1992,179259,Electric,Automatic,1003,233,Second Hand,26.1,2000.0
Mercedes-Benz,E-Class,2011,83896,Hybrid,Automatic,2127,212,Second Hand,18.4,42060.19
Audi,A4,2022,0,Diesel,Manual,1760,75,Brand New,29.3,71929.18
Porsche,Cayenne,1995,82725,Electric,Manual,3548,190,Second Hand,14.0,5223.87
Rolls-Royce,Phantom,1998,0,Petrol,Manual,3665,134,Brand New,8.5,317618.6
Hyundai,i20,2014,41523,Diesel,Manual,1385,353,Second Hand,21.8,3058.43
BMW,X3,2012,63675,Petrol,Automatic,3292,167,Second Hand,27.2,43814.07
Ferrari,Roma,1998,0,Hybrid,Manual,4264,453,Brand New,22.0,176971.18
Toyota,Fortuner,2002,177247,Electric,Automatic,2505,130,Second Hand,8.6,2000.0
Lamborghini,Huracan,2015,0,Hybrid,Manual,2908,419,Brand New,13.8,219701.43
Ford,Mustang,1987,108775,Petrol,Manual,3447,210,Second Hand,11.9,2000.0
Nissan,Micra,2013,0,Diesel,Manual,1129,519,Brand New,32.5,24579.32
BMW,X3,2006,29438,Hybrid,Manual,3755,324,Second Hand,12.5,3217.35
Kia,Seltos,2023,0,Hybrid,Automatic,1870,430,Brand New,21.8,16336.43
Ferrari,488,2012,0,Diesel,Manual,2019,381,Brand New,13.9,249727.26
McLaren,570S,2019,0,Hybrid,Manual,3861,680,Brand New,32.8,183291.24
Ferrari,488,1993,0,Hybrid,Automatic,1899,674,Brand New,24.5,194965.17
Tesla,Model 3,1985,219664,Petrol,Automatic,1812,617,Second Hand,31.6,2000.0
Tata,Harrier,2002,203409,Hybrid,Manual,1362,589,Second Hand,12.9,2000.0
Tata,Safari,1993,0,Petrol,Automatic,4291,578,Brand New,30.6,28887.34
Kia,Sonet,2015,57822,Hybrid,Manual,4731,463,Second Hand,24.4,7767.72
Volkswagen,Polo,2003,0,Diesel,Manual,3822,577,Brand New,15.2,15501.44
Volkswagen,Polo,2010,177589,Hybrid,Manual,2267,131,Second Hand,18.8,2000.0
Mercedes-Benz,C-Class,2005,240884,Hybrid,Manual,4476,397,Second Hand,16.2,2000.0
Ford,Endeavour,1996,13978,Petrol,Manual,3169,574,Second Hand,30.1,2000.0
Volvo,XC60,1995,212723,Petrol,Manual,2579,267,Second Hand,32.9,2000.0
Ferrari,Roma,1998,0,Petrol,Automatic,1212,385,Brand New,14.9,221529.39
Tesla,Model X,1995,0,Electric,Automatic,3518,605,Brand New,14.6,273853.31
Tesla,Model X,1998,207331,Electric,Automatic,1661,362,Second Hand,27.3,20297.84
Rolls-Royce,Ghost,2005,0,Hybrid,Automatic,4546,325,Brand New,21.1,295747.74
Rolls-Royce,Ghost,1985,221785,Hybrid,Automatic,4386,630,Second Hand,33.5,2000.0
Kia,Carnival,2015,0,Hybrid,Automatic,1846,660,Brand New,12.9,11501.75
Tata,Nexon,1989,0,Diesel,Automatic,4430,310,Brand New,26.2,10495.95
Porsche,Macan,1994,122267,Diesel,Manual,1678,309,Second Hand,29.6,2000.0
Hyundai,i20,2013,0,Petrol,Manual,4902,221,Brand New,19.5,13835.59
Nissan,Kicks,2012,0,Electric,Automatic,4983,173,Brand New,25.9,32323.08
Honda,CRV,2022,174469,Diesel,Manual,1301,577,Second Hand,26.8,20543.45
BMW,X5,2022,187358,Hybrid,Automatic,2321,373,Second Hand,22.1,36032.99
Volkswagen,Vento,1997,0,Electric,Automatic,4155,486,Brand New,28.3,31195.52
Tata,Safari,2022,0,Hybrid,Manual,3278,343,Brand New,18.4,22974.08
BMW,3 Series,2007,169123,Electric,Manual,4110,308,Second Hand,31.8,6320.58
Volkswagen,Polo,2011,0,Petrol,Automatic,4067,694,Brand New,19.7,20315.57
Land Rover,Discovery,2006,247798,Electric,Automatic,3756,555,Second Hand,10.4,6188.92
Nissan,Micra,2017,0,Petrol,Automatic,3681,264,Brand New,32.7,29786.92
Volvo,S60,1995,87605,Petrol,Manual,3109,572,Second Hand,18.5,2000.0
Land Rover,Range Rover,1987,203063,Diesel,Manual,4556,672,Second Hand,26.9,2000.0
McLaren,720S,2005,0,Diesel,Manual,3633,407,Brand New,9.3,385645.55
McLaren,720S,2020,0,Hybrid,Manual,1281,291,Brand New,12.9,228792.82
Lamborghini,Huracan,1989,0,Hybrid,Manual,2950,228,Brand New,15.0,126986.88
McLaren,570S,1986,115118,Hybrid,Automatic,880,473,Second Hand,14.7,2000.0
Ferrari,488,1989,174892,Electric,Manual,2350,231,Second Hand,24.4,2000.0
Kia,Sonet,1994,0,Diesel,Manual,2454,447,Brand New,25.2,11530.3
Audi,A4,2003,0,Diesel,Automatic,3651,478,Brand New,27.0,55426.44
Land Rover,Range Rover,1991,58977,Petrol,Automatic,2080,616,Second Hand,26.2,2000.0
Audi,Q5,2007,122766,Petrol,Manual,3025,364,Second Hand,15.8,11250.62
Ferrari,488,2005,71911,Petrol,Manual,1258,387,Second Hand,32.0,2000.0
Tata,Harrier,2009,243967,Electric,Manual,2566,537,Second Hand,31.3,3746.89
Ferrari,Roma,2006,0,Hybrid,Manual,4855,450,Brand New,18.6,423540.28
Land Rover,Discovery,1985,88008,Electric,Automatic,2680,327,Second Hand,34.1,2000.0
Volvo,XC60,1989,151039,Electric,Automatic,2127,309,Second Hand,26.3,2000.0
Porsche,Cayenne,1988,0,Electric,Manual,2600,662,Brand New,32.8,88235.07
McLaren,720S,2022,203586,Hybrid,Manual,2634,690,Second Hand,24.8,257560.22
Land Rover,Range Rover,2015,234179,Hybrid,Manual,1603,150,Second Hand,29.7,17231.32
Mahindra,Scorpio,1995,0,Petrol,Manual,4585,319,Brand New,18.5,15993.61
Tesla,Model S,1998,44477,Electric,Manual,1503,427,Second Hand,29.0,2000.0
Rolls-Royce,Phantom,2000,0,Electric,Automatic,1513,608,Brand New,24.8,105317.69
Toyota,Camry,2009,228408,Hybrid,Manual,3710,377,Second Hand,28.7,2000.0
Honda,Accord,1995,0,Hybrid,Automatic,1384,220,Brand New,19.7,26138.71
Volvo,XC60,2010,0,Petrol,Manual,3945,668,Brand New,22.7,105207.37
Tesla,Model Y,2020,200095,Electric,Automatic,4611,503,Second Hand,9.1,240676.36
Nissan,Micra,2005,149584,Hybrid,Automatic,4052,466,Second Hand,19.5,2000.0
Ford,Figo,2006,128770,Electric,Automatic,1927,306,Second Hand,19.9,8414.22
Volkswagen,Polo,2003,180850,Hybrid,Manual,2618,681,Second Hand,34.6,2000.0
Rolls-Royce,Ghost,2022,235591,Hybrid,Automatic,4724,326,Second Hand,19.6,189915.4
Honda,Accord,2001,78442,Petrol,Manual,4090,514,Second Hand,29.4,2000.0
BMW,X5,2016,0,Petrol,Automatic,2696,329,Brand New,16.6,65451.44
Hyundai,Creta,1992,231746,Electric,Automatic,2359,159,Second Hand,13.5,2000.0
Toyota,Fortuner,1997,0,Hybrid,Manual,2580,156,Brand New,29.6,10368.7
Porsche,911,2020,0,Petrol,Automatic,4423,604,Brand New,21.4,61728.48
McLaren,570S,1988,0,Diesel,Automatic,1562,209,Brand New,11.9,135814.52
Nissan,Micra,2008,110545,Electric,Manual,1289,656,Second Hand,8.7,10389.22
Toyota,Camry,2014,0,Petrol,Manual,3572,322,Brand New,18.4,27693.99
Ferrari,Roma,1991,168578,Diesel,Manual,878,450,Second Hand,28.4,2000.0
Kia,Carnival,1991,34925,Petrol,Manual,3230,687,Second Hand,15.6,2000.0
Lamborghini,Aventador,1989,0,Electric,Manual,3056,547,Brand New,17.5,107936.08
Ford,Endeavour,2020,15881,Electric,Automatic,1023,565,Second Hand,22.7,17022.39
Porsche,911,2018,94068,Diesel,Manual,1928,584,Second Hand,11.5,26168.89
BMW,3 Series,1995,163249,Hybrid,Manual,3703,683,Second Hand,28.3,2000.0
Land Rover,Range Rover,1990,0,Petrol,Automatic,3767,194,Brand New,14.5,99634.39
Lamborghini,Aventador,1985,0,Petrol,Manual,2425,256,Brand New,32.8,197532.56
Ferrari,Roma,1985,0,Diesel,Manual,3931,483,Brand New,31.5,199375.57
Tesla,Model Y,1988,43755,Diesel,Manual,1766,92,Second Hand,34.6,2000.0
Audi,Q5,2002,0,Hybrid,Manual,2586,276,Brand New,34.3,60159.66
Land Rover,Range Rover,1988,0,Hybrid,Manual,3927,515,Brand New,20.9,51198.6
Land Rover,Range Rover,2018,224722,Petrol,Manual,4227,500,Second Hand,8.6,38087.58
Mahindra,XUV500,2001,0,Diesel,Manual,3921,127,Brand New,8.0,21011.57
McLaren,570S,2022,79887,Electric,Automatic,2558,698,Second Hand,15.7,308205.5
Nissan,Micra,1989,0,Electric,Manual,3755,490,Brand New,21.4,12235.35
Toyota,Camry,2017,236266,Diesel,Automatic,4525,699,Second Hand,32.6,11508.01
Audi,A4,2023,121064,Electric,Manual,1996,619,Second Hand,31.4,70666.2
Lamborghini,Aventador,2011,0,Petrol,Automatic,900,313,Brand New,10.1,128065.86
Honda,Accord,2005,0,Electric,Automatic,4220,423,Brand New,33.3,32044.79
McLaren,720S,1986,11414,Hybrid,Manual,2250,230,Second Hand,12.9,2000.0
Honda,CRV,1991,194140,Electric,Automatic,4093,188,Second Hand,26.3,2000.0
Rolls-Royce,Phantom,2020,0,Diesel,Automatic,4333,170,Brand New,18.3,334828.56
Volvo,XC40,2007,146051,Hybrid,Automatic,1073,238,Second Hand,33.9,12915.2
Mahindra,Scorpio,1989,27287,Electric,Automatic,3963,352,Second Hand,9.2,2000.0
Porsche,Cayenne,1986,0,Hybrid,Manual,2163,224,Brand New,31.2,68139.92
Land Rover,Range Rover,2008,0,Hybrid,Manual,3262,275,Brand New,28.4,105133.92
Land Rover,Discovery,1997,0,Diesel,Manual,2695,535,Brand New,23.9,94893.46
Volkswagen,Vento,2014,0,Diesel,Manual,2770,489,Brand New,18.0,36699.35
Audi,A4,2006,100394,Diesel,Automatic,1747,142,Second Hand,30.1,4517.73
Lamborghini,Aventador,2017,173419,Diesel,Automatic,2600,292,Second Hand,30.5,149540.15
Porsche,911,2020,36996,Petrol,Manual,3345,689,Second Hand,8.9,36247.44
Tesla,Model S,2019,145755,Diesel,Automatic,3226,690,Second Hand,23.8,141873.27
Porsche,Cayenne,2004,0,Petrol,Manual,2705,427,Brand New,12.9,57896.4
Honda,Accord,1993,0,Diesel,Manual,1097,532,Brand New,11.5,12332.23
Lamborghini,Huracan,2023,136852,Petrol,Automatic,4179,75,Second Hand,30.4,321235.49
Lamborghini,Huracan,2009,0,Petrol,Manual,2235,263,Brand New,12.9,141411.32
Volkswagen,Passat,1994,41554,Hybrid,Automatic,1031,436,Second Hand,27.9,2000.0
BMW,X5,2014,0,Diesel,Manual,2898,574,Brand New,14.8,58752.35
Rolls-Royce,Phantom,1992,0,Electric,Manual,2754,229,Brand New,31.6,188577.59
Toyota,Camry,2016,105203,Diesel,Automatic,3898,578,Second Hand,26.3,13287.63
Volvo,XC40,1988,46327,Hybrid,Automatic,4213,264,Second Hand,20.2,2000.0
McLaren,720S,1998,0,Diesel,Manual,1822,294,Brand New,10.9,244481.74
McLaren,720S,1989,198094,Diesel,Manual,2153,543,Second Hand,14.5,2000.0
Volkswagen,Passat,2012,238733,Petrol,Manual,1557,154,Second Hand,8.7,13716.15
Volkswagen,Passat,1992,125737,Electric,Manual,1046,222,Second Hand,15.5,2000.0
McLaren,570S,1996,0,Petrol,Automatic,4825,523,Brand New,21.3,141724.86
Kia,Seltos,2005,0,Hybrid,Manual,3604,322,Brand New,33.2,30441.08
Toyota,Fortuner,1990,0,Petrol,Automatic,4467,558,Brand New,30.2,24748.35
Volvo,S60,1999,0,Diesel,Manual,2448,592,Brand New,12.5,97016.83
Hyundai,Creta,2012,0,Hybrid,Automatic,2075,649,Brand New,34.6,11864.12
Volkswagen,Vento,2006,102359,Hybrid,Manual,3359,180,Second Hand,33.1,2578.84
Tesla,Model 3,1988,157428,Diesel,Manual,1404,594,Second Hand,20.4,2000.0
Ford,Figo,1990,0,Electric,Automatic,4279,552,Brand New,11.1,9035.13
Lamborghini,Huracan,2008,91014,Petrol,Manual,2561,82,Second Hand,29.9,28089.39
Tesla,Model X,2022,0,Electric,Automatic,4248,162,Brand New,21.2,212732.78
Toyota,Fortuner,2016,178041,Petrol,Automatic,3532,116,Second Hand,17.7,2000.0
Honda,CRV,2020,0,Hybrid,Automatic,1248,240,Brand New,9.7,35947.94
Ford,Figo,2006,0,Hybrid,Automatic,4501,389,Brand New,27.3,27080.76
Land Rover,Discovery,1985,69448,Hybrid,Manual,2378,270,Second Hand,18.5,2000.0
Kia,Carnival,2010,0,Hybrid,Manual,4901,160,Brand New,12.1,30074.59
Tata,Nexon,2008,0,Electric,Automatic,2091,133,Brand New,26.4,23434.74
Kia,Carnival,2014,0,Electric,Manual,5000,400,Brand New,31.0,29132.01
McLaren,570S,1988,176445,Diesel,Automatic,4721,700,Second Hand,9.2,2000.0
Nissan,Kicks,2022,215927,Diesel,Automatic,2658,478,Second Hand,12.0,9559.52
Land Rover,Discovery,1996,78040,Hybrid,Manual,4488,85,Second Hand,18.9,2000.0
Tesla,Model X,1998,0,Electric,Manual,4501,276,Brand New,13.2,309830.62
Volkswagen,Polo,1987,0,Petrol,Automatic,3208,342,Brand New,25.8,10492.12
Tata,Safari,2022,21596,Hybrid,Automatic,4923,199,Second Hand,10.7,26248.36
Nissan,Micra,2006,0,Petrol,Manual,3476,652,Brand New,20.6,25056.92
Ferrari,Roma,2012,129343,Electric,Automatic,4398,662,Second Hand,19.8,91236.51
Kia,Seltos,2015,42923,Petrol,Manual,3566,636,Second Hand,34.4,11479.92
Toyota,Corolla,2024,0,Petrol,Automatic,1248,601,Brand New,19.2,16778.73
Volkswagen,Polo,2007,32238,Diesel,Automatic,2706,61,Second Hand,20.0,3789.62
Nissan,Micra,2004,124189,Hybrid,Manual,905,447,Second Hand,32.3,2000.0
Tesla,Model X,2017,0,Diesel,Manual,3951,501,Brand New,29.2,288346.91
Audi,A4,1998,0,Electric,Manual,3626,615,Brand New,26.2,63121.3
Lamborghini,Aventador,2006,0,Electric,Automatic,2288,178,Brand New,13.8,374802.41
Nissan,Magnite,2021,0,Petrol,Manual,3175,682,Brand New,24.0,22105.85
BMW,X3,1989,0,Petrol,Automatic,2834,192,Brand New,11.3,57205.2
BMW,X5,2003,47826,Diesel,Automatic,4174,547,Second Hand,27.9,2000.0
Lamborghini,Huracan,2017,0,Diesel,Manual,1690,478,Brand New,8.5,445821.55
Kia,Carnival,2007,30600,Diesel,Automatic,1552,610,Second Hand,29.1,8753.38
Rolls-Royce,Ghost,1985,234861,Electric,Automatic,1662,565,Second Hand,28.1,2000.0
Tata,Safari,2019,0,Petrol,Automatic,2226,258,Brand New,23.3,18085.26
Hyundai,i20,2019,0,Diesel,Manual,4515,549,Brand New,12.7,26307.34
Mahindra,Thar,2005,0,Hybrid,Automatic,4611,76,Brand New,29.0,38988.43
Lamborghini,Aventador,2023,160031,Hybrid,Automatic,2395,609,Second Hand,30.7,170692.43
Land Rover,Range Rover,2013,0,Petrol,Manual,3261,663,Brand New,17.9,79328.06
Toyota,Corolla,2010,230178,Petrol,Automatic,3639,417,Second Hand,14.4,2000.0
Lamborghini,Huracan,2012,47859,Petrol,Automatic,2723,191,Second Hand,23.9,170205.25
Mahindra,Thar,2008,71544,Electric,Automatic,4644,455,Second Hand,13.7,2000.0
Porsche,911,1997,144311,Petrol,Manual,1332,513,Second Hand,18.6,2000.0
Tata,Harrier,2014,0,Diesel,Automatic,1505,689,Brand New,28.5,33495.59
Mercedes-Benz,GLC,1998,234947,Hybrid,Automatic,2486,401,Second Hand,19.4,2000.0
Ferrari,488,2001,11024,Hybrid,Manual,2617,320,Second Hand,15.9,2000.0
Audi,A4,2004,203288,Diesel,Automatic,1243,627,Second Hand,28.7,11582.22
Hyundai,i20,2002,167405,Diesel,Automatic,1902,489,Second Hand,25.0,2000.0
Rolls-Royce,Ghost,1996,159470,Electric,Manual,3692,238,Second Hand,32.3,2000.0
Volkswagen,Vento,1998,0,Diesel,Manual,4886,389,Brand New,31.9,30035.09
Tata,Nexon,1990,159073,Electric,Manual,2610,657,Second Hand,14.1,2000.0
Ford,Mustang,2001,0,Diesel,Manual,2732,544,Brand New,16.6,34202.96
Ferrari,488,2021,0,Petrol,Automatic,4488,208,Brand New,29.5,224623.8
Honda,Civic,2021,122847,Diesel,Manual,1288,425,Second Hand,18.4,5012.31
McLaren,570S,1998,0,Hybrid,Automatic,3654,680,Brand New,17.7,323226.36
Hyundai,Elantra,2016,0,Hybrid,Automatic,4895,197,Brand New,19.5,21249.47
Volkswagen,Polo,1993,0,Hybrid,Manual,2639,498,Brand New,26.4,36324.44
Audi,Q5,2015,0,Diesel,Automatic,4274,374,Brand New,21.2,71987.39
Audi,A4,2022,0,Diesel,Manual,2719,370,Brand New,24.5,50864.66
Audi,Q3,2011,224302,Petrol,Manual,4041,570,Second Hand,34.3,2000.0
Ford,Figo,2016,0,Electric,Manual,2037,470,Brand New,9.5,20705.98
Audi,A6,1985,174075,Petrol,Automatic,913,553,Second Hand,26.3,2000.0
Mahindra,XUV500,2019,55270,Diesel,Automatic,2345,447,Second Hand,8.2,14973.92
Tata,Safari,2000,201013,Petrol,Automatic,1017,183,Second Hand,17.8,2000.0
Tata,Harrier,1998,0,Electric,Manual,3854,557,Brand New,27.8,11488.84
Honda,CRV,2021,164248,Hybrid,Automatic,4317,321,Second Hand,35.0,2000.0
Toyota,RAV4,1991,0,Electric,Manual,3346,690,Brand New,34.7,26477.76
Mercedes-Benz,E-Class,2020,79944,Diesel,Automatic,2031,682,Second Hand,21.5,29547.68
Ferrari,Roma,2014,0,Petrol,Manual,4952,473,Brand New,19.8,150726.36
BMW,5 Series,1997,127649,Petrol,Automatic,3077,168,Second Hand,12.0,2000.0
Mahindra,XUV500,2022,0,Petrol,Automatic,1183,88,Brand New,22.7,33583.89
Land Rover,Discovery,1991,153543,Diesel,Automatic,2574,331,Second Hand,34.9,2000.0
Tata,Safari,2023,0,Electric,Manual,2840,473,Brand New,33.9,43013.89
Lamborghini,Huracan,1986,0,Diesel,Automatic,4634,63,Brand New,8.4,294377.72
McLaren,720S,2015,0,Electric,Automatic,1448,412,Brand New,9.1,297359.49
Tata,Nexon,2010,0,Hybrid,Manual,3408,259,Brand New,20.2,34135.23
BMW,X5,1988,0,Diesel,Automatic,4075,355,Brand New,22.0,55233.71
Lamborghini,Huracan,2007,219747,Diesel,Automatic,1950,299,Second Hand,17.8,2000.0
Volvo,XC40,2004,189465,Electric,Manual,3234,109,Second Hand,10.0,2000.0
Toyota,RAV4,2001,179129,Hybrid,Manual,4082,586,Second Hand,9.4,2000.0
Nissan,Kicks,2001,66650,Electric,Automatic,4077,142,Second Hand,25.5,2000.0
Ford,Endeavour,2016,0,Electric,Automatic,1552,413,Brand New,11.4,43744.14
Kia,Sonet,1993,0,Diesel,Manual,2639,522,Brand New,8.3,33447.9
Land Rover,Range Rover,1989,186210,Hybrid,Automatic,3069,489,Second Hand,13.2,2000.0
Volvo,XC40,2020,0,Petrol,Manual,1838,379,Brand New,25.0,88899.09
Audi,Q5,2008,77825,Electric,Manual,4718,263,Second Hand,19.9,8449.54
Nissan,Kicks,2004,0,Petrol,Manual,3318,284,Brand New,23.2,25589.4
Volvo,S60,2010,176098,Diesel,Automatic,2974,227,Second Hand,15.9,25060.29
Kia,Seltos,2012,0,Hybrid,Manual,3439,515,Brand New,9.2,23127.92
Rolls-Royce,Ghost,2015,150570,Hybrid,Manual,1944,130,Second Hand,22.1,106180.22
Honda,Accord,2017,0,Hybrid,Manual,1514,665,Brand New,28.1,21475.29
Audi,A6,2024,52926,Electric,Manual,2187,524,Second Hand,29.6,42905.18
Lamborghini,Huracan,1997,16720,Petrol,Manual,4359,468,Second Hand,9.5,2000.0
Ford,Endeavour,1988,0,Hybrid,Automatic,1991,440,Brand New,29.1,21531.87
Honda,CRV,2010,0,Hybrid,Automatic,3923,395,Brand New,33.2,24637.37
Nissan,Micra,1985,45814,Diesel,Automatic,1455,423,Second Hand,22.2,2000.0
Volkswagen,Polo,2012,83501,Petrol,Manual,2248,304,Second Hand,8.4,6974.67
Honda,City,1997,20100,Petrol,Automatic,995,113,Second Hand,21.9,2000.0
Toyota,Fortuner,1985,56186,Hybrid,Manual,2514,190,Second Hand,12.6,2000.0
Rolls-Royce,Ghost,2001,0,Electric,Automatic,2140,509,Brand New,24.4,311107.49
Honda,Civic,2023,188774,Hybrid,Manual,2115,342,Second Hand,15.6,13134.65
Volkswagen,Passat,1996,38661,Electric,Manual,1658,683,Second Hand,10.4,2000.0
BMW,X3,2006,169575,Electric,Manual,3006,635,Second Hand,20.4,13914.85
Ferrari,488,1995,0,Hybrid,Manual,2122,611,Brand New,26.9,220175.43
Volkswagen,Passat,1996,188644,Hybrid,Manual,2617,163,Second Hand,25.7,2000.0
Mercedes-Benz,GLC,1985,0,Diesel,Manual,2603,384,Brand New,18.0,42717.3
Nissan,Micra,2008,64142,Diesel,Manual,4640,386,Second Hand,32.5,2000.0
BMW,3 Series,1986,0,Electric,Automatic,3890,355,Brand New,28.4,68137.92
Tata,Harrier,2020,185153,Petrol,Manual,1922,328,Second Hand,28.0,11342.01
Mercedes-Benz,C-Class,2020,0,Electric,Automatic,1424,205,Brand New,16.2,54170.66
Porsche,911,2021,0,Hybrid,Automatic,1177,568,Brand New,18.8,84726.12
Rolls-Royce,Phantom,1990,247400,Hybrid,Manual,4980,639,Second Hand,16.0,2000.0
Volkswagen,Polo,2006,0,Diesel,Automatic,2928,182,Brand New,16.5,35359.91
Honda,Accord,2012,0,Hybrid,Manual,1464,454,Brand New,17.1,24173.29
Honda,City,1989,244909,Electric,Automatic,2300,144,Second Hand,33.0,2000.0
Nissan,Magnite,2024,155806,Hybrid,Manual,4654,347,Second Hand,17.7,29379.67
Tesla,Model Y,1993,139573,Hybrid,Manual,2227,373,Second Hand,14.0,6541.34
Rolls-Royce,Ghost,2012,47481,Petrol,Automatic,3671,494,Second Hand,13.0,30664.12
Toyota,RAV4,2019,31875,Hybrid,Manual,4238,588,Second Hand,29.2,27532.14
Tata,Nexon,2016,0,Diesel,Manual,1498,154,Brand New,19.5,26616.02
Mahindra,Scorpio,1994,195115,Electric,Automatic,4459,437,Second Hand,18.2,2000.0
Mahindra,Scorpio,1995,0,Hybrid,Manual,4467,392,Brand New,19.5,10622.33
Ferrari,488,2010,236501,Hybrid,Manual,1421,645,Second Hand,10.4,2000.0
Ford,Mustang,1995,0,Hybrid,Automatic,3403,67,Brand New,23.3,30063.57
Porsche,Cayenne,1987,156332,Electric,Automatic,1868,552,Second Hand,23.2,2000.0
Tata,Harrier,2002,141912,Hybrid,Automatic,4446,238,Second Hand,15.2,2000.0
Tesla,Model Y,1994,206420,Diesel,Automatic,1801,498,Second Hand,26.1,2000.0
Tesla,Model S,2023,0,Petrol,Manual,2227,650,Brand New,25.7,140075.92
Rolls-Royce,Ghost,1996,0,Petrol,Manual,2253,322,Brand New,23.8,331172.83
Mercedes-Benz,GLA,1991,0,Petrol,Manual,4780,77,Brand New,9.4,92748.08
Rolls-Royce,Phantom,1996,90558,Diesel,Manual,1641,504,Second Hand,23.5,2000.0
Kia,Carnival,1990,0,Hybrid,Manual,4459,340,Brand New,8.1,10153.36
Tata,Nexon,2017,0,Electric,Manual,2901,416,Brand New,10.6,11657.72
Honda,City,2013,0,Hybrid,Automatic,3515,195,Brand New,27.7,10401.35
McLaren,720S,2023,179571,Petrol,Automatic,4670,634,Second Hand,12.1,161028.07
Honda,Accord,1989,51707,Diesel,Automatic,3788,523,Second Hand,33.3,2000.0
Kia,Seltos,2017,0,Hybrid,Automatic,3227,99,Brand New,17.8,29343.17
Ford,Mustang,2003,0,Diesel,Manual,4958,231,Brand New,14.2,19626.68
Audi,Q3,2014,91357,Hybrid,Automatic,2945,492,Second Hand,9.9,23302.05
Tesla,Model Y,2016,0,Petrol,Automatic,1310,251,Brand New,16.1,196049.63
Hyundai,i20,2018,20365,Diesel,Automatic,2674,233,Second Hand,33.0,19044.83
Rolls-Royce,Phantom,1989,0,Hybrid,Manual,2238,314,Brand New,30.6,393330.34
BMW,3 Series,1996,0,Diesel,Automatic,2272,254,Brand New,29.5,70708.42
Porsche,911,1992,0,Petrol,Manual,3456,497,Brand New,27.7,71834.53
Kia,Seltos,1993,219581,Electric,Manual,4682,629,Second Hand,25.8,2000.0
Mercedes-Benz,GLC,2015,191673,Electric,Manual,3279,79,Second Hand,15.8,36199.63
Volkswagen,Polo,1999,0,Petrol,Automatic,4745,545,Brand New,15.1,13117.71
Nissan,Magnite,2002,0,Hybrid,Automatic,4339,409,Brand New,34.0,37179.06
Porsche,Macan,2013,137197,Diesel,Manual,2053,197,Second Hand,8.4,12469.66
Volkswagen,Vento,1990,201100,Hybrid,Manual,2132,645,Second Hand,18.8,2000.0
Lamborghini,Huracan,1991,0,Diesel,Automatic,1395,145,Brand New,20.3,241809.78
Rolls-Royce,Phantom,2021,92247,Petrol,Manual,4582,662,Second Hand,12.8,74227.64
McLaren,720S,2014,0,Petrol,Automatic,3165,182,Brand New,31.3,189546.99
Land Rover,Discovery,2003,151747,Diesel,Manual,3187,431,Second Hand,19.8,2000.0
Volkswagen,Passat,2007,0,Hybrid,Manual,1789,80,Brand New,24.1,11589.09
Kia,Seltos,1995,0,Diesel,Manual,1254,390,Brand New,15.4,21474.04
Hyundai,Creta,2019,55935,Diesel,Automatic,3855,374,Second Hand,28.8,24477.36
Ford,Endeavour,1999,0,Hybrid,Automatic,3012,524,Brand New,34.5,20046.53
BMW,X5,2020,69601,Hybrid,Manual,899,210,Second Hand,27.7,65233.22
BMW,5 Series,1990,15551,Hybrid,Manual,4437,151,Second Hand,21.4,2000.0
Rolls-Royce,Phantom,2021,99703,Diesel,Automatic,3728,367,Second Hand,25.6,122201.65
Ferrari,Roma,2018,0,Electric,Automatic,1929,183,Brand New,12.0,253949.78
Tata,Safari,2010,22541,Electric,Automatic,3055,339,Second Hand,23.0,8519.2
McLaren,720S,2023,0,Diesel,Automatic,3297,336,Brand New,9.7,294479.35
Honda,Accord,1991,84924,Hybrid,Automatic,4141,182,Second Hand,22.7,2000.0
Volvo,XC60,2002,0,Petrol,Manual,2930,284,Brand New,25.1,66792.83
Porsche,911,2020,0,Hybrid,Automatic,1736,609,Brand New,25.0,79143.51
Ferrari,Roma,1985,118458,Hybrid,Manual,1664,275,Second Hand,30.8,2000.0
Audi,A6,2008,124594,Hybrid,Manual,4347,677,Second Hand,29.4,11157.58
Kia,Sonet,1997,0,Diesel,Manual,4621,583,Brand New,12.2,34960.21
Rolls-Royce,Ghost,1993,218285,Hybrid,Manual,1627,432,Second Hand,24.1,2000.0
Mercedes-Benz,GLC,1986,0,Hybrid,Automatic,2334,291,Brand New,23.7,81911.53
Volkswagen,Passat,2016,0,Diesel,Manual,3328,172,Brand New,8.3,15080.99
Hyundai,i20,1992,209054,Diesel,Manual,1194,304,Second Hand,32.7,2000.0
Volvo,XC60,2001,0,Diesel,Manual,3532,577,Brand New,18.6,113376.38
BMW,X5,2013,133956,Hybrid,Manual,3948,180,Second Hand,22.3,21764.77
Mahindra,Scorpio,1988,113737,Electric,Automatic,2935,227,Second Hand,22.4,2000.0
Mahindra,XUV500,2005,0,Hybrid,Manual,1416,494,Brand New,28.3,11645.18
Tata,Harrier,2005,82897,Diesel,Manual,2097,216,Second Hand,26.8,7787.52
Land Rover,Range Rover,2016,0,Diesel,Automatic,3568,530,Brand New,12.4,95366.08
Nissan,Kicks,2007,137144,Hybrid,Automatic,3007,551,Second Hand,23.1,2000.0
Ferrari,Roma,1998,135647,Diesel,Automatic,3856,455,Second Hand,13.7,2000.0
Ford,Endeavour,2015,15559,Electric,Automatic,3661,681,Second Hand,9.6,5647.94
Porsche,Cayenne,2001,0,Petrol,Manual,4212,697,Brand New,19.3,52328.83
BMW,3 Series,2014,235701,Diesel,Automatic,2438,497,Second Hand,21.6,12428.32
McLaren,720S,2020,148305,Petrol,Manual,3835,415,Second Hand,29.5,238670.82
Volvo,XC40,1992,193446,Electric,Manual,2039,306,Second Hand,21.5,2000.0
Mahindra,Scorpio,1989,113250,Diesel,Manual,3854,63,Second Hand,32.1,2000.0
Kia,Seltos,1990,222925,Electric,Manual,2760,451,Second Hand,20.0,2000.0
Kia,Sonet,2014,224721,Petrol,Automatic,2647,487,Second Hand,32.8,2000.0
Volkswagen,Polo,2017,0,Diesel,Manual,1363,372,Brand New,18.9,26925.14
Honda,City,1995,37175,Electric,Manual,3988,677,Second Hand,11.2,2000.0
Volvo,XC40,1996,0,Electric,Manual,2829,155,Brand New,23.3,72054.94
Ferrari,488,1986,0,Petrol,Manual,4169,316,Brand New,9.1,124726.82
Ferrari,488,1997,0,Diesel,Manual,4110,365,Brand New,20.1,210974.86
McLaren,570S,2021,196080,Petrol,Manual,1871,209,Second Hand,13.4,219774.59
Tesla,Model S,2007,0,Hybrid,Automatic,862,201,Brand New,19.7,140441.64
Audi,Q3,2022,102023,Diesel,Manual,4445,148,Second Hand,32.8,73617.19
Nissan,Kicks,2020,0,Diesel,Manual,4524,534,Brand New,17.9,21001.03
Mahindra,Scorpio,1987,0,Electric,Manual,3883,477,Brand New,25.6,22194.93
Volvo,XC40,1988,190337,Petrol,Automatic,830,631,Second Hand,12.4,2000.0
Volvo,S60,1986,188515,Petrol,Manual,4976,219,Second Hand,26.7,2000.0
Lamborghini,Aventador,2009,120746,Electric,Automatic,1257,688,Second Hand,20.3,71776.6
Toyota,Camry,1990,245646,Electric,Manual,3826,392,Second Hand,21.2,2000.0
Nissan,Kicks,2021,0,Diesel,Automatic,4346,99,Brand New,33.9,15180.96
Audi,A4,2002,0,Electric,Automatic,4560,605,Brand New,28.7,49944.16
Kia,Carnival,1994,0,Electric,Automatic,3247,319,Brand New,21.5,36445.49
Volvo,XC40,2023,0,Diesel,Automatic,2285,96,Brand New,15.9,71452.04
Lamborghini,Huracan,1986,108529,Petrol,Automatic,1178,260,Second Hand,25.7,2000.0
Audi,Q3,1997,0,Diesel,Manual,2555,667,Brand New,28.2,88692.48
Rolls-Royce,Ghost,2015,146831,Diesel,Manual,4565,241,Second Hand,29.3,52700.98
Tata,Safari,1998,115341,Petrol,Automatic,1452,445,Second Hand,14.5,2000.0
Kia,Carnival,1996,242119,Hybrid,Manual,1191,672,Second Hand,16.5,2000.0
Hyundai,Creta,1989,160487,Petrol,Manual,3928,247,Second Hand,8.7,2000.0
Tesla,Model S,2000,148547,Petrol,Manual,4818,555,Second Hand,30.7,2000.0
Porsche,Macan,2017,0,Electric,Automatic,2585,537,Brand New,22.1,94589.09
Volvo,XC60,2022,0,Petrol,Manual,1973,496,Brand New,22.5,56147.95
Land Rover,Range Rover,1998,0,Diesel,Automatic,4473,147,Brand New,32.9,93974.7
Tesla,Model X,2016,12165,Diesel,Manual,4003,165,Second Hand,30.3,167746.2
Lamborghini,Aventador,1990,68613,Electric,Manual,4791,579,Second Hand,30.8,2000.0
Toyota,RAV4,1999,0,Hybrid,Automatic,2622,280,Brand New,30.4,18474.63
Tata,Nexon,2009,165729,Diesel,Automatic,1677,396,Second Hand,30.5,2000.0
Lamborghini,Aventador,1992,131307,Diesel,Manual,4731,96,Second Hand,30.5,2000.0
Land Rover,Range Rover,1986,0,Petrol,Automatic,2826,138,Brand New,13.1,59711.92
Hyundai,Creta,1997,0,Petrol,Automatic,4564,549,Brand New,29.3,10918.75
Hyundai,Elantra,1992,0,Petrol,Manual,867,276,Brand New,9.3,39400.93
Lamborghini,Huracan,1996,208849,Hybrid,Manual,4599,255,Second Hand,25.1,2000.0
Tesla,Model Y,2004,0,Diesel,Manual,2211,391,Brand New,20.8,183548.64
Nissan,Kicks,2008,86451,Electric,Automatic,2396,604,Second Hand,25.1,2000.0
Tesla,Model Y,1998,0,Electric,Manual,1430,483,Brand New,33.1,215933.75
Toyota,RAV4,2001,98214,Petrol,Automatic,2863,189,Second Hand,12.8,2000.0
Hyundai,Verna,1988,230596,Hybrid,Manual,2173,195,Second Hand,21.7,2000.0
BMW,X5,2001,0,Diesel,Automatic,3005,95,Brand New,16.6,104053.77
Toyota,Fortuner,2016,0,Hybrid,Automatic,3579,521,Brand New,16.5,9355.88
Audi,A4,2007,55650,Hybrid,Manual,3598,213,Second Hand,33.9,14400.11
Audi,A4,2003,0,Diesel,Automatic,4509,417,Brand New,23.1,52265.77
Ford,Endeavour,2009,0,Petrol,Manual,994,411,Brand New,18.6,19702.78
Rolls-Royce,Ghost,1994,0,Electric,Automatic,2553,626,Brand New,21.8,318646.65
Audi,A4,2021,0,Hybrid,Manual,1735,571,Brand New,15.9,103459.81
Volkswagen,Vento,1990,49379,Electric,Manual,4261,96,Second Hand,16.3,2000.0
Rolls-Royce,Ghost,1991,0,Diesel,Automatic,2597,381,Brand New,9.7,345555.72
Volkswagen,Passat,2005,0,Hybrid,Manual,1011,355,Brand New,31.7,24139.96
Ford,Figo,2006,0,Petrol,Manual,3421,525,Brand New,30.5,16565.83
BMW,5 Series,1990,0,Hybrid,Automatic,3053,381,Brand New,27.2,77241.27
Audi,Q5,2017,218077,Diesel,Manual,3053,618,Second Hand,30.0,52285.74
Volvo,XC40,1995,78101,Petrol,Manual,3594,240,Second Hand,23.5,2000.0
Nissan,Magnite,2008,0,Petrol,Manual,1076,188,Brand New,29.4,37325.74
Hyundai,i20,2002,0,Hybrid,Manual,4611,208,Brand New,17.6,19446.94
Mercedes-Benz,E-Class,2013,202069,Hybrid,Manual,2198,580,Second Hand,30.4,13228.14
Mahindra,XUV500,1991,114574,Petrol,Automatic,3142,214,Second Hand,17.7,2000.0
Nissan,Magnite,2009,246432,Petrol,Manual,813,62,Second Hand,12.4,3597.62
Volkswagen,Vento,2022,0,Diesel,Automatic,4910,307,Brand New,27.0,9839.56
Rolls-Royce,Ghost,2020,0,Hybrid,Automatic,4169,372,Brand New,26.2,218236.25
Ford,Figo,2023,201623,Electric,Manual,1306,399,Second Hand,30.9,7611.93
Lamborghini,Aventador,2020,0,Hybrid,Automatic,1147,560,Brand New,12.4,198799.4
Mahindra,Thar,2006,5224,Electric,Automatic,3071,616,Second Hand,25.1,2000.0
Porsche,Macan,2011,116239,Diesel,Automatic,3186,358,Second Hand,31.7,31755.94
Porsche,911,1987,0,Diesel,Manual,2082,387,Brand New,32.3,72548.61
Rolls-Royce,Ghost,2024,0,Hybrid,Automatic,4654,231,Brand New,29.0,356034.96
Volvo,XC60,1990,0,Diesel,Manual,1373,673,Brand New,29.0,59784.98
Toyota,Fortuner,2012,199298,Petrol,Manual,4269,168,Second Hand,24.5,2000.0
Rolls-Royce,Ghost,1996,51791,Electric,Manual,1298,397,Second Hand,29.9,2000.0
Volvo,S60,2002,0,Petrol,Manual,4379,121,Brand New,9.8,77693.46
McLaren,720S,1985,0,Diesel,Manual,4592,301,Brand New,25.5,140573.73
Toyota,Camry,2010,0,Petrol,Automatic,4905,495,Brand New,10.0,22551.56
Hyundai,Creta,2004,0,Electric,Automatic,3326,432,Brand New,18.1,26689.09
Tata,Nexon,2001,0,Diesel,Automatic,3881,80,Brand New,13.2,25269.88
Lamborghini,Huracan,2011,0,Hybrid,Manual,3385,434,Brand New,30.1,302898.98
BMW,5 Series,1999,0,Electric,Manual,4416,285,Brand New,28.3,61587.25
Porsche,Cayenne,2021,0,Electric,Automatic,2676,242,Brand New,14.9,49442.37
Hyundai,Verna,1997,51495,Diesel,Manual,2435,434,Second Hand,13.1,2000.0
Honda,Accord,1998,0,Hybrid,Automatic,3416,241,Brand New,11.7,20767.81
Honda,CRV,2000,192930,Hybrid,Automatic,2467,684,Second Hand,31.7,2000.0
Ferrari,488,2013,0,Petrol,Manual,1035,211,Brand New,28.9,242012.03
Kia,Sonet,1995,235284,Petrol,Manual,4315,299,Second Hand,9.9,2000.0
BMW,X5,1996,0,Diesel,Manual,3729,411,Brand New,28.6,52833.23
Mahindra,Thar,1996,0,Diesel,Manual,4591,385,Brand New,8.5,27156.37
Volvo,XC60,2005,236589,Diesel,Manual,1795,551,Second Hand,19.8,13010.15
Audi,Q3,1985,0,Hybrid,Manual,2056,108,Brand New,11.9,45978.39
Volvo,XC40,1990,0,Diesel,Automatic,1275,371,Brand New,25.4,93189.76
Ferrari,Roma,1991,123777,Petrol,Automatic,4061,553,Second Hand,8.6,2000.0
Tata,Safari,2020,0,Hybrid,Automatic,4169,379,Brand New,21.4,25963.55
Mahindra,XUV500,1993,175571,Diesel,Manual,1246,208,Second Hand,11.5,2000.0
Kia,Carnival,1999,143542,Petrol,Automatic,3369,555,Second Hand,34.2,2000.0
Ferrari,Roma,2013,201443,Electric,Automatic,4169,150,Second Hand,33.4,144365.55
BMW,5 Series,1998,0,Diesel,Automatic,4832,627,Brand New,28.6,82432.08
Ferrari,Roma,2009,62910,Diesel,Automatic,3297,588,Second Hand,8.0,5223.57
Tesla,Model 3,1987,0,Hybrid,Manual,2064,281,Brand New,14.6,206671.57
Hyundai,Creta,2022,93643,Petrol,Automatic,1495,287,Second Hand,18.0,7163.89
Tesla,Model Y,2012,138271,Diesel,Manual,1140,479,Second Hand,14.2,34343.48
Ford,Figo,2021,0,Hybrid,Automatic,4001,327,Brand New,9.9,38887.93
Nissan,Kicks,2011,0,Petrol,Manual,2164,243,Brand New,10.2,37354.63
Mahindra,Thar,2008,73214,Diesel,Automatic,4476,619,Second Hand,19.4,2000.0
Land Rover,Discovery,2011,246703,Electric,Automatic,3728,496,Second Hand,31.2,21416.58
Ferrari,Roma,2022,0,Electric,Manual,4068,464,Brand New,18.5,240381.74
McLaren,720S,2012,15828,Diesel,Automatic,3210,631,Second Hand,25.3,111843.62
Ford,Mustang,2010,0,Diesel,Manual,3938,614,Brand New,13.1,18227.12
Volkswagen,Vento,2019,0,Diesel,Manual,2202,531,Brand New,20.7,23050.13
Tesla,Model X,2013,0,Hybrid,Manual,4461,485,Brand New,12.2,324001.66
Mercedes-Benz,C-Class,2013,245701,Diesel,Automatic,4176,120,Second Hand,16.5,18175.05
Land Rover,Range Rover,1990,228656,Electric,Manual,2541,450,Second Hand,11.7,2000.0
Tesla,Model S,2000,226193,Hybrid,Manual,1349,517,Second Hand,20.8,2000.0
Tesla,Model S,2017,11138,Hybrid,Automatic,1266,697,Second Hand,11.1,80584.01
Honda,CRV,1996,123564,Electric,Automatic,1127,611,Second Hand,30.4,2000.0
Kia,Carnival,1995,229871,Diesel,Automatic,3181,258,Second Hand,11.9,2000.0
Ford,Endeavour,2007,66246,Petrol,Automatic,2701,88,Second Hand,16.5,2000.0
Tesla,Model X,2000,0,Petrol,Manual,3363,589,Brand New,20.6,333943.11
Lamborghini,Aventador,1998,0,Electric,Manual,4572,529,Brand New,21.2,315092.56
Lamborghini,Aventador,2018,0,Petrol,Manual,839,493,Brand New,21.6,162709.65
Kia,Seltos,2010,0,Hybrid,Automatic,2661,536,Brand New,22.0,25273.99
Tesla,Model S,1995,123044,Hybrid,Automatic,1756,382,Second Hand,30.2,2000.0
Ford,Mustang,2017,0,Hybrid,Manual,2317,602,Brand New,14.7,11599.81
Mahindra,Thar,2007,0,Hybrid,Automatic,1325,440,Brand New,28.5,9607.44
Ford,Mustang,2013,139428,Electric,Manual,2695,683,Second Hand,14.9,8811.54
Hyundai,Creta,1995,224999,Petrol,Manual,3296,269,Second Hand,16.6,2000.0
Ford,Endeavour,2001,0,Electric,Manual,2687,579,Brand New,18.9,12002.84
Kia,Sonet,2016,62244,Petrol,Manual,2369,83,Second Hand,34.0,6613.29
Hyundai,Verna,2024,0,Diesel,Automatic,2641,260,Brand New,18.9,13101.95
Hyundai,Elantra,1991,222513,Hybrid,Automatic,4405,357,Second Hand,13.4,2000.0
Tesla,Model S,1989,0,Hybrid,Manual,2686,183,Brand New,20.7,353655.62
Rolls-Royce,Phantom,2001,26817,Diesel,Manual,3910,684,Second Hand,32.9,2000.0
Tata,Harrier,2023,168582,Hybrid,Automatic,1666,65,Second Hand,9.1,9574.05
Mahindra,XUV500,2005,127978,Hybrid,Automatic,3664,83,Second Hand,29.7,2000.0
Mercedes-Benz,GLC,2008,240330,Petrol,Manual,2906,635,Second Hand,18.1,2000.0
Honda,Civic,1991,143552,Hybrid,Manual,2362,322,Second Hand,23.5,2000.0
Porsche,911,1995,54201,Electric,Manual,3103,294,Second Hand,32.7,2000.0
BMW,X3,2007,0,Diesel,Automatic,3225,461,Brand New,16.0,74071.05
Porsche,Macan,2019,0,Hybrid,Automatic,2641,691,Brand New,11.4,93645.39
Lamborghini,Huracan,2023,122238,Petrol,Automatic,946,572,Second Hand,12.3,186012.03
Ford,Endeavour,1990,227243,Hybrid,Manual,2463,159,Second Hand,31.6,2000.0
Hyundai,Creta,1992,244730,Hybrid,Manual,1143,446,Second Hand,12.4,2000.0
Nissan,Kicks,2019,188510,Electric,Automatic,3700,624,Second Hand,18.2,10306.41
Land Rover,Range Rover,2005,0,Electric,Manual,2033,137,Brand New,10.0,54145.09
Audi,A6,2022,25830,Diesel,Manual,1309,155,Second Hand,18.2,46128.37
Nissan,Magnite,2023,0,Diesel,Manual,2792,639,Brand New,33.9,31184.73
BMW,X5,1994,0,Diesel,Manual,3764,126,Brand New,33.0,79370.54
Ferrari,Roma,1992,36186,Hybrid,Automatic,2713,110,Second Hand,19.8,2000.0
Lamborghini,Huracan,2001,125020,Hybrid,Automatic,2722,370,Second Hand,19.7,2000.0
Rolls-Royce,Phantom,2010,0,Diesel,Automatic,4953,649,Brand New,12.0,274428.53
Honda,Accord,2006,0,Electric,Manual,3666,279,Brand New,20.5,12386.11
Ferrari,Roma,2017,0,Electric,Manual,2941,255,Brand New,12.1,263811.86
BMW,3 Series,2007,43493,Hybrid,Automatic,1334,231,Second Hand,31.1,14664.51
Kia,Sonet,2003,143382,Hybrid,Automatic,2651,341,Second Hand,31.6,2000.0
Lamborghini,Aventador,1989,230035,Hybrid,Automatic,2953,392,Second Hand,10.1,2000.0
Kia,Sonet,2005,154269,Petrol,Manual,1996,598,Second Hand,23.0,2000.0
Ford,Mustang,2021,0,Petrol,Manual,3137,622,Brand New,34.3,10959.54
Tata,Nexon,2012,99127,Electric,Automatic,2152,409,Second Hand,18.9,9136.2
BMW,X5,2001,0,Diesel,Automatic,3556,694,Brand New,14.4,69240.14
Hyundai,i20,2013,239839,Hybrid,Automatic,1179,175,Second Hand,18.9,3565.48
Porsche,Macan,2004,223294,Electric,Manual,1424,635,Second Hand,31.9,2000.0
Nissan,Micra,1989,124231,Petrol,Automatic,1909,416,Second Hand,8.7,2000.0
Nissan,Micra,1994,21472,Hybrid,Manual,1775,327,Second Hand,9.1,2000.0
Toyota,Corolla,2023,80914,Electric,Automatic,2808,477,Second Hand,31.8,12154.32
Audi,Q5,1997,207905,Petrol,Manual,3034,200,Second Hand,24.3,2000.0
Ford,Mustang,1999,222890,Hybrid,Automatic,1483,570,Second Hand,10.0,2000.0
Tata,Harrier,2016,39020,Petrol,Manual,3290,527,Second Hand,20.6,6413.05
Volkswagen,Polo,2001,85431,Petrol,Manual,3962,619,Second Hand,26.4,2000.0
Honda,Civic,2001,242026,Hybrid,Automatic,3761,301,Second Hand,25.5,2000.0
Hyundai,i20,2022,0,Diesel,Automatic,3581,483,Brand New,19.7,32340.56
Tesla,Model S,1988,118175,Petrol,Automatic,2971,548,Second Hand,31.3,2000.0
Volkswagen,Passat,1989,111821,Diesel,Manual,4636,517,Second Hand,11.9,2000.0
Porsche,Cayenne,1990,0,Electric,Manual,2203,411,Brand New,26.6,77559.49
BMW,3 Series,2003,122387,Petrol,Automatic,3733,203,Second Hand,31.2,7972.55
Ferrari,Roma,1990,0,Petrol,Manual,2955,388,Brand New,21.1,130256.88
Kia,Carnival,2003,80634,Diesel,Manual,2882,312,Second Hand,22.3,2000.0
Lamborghini,Aventador,2001,0,Electric,Manual,1496,94,Brand New,26.5,369694.28
Volvo,XC60,2004,0,Electric,Automatic,3871,335,Brand New,31.7,87912.47
Mercedes-Benz,C-Class,1987,0,Petrol,Manual,985,388,Brand New,12.8,83239.29
Kia,Carnival,1999,125516,Petrol,Automatic,3890,540,Second Hand,31.4,2000.0
Kia,Seltos,1989,0,Hybrid,Automatic,1588,312,Brand New,28.0,15396.71
Ferrari,Roma,1985,237971,Electric,Manual,1089,266,Second Hand,9.7,2000.0
Mahindra,Scorpio,2023,20586,Hybrid,Manual,2637,598,Second Hand,21.0,20689.04
Mercedes-Benz,E-Class,1996,0,Diesel,Manual,2014,84,Brand New,30.0,52665.92
Nissan,Kicks,2009,249681,Petrol,Automatic,4192,231,Second Hand,28.3,2000.0
Ferrari,Roma,1987,0,Electric,Manual,1403,692,Brand New,21.8,241464.09
Mercedes-Benz,GLA,1989,106409,Petrol,Manual,2761,385,Second Hand,27.8,2000.0
Mahindra,XUV500,1995,0,Petrol,Manual,1184,327,Brand New,11.1,24177.29
Nissan,Magnite,2013,0,Electric,Automatic,1583,272,Brand New,16.4,10170.02
Nissan,Magnite,2020,92641,Electric,Manual,3316,549,Second Hand,26.0,17917.21
Rolls-Royce,Phantom,2014,0,Diesel,Automatic,1366,485,Brand New,20.0,311446.07
Volvo,XC60,2023,154176,Electric,Automatic,956,654,Second Hand,27.0,46801.54
Hyundai,Elantra,2006,156128,Hybrid,Automatic,1460,612,Second Hand,13.0,2000.0
Kia,Sonet,2013,0,Electric,Manual,3671,638,Brand New,9.8,17609.0
Ford,Endeavour,2023,0,Petrol,Manual,4617,591,Brand New,19.2,20937.59
Volkswagen,Polo,1996,111636,Electric,Automatic,1943,558,Second Hand,27.0,2000.0
Audi,Q5,2023,81770,Petrol,Automatic,4287,443,Second Hand,25.8,37293.84
Volkswagen,Polo,1999,73235,Diesel,Automatic,2653,67,Second Hand,23.1,2000.0
Kia,Sonet,2017,82351,Petrol,Automatic,3979,260,Second Hand,25.3,10541.77
Kia,Carnival,1988,93677,Electric,Manual,2909,304,Second Hand,27.6,2000.0
Porsche,Cayenne,1997,0,Diesel,Automatic,2226,521,Brand New,17.3,50267.83
McLaren,570S,1994,0,Electric,Manual,3629,162,Brand New,22.8,115326.46
Tesla,Model Y,1997,0,Hybrid,Manual,1965,577,Brand New,19.1,254722.41
Kia,Carnival,1993,0,Hybrid,Automatic,2995,454,Brand New,12.8,30134.92
Lamborghini,Huracan,2014,147847,Diesel,Automatic,3180,694,Second Hand,24.7,120194.77
Porsche,Macan,1998,0,Diesel,Manual,2327,249,Brand New,14.2,62495.21
Tata,Safari,1998,0,Diesel,Automatic,4001,460,Brand New,28.9,21279.66
Volvo,XC40,1985,0,Electric,Manual,3850,470,Brand New,22.4,90213.08
Mahindra,XUV500,2021,0,Petrol,Automatic,1688,188,Brand New,25.2,26034.05
Mahindra,Scorpio,2011,0,Hybrid,Manual,2224,83,Brand New,25.2,39669.91
Porsche,911,2001,66659,Hybrid,Manual,4775,658,Second Hand,16.8,2000.0
Rolls-Royce,Phantom,2009,0,Diesel,Automatic,1079,628,Brand New,9.6,203501.61
Mahindra,Thar,2002,109754,Electric,Automatic,932,368,Second Hand,27.6,2000.0
Tata,Nexon,2018,0,Electric,Manual,2035,212,Brand New,27.2,23379.42
Rolls-Royce,Phantom,1985,0,Petrol,Automatic,4088,685,Brand New,11.1,288395.69
Honda,CRV,1992,0,Hybrid,Automatic,1825,677,Brand New,34.5,19791.31
BMW,3 Series,2018,0,Hybrid,Automatic,3771,458,Brand New,31.9,56305.7
Nissan,Micra,2014,175848,Hybrid,Manual,4971,529,Second Hand,9.8,2860.73
Rolls-Royce,Phantom,1986,0,Diesel,Manual,3684,473,Brand New,31.1,358779.33
Ferrari,Roma,1989,187375,Hybrid,Automatic,1680,159,Second Hand,32.9,2000.0
Nissan,Magnite,1989,44148,Electric,Manual,4841,133,Second Hand,9.2,2000.0
Ford,Endeavour,2004,0,Petrol,Manual,4041,593,Brand New,8.9,30284.06
BMW,5 Series,1996,0,Diesel,Manual,1415,119,Brand New,15.6,44840.44
Toyota,Corolla,2008,0,Electric,Manual,3830,105,Brand New,19.4,29641.08
BMW,3 Series,2000,211446,Electric,Automatic,1710,653,Second Hand,21.7,2000.0
Mahindra,Scorpio,2002,0,Electric,Manual,1527,609,Brand New,29.9,30898.04
McLaren,720S,2004,0,Diesel,Automatic,4771,281,Brand New,24.7,385098.18
Lamborghini,Aventador,2002,0,Hybrid,Manual,901,286,Brand New,23.1,189086.84
McLaren,570S,2014,0,Petrol,Manual,4100,470,Brand New,16.4,203620.18
Tata,Safari,2007,214526,Hybrid,Automatic,1821,243,Second Hand,13.1,2000.0
Tesla,Model S,2019,223758,Petrol,Manual,3466,675,Second Hand,20.9,117409.28
Porsche,911,1988,0,Diesel,Automatic,4724,437,Brand New,27.7,47402.99
Tesla,Model Y,2005,39637,Diesel,Automatic,1874,466,Second Hand,31.0,2000.0
Mahindra,XUV500,2010,0,Diesel,Manual,1400,582,Brand New,21.0,25794.97
Tata,Nexon,1991,0,Diesel,Automatic,4992,422,Brand New,22.9,19394.31
Kia,Seltos,2013,121195,Hybrid,Automatic,3605,77,Second Hand,10.1,3657.29
McLaren,720S,1997,90913,Diesel,Automatic,2375,428,Second Hand,21.1,2000.0
Audi,A4,2020,0,Electric,Automatic,3770,672,Brand New,27.6,64742.36
Audi,A6,2001,157333,Petrol,Automatic,2923,654,Second Hand,20.1,2000.0
Ford,Figo,1990,0,Diesel,Manual,4481,132,Brand New,14.6,40073.5
Mahindra,XUV500,1991,13011,Petrol,Manual,2894,641,Second Hand,11.0,2000.0
Land Rover,Discovery,2020,0,Diesel,Manual,1957,210,Brand New,12.2,100122.35
Toyota,Camry,2017,0,Diesel,Manual,1931,128,Brand New,15.5,9825.34
Toyota,Camry,2003,0,Petrol,Automatic,4088,676,Brand New,18.8,11447.85
Hyundai,Creta,2012,0,Petrol,Manual,2388,394,Brand New,25.7,10085.07
Tata,Safari,2004,223480,Electric,Manual,4599,595,Second Hand,25.1,2000.0
Audi,A6,2009,0,Electric,Manual,3797,566,Brand New,14.6,50695.19
Tata,Nexon,1992,0,Petrol,Automatic,2304,266,Brand New,30.2,38166.65
BMW,5 Series,2016,238523,Petrol,Automatic,4478,590,Second Hand,29.7,23490.87
Ferrari,488,1985,0,Petrol,Manual,4168,467,Brand New,15.9,300914.52
Lamborghini,Aventador,2006,216961,Petrol,Manual,881,258,Second Hand,29.4,63699.2
Audi,Q3,2015,0,Hybrid,Manual,1886,543,Brand New,14.0,52654.88
Lamborghini,Huracan,2013,0,Hybrid,Automatic,3139,297,Brand New,10.6,380545.79
Mahindra,XUV500,1989,192973,Diesel,Manual,1400,605,Second Hand,29.6,2000.0
Volvo,XC60,2011,0,Petrol,Manual,4603,185,Brand New,17.1,96404.91
Mahindra,Scorpio,2000,0,Electric,Manual,4615,260,Brand New,25.3,41310.81
Ferrari,Roma,1990,0,Petrol,Manual,3041,643,Brand New,23.7,159760.74
Ford,Figo,2014,0,Hybrid,Automatic,4678,260,Brand New,10.6,19502.5
Toyota,RAV4,1996,21471,Petrol,Automatic,4750,473,Second Hand,17.4,2000.0
Mercedes-Benz,GLA,2024,26441,Hybrid,Automatic,1552,301,Second Hand,13.2,85527.91
Volkswagen,Vento,2010,7218,Hybrid,Manual,1424,584,Second Hand,14.8,2000.0
Ferrari,Roma,2022,249824,Electric,Manual,4046,562,Second Hand,12.7,271948.74
BMW,X3,2019,64856,Petrol,Manual,3195,680,Second Hand,19.6,38175.05
Porsche,Cayenne,2004,237759,Diesel,Manual,1421,438,Second Hand,11.9,20820.57
Audi,A6,2015,243543,Petrol,Manual,2244,610,Second Hand,13.1,31393.91
Tata,Harrier,2020,43210,Hybrid,Automatic,3253,69,Second Hand,11.5,9881.1
Mercedes-Benz,GLA,2018,0,Diesel,Manual,1339,560,Brand New,11.9,90861.9
Toyota,Camry,1990,0,Electric,Automatic,3845,252,Brand New,20.0,34615.78
Porsche,911,2008,0,Electric,Manual,4911,229,Brand New,16.2,51452.84
Mercedes-Benz,GLA,1996,7744,Petrol,Manual,874,445,Second Hand,32.1,2000.0
Audi,A4,2000,123562,Hybrid,Manual,4403,537,Second Hand,34.2,2000.0
Tata,Safari,1990,0,Hybrid,Manual,3254,348,Brand New,25.7,15766.86
Tesla,Model Y,2012,6113,Electric,Manual,3533,456,Second Hand,9.1,45049.98
Hyundai,Creta,1991,164311,Hybrid,Manual,1387,288,Second Hand,9.6,2000.0
Volvo,S60,2001,223056,Diesel,Manual,1659,243,Second Hand,9.9,2000.0
Tata,Harrier,2002,84057,Diesel,Manual,3679,597,Second Hand,31.7,2000.0
Volvo,S60,2013,0,Electric,Automatic,1960,356,Brand New,22.1,93395.98
Kia,Seltos,2001,232899,Hybrid,Manual,1665,310,Second Hand,34.0,2000.0
Porsche,Macan,1990,84460,Electric,Manual,966,272,Second Hand,26.7,2000.0
Hyundai,i20,1989,0,Hybrid,Automatic,4892,495,Brand New,34.4,29911.01
Land Rover,Range Rover,2009,224742,Hybrid,Manual,2652,67,Second Hand,10.9,2000.0
Ferrari,Roma,2021,221691,Petrol,Automatic,2968,98,Second Hand,13.2,180899.97
Volvo,XC60,2000,0,Petrol,Automatic,4837,592,Brand New,18.3,56282.31
BMW,5 Series,1999,0,Diesel,Automatic,3153,685,Brand New,20.2,70759.73
Honda,Accord,2012,0,Electric,Manual,4347,602,Brand New,20.4,26362.52
Audi,A4,2005,0,Electric,Manual,4929,203,Brand New,14.4,74034.94
Lamborghini,Huracan,2000,243659,Electric,Manual,3523,395,Second Hand,24.1,2000.0
Mercedes-Benz,E-Class,2005,33209,Electric,Manual,2798,515,Second Hand,21.8,6367.34
Volkswagen,Passat,1989,204454,Petrol,Manual,4944,356,Second Hand,17.8,2000.0
Mercedes-Benz,GLC,2012,0,Hybrid,Manual,2272,535,Brand New,9.0,83946.17
Volvo,XC60,1998,0,Petrol,Automatic,3881,274,Brand New,31.2,79802.97
BMW,3 Series,2021,50396,Hybrid,Manual,2268,633,Second Hand,10.2,57558.25
Ford,Mustang,1985,0,Electric,Manual,922,520,Brand New,25.8,31294.94
Land Rover,Discovery,2015,0,Diesel,Manual,1909,146,Brand New,22.6,77731.42
Tata,Harrier,2004,222415,Petrol,Manual,1236,636,Second Hand,15.6,2000.0
Porsche,Macan,2008,0,Petrol,Automatic,1095,486,Brand New,13.6,93321.18
Rolls-Royce,Phantom,2005,0,Hybrid,Manual,2992,318,Brand New,16.5,163807.45
Audi,Q3,1989,0,Diesel,Automatic,2184,490,Brand New,9.1,99314.57
Land Rover,Range Rover,2006,8630,Diesel,Manual,2182,344,Second Hand,34.2,15775.76
Kia,Carnival,2016,0,Petrol,Manual,3458,533,Brand New,23.3,23142.15
Hyundai,Creta,2005,113910,Electric,Manual,1410,695,Second Hand,24.0,2000.0
Nissan,Magnite,1990,0,Electric,Manual,2090,654,Brand New,21.4,27807.73
Ferrari,488,2020,0,Hybrid,Automatic,3683,657,Brand New,14.0,334089.42
Tata,Nexon,1991,0,Hybrid,Manual,3662,164,Brand New,9.1,11027.79
Volvo,XC40,2015,0,Petrol,Manual,2792,279,Brand New,22.8,91679.75
Porsche,Macan,2020,0,Electric,Manual,3056,266,Brand New,17.5,69842.09
Toyota,RAV4,2011,82148,Petrol,Automatic,4857,471,Second Hand,14.9,7203.72
Toyota,Corolla,2021,104301,Electric,Manual,2449,468,Second Hand,9.0,26465.57
Mahindra,XUV500,2022,21392,Electric,Manual,4800,675,Second Hand,32.2,14880.53
Rolls-Royce,Phantom,2003,0,Petrol,Manual,2804,466,Brand New,30.4,295274.51
Tesla,Model Y,1994,0,Diesel,Automatic,1864,543,Brand New,16.0,356669.39
Toyota,Camry,1990,0,Hybrid,Automatic,2223,468,Brand New,30.2,27541.8
Toyota,Fortuner,1997,109262,Diesel,Manual,2162,501,Second Hand,27.4,2000.0
Toyota,Camry,2000,0,Hybrid,Manual,2888,214,Brand New,31.5,10972.66
Hyundai,Verna,1997,0,Petrol,Automatic,2808,640,Brand New,9.1,38481.89
Hyundai,Verna,2019,140413,Electric,Automatic,1172,207,Second Hand,19.4,17168.74
Ferrari,Roma,2016,0,Hybrid,Manual,2688,418,Brand New,13.5,317867.33
Ford,Endeavour,1991,99620,Diesel,Manual,4571,183,Second Hand,32.8,2000.0
Honda,Accord,2007,71006,Diesel,Manual,2055,671,Second Hand,12.6,2425.78
Nissan,Kicks,1991,208183,Petrol,Automatic,2708,188,Second Hand,21.2,2000.0
Hyundai,Elantra,1987,179581,Hybrid,Manual,1651,287,Second Hand,26.7,2000.0
Nissan,Micra,2019,17098,Diesel,Manual,4332,652,Second Hand,23.4,6923.42
Nissan,Micra,2017,0,Petrol,Manual,3882,362,Brand New,10.6,18120.74
Ford,Figo,2015,0,Electric,Manual,1156,310,Brand New,34.4,14447.53
Land Rover,Range Rover,2021,15013,Electric,Manual,1711,445,Second Hand,16.8,62771.41
Mahindra,XUV500,1995,118272,Petrol,Manual,3620,90,Second Hand,30.9,2000.0
Volvo,XC60,2001,0,Petrol,Manual,1000,118,Brand New,21.6,48102.45
Honda,Civic,2014,201516,Hybrid,Automatic,4707,202,Second Hand,33.4,2000.0
Tesla,Model Y,2014,12145,Electric,Manual,4335,340,Second Hand,8.9,87294.47
Porsche,Cayenne,1988,172610,Petrol,Manual,4560,601,Second Hand,31.1,2000.0
Ferrari,Roma,2008,0,Electric,Manual,1105,308,Brand New,23.9,343452.12
Tesla,Model 3,1999,106321,Hybrid,Automatic,3346,223,Second Hand,28.4,2000.0
Mercedes-Benz,C-Class,2002,0,Petrol,Automatic,2997,402,Brand New,11.9,92797.03
Toyota,RAV4,1996,0,Electric,Manual,879,196,Brand New,12.5,32772.51
Mercedes-Benz,GLC,2002,63035,Petrol,Automatic,2996,156,Second Hand,28.0,2000.0
Porsche,911,2007,125055,Hybrid,Manual,889,75,Second Hand,28.6,2000.0
Audi,Q5,1985,0,Petrol,Manual,4452,554,Brand New,12.6,74739.97
BMW,X3,2004,0,Petrol,Manual,4040,250,Brand New,26.5,70757.7
Rolls-Royce,Phantom,2003,0,Electric,Manual,2273,68,Brand New,31.1,196861.78
Rolls-Royce,Ghost,2000,94995,Petrol,Automatic,2208,681,Second Hand,19.9,2000.0
Volvo,XC40,2019,212717,Diesel,Automatic,853,516,Second Hand,9.8,59965.65
Porsche,Macan,2015,119944,Petrol,Manual,871,487,Second Hand,21.9,27788.31
Rolls-Royce,Phantom,2009,161284,Diesel,Manual,2489,72,Second Hand,18.9,11107.33
Volkswagen,Passat,2005,229400,Diesel,Automatic,1720,585,Second Hand,17.1,2000.0
McLaren,570S,2021,0,Petrol,Automatic,4062,70,Brand New,25.8,211682.06
Mahindra,XUV500,2018,132574,Diesel,Manual,1645,261,Second Hand,33.7,5173.65
Porsche,911,2005,112827,Petrol,Automatic,1745,661,Second Hand,27.3,2000.0
Volkswagen,Polo,1986,0,Electric,Manual,2099,390,Brand New,13.9,27871.0
Mahindra,Scorpio,1993,0,Diesel,Automatic,1261,686,Brand New,17.3,28155.33
Rolls-Royce,Phantom,1994,0,Petrol,Manual,3717,364,Brand New,30.3,102699.45
Ferrari,488,1998,248406,Electric,Manual,4608,109,Second Hand,20.1,11702.29
Ford,Endeavour,2006,0,Petrol,Automatic,2111,668,Brand New,25.1,15504.7
Rolls-Royce,Phantom,1987,7703,Electric,Automatic,2249,575,Second Hand,15.5,2000.0
Honda,CRV,2006,0,Hybrid,Automatic,4219,237,Brand New,34.2,12718.21
Mercedes-Benz,GLC,2024,65193,Diesel,Automatic,4762,172,Second Hand,33.5,39626.83
Rolls-Royce,Phantom,2007,0,Hybrid,Manual,4084,66,Brand New,32.4,389309.02
Land Rover,Range Rover,1999,0,Diesel,Manual,4311,395,Brand New,33.8,89472.96
Mercedes-Benz,GLA,2013,0,Hybrid,Automatic,1069,256,Brand New,20.8,75658.68
Rolls-Royce,Phantom,1988,0,Electric,Manual,2939,453,Brand New,11.5,167816.48
Mahindra,Scorpio,1989,0,Diesel,Manual,2193,484,Brand New,34.6,36288.88
Volkswagen,Vento,2018,0,Diesel,Automatic,1807,118,Brand New,17.5,11401.12
Toyota,Fortuner,1993,0,Diesel,Manual,2120,672,Brand New,33.8,9120.84
Lamborghini,Huracan,1997,0,Petrol,Automatic,3835,383,Brand New,27.9,293336.8
Honda,City,1986,134183,Hybrid,Automatic,1124,373,Second Hand,31.3,2000.0
Kia,Seltos,2016,0,Petrol,Automatic,1708,310,Brand New,32.1,11787.1
Lamborghini,Huracan,2011,229233,Hybrid,Automatic,1163,144,Second Hand,32.8,40381.08
Porsche,Cayenne,2003,0,Petrol,Automatic,4683,625,Brand New,23.1,57606.53
Rolls-Royce,Ghost,2006,0,Diesel,Manual,4526,381,Brand New,19.1,320002.27
Land Rover,Discovery,1998,132074,Hybrid,Manual,3289,394,Second Hand,27.7,2000.0
Hyundai,Elantra,2023,17892,Electric,Manual,3066,643,Second Hand,10.2,19538.38
Volkswagen,Vento,1988,0,Petrol,Automatic,2892,302,Brand New,16.8,20290.34
Kia,Carnival,2023,73714,Electric,Manual,1513,293,Second Hand,11.0,6242.63
Tata,Harrier,2018,246796,Hybrid,Manual,1241,84,Second Hand,15.1,2000.0
Land Rover,Range Rover,2011,0,Hybrid,Automatic,907,187,Brand New,29.2,87075.12
BMW,X3,2014,123796,Electric,Manual,3909,480,Second Hand,9.1,25062.0
Ford,Endeavour,2011,0,Hybrid,Manual,1748,668,Brand New,17.0,23103.19
Honda,City,1994,98008,Petrol,Manual,994,387,Second Hand,13.1,2000.0
BMW,X5,2022,0,Petrol,Automatic,1204,587,Brand New,25.1,94504.67
Honda,CRV,2003,0,Hybrid,Automatic,825,401,Brand New,25.8,34559.9
BMW,X3,2011,0,Hybrid,Manual,3452,473,Brand New,9.6,79677.04
Volkswagen,Passat,2019,100787,Hybrid,Manual,3226,569,Second Hand,34.6,11862.82
Volkswagen,Vento,2019,69292,Electric,Automatic,3732,184,Second Hand,23.3,5657.88
Audi,A6,2019,0,Diesel,Automatic,3644,579,Brand New,12.3,65580.04
Tata,Harrier,1986,143294,Diesel,Automatic,4370,509,Second Hand,30.9,2000.0
Toyota,RAV4,2002,0,Hybrid,Manual,1280,331,Brand New,15.2,31455.78
Honda,CRV,2018,0,Hybrid,Automatic,817,316,Brand New,29.7,12496.41
Lamborghini,Huracan,2023,125967,Petrol,Manual,1454,144,Second Hand,23.3,291141.13
Kia,Carnival,2017,0,Diesel,Automatic,1066,398,Brand New,18.7,31019.27
Ford,Endeavour,2020,106393,Electric,Manual,3894,287,Second Hand,18.7,3768.22
Ferrari,Roma,2010,0,Petrol,Manual,1581,81,Brand New,22.1,334994.76
Honda,City,2015,66519,Electric,Automatic,3657,81,Second Hand,17.2,6230.97
Volkswagen,Polo,2003,180481,Diesel,Manual,1189,544,Second Hand,17.8,2000.0
Ford,Endeavour,2002,0,Electric,Manual,3205,674,Brand New,12.4,36576.44
Nissan,Micra,2017,146297,Electric,Manual,4850,436,Second Hand,32.0,14884.77
Lamborghini,Huracan,2006,0,Electric,Manual,2074,245,Brand New,11.3,429879.23
Toyota,Fortuner,2006,10878,Petrol,Automatic,985,110,Second Hand,8.6,5033.98
Tesla,Model 3,2006,0,Hybrid,Automatic,1999,378,Brand New,12.8,149305.98
Hyundai,Elantra,1995,187618,Diesel,Automatic,4416,95,Second Hand,10.5,2000.0
Volkswagen,Passat,2019,129821,Diesel,Manual,4516,592,Second Hand,9.2,7542.72
Tesla,Model 3,2019,0,Electric,Manual,4299,450,Brand New,10.3,114496.13
Ford,Endeavour,1999,82923,Hybrid,Manual,2710,62,Second Hand,25.3,3800.97
Hyundai,Elantra,2024,0,Diesel,Automatic,2138,531,Brand New,15.2,14536.74
Rolls-Royce,Phantom,2018,0,Diesel,Manual,4475,581,Brand New,21.9,375464.74
Ford,Mustang,2024,0,Electric,Automatic,2305,463,Brand New,8.1,17048.79
Tesla,Model 3,2022,44236,Electric,Automatic,1525,541,Second Hand,12.2,223733.56
Toyota,RAV4,2013,0,Hybrid,Manual,2103,596,Brand New,10.8,9617.68
McLaren,570S,2022,166315,Hybrid,Automatic,3309,530,Second Hand,24.5,223452.03
Tata,Nexon,1988,168353,Electric,Manual,1897,409,Second Hand,28.1,2000.0
Volkswagen,Polo,1993,104692,Hybrid,Automatic,2101,216,Second Hand,11.5,2000.0
Land Rover,Range Rover,1989,174663,Petrol,Automatic,1552,133,Second Hand,31.9,2000.0
Rolls-Royce,Ghost,1985,219236,Diesel,Automatic,3654,580,Second Hand,14.5,2000.0
Kia,Seltos,2015,152176,Electric,Manual,4711,299,Second Hand,10.1,2000.0
Nissan,Kicks,2009,227791,Electric,Automatic,3474,542,Second Hand,13.4,6162.97
Hyundai,i20,2005,231441,Hybrid,Automatic,3184,78,Second Hand,31.4,2000.0
Toyota,Corolla,1993,0,Hybrid,Manual,2786,79,Brand New,11.9,23575.67
Ferrari,488,1995,0,Hybrid,Automatic,3354,407,Brand New,15.5,229718.4
Volkswagen,Polo,2012,0,Diesel,Manual,3315,332,Brand New,31.8,18105.62
Nissan,Kicks,1991,236551,Electric,Automatic,1009,375,Second Hand,16.3,2000.0
Volkswagen,Passat,2000,177566,Petrol,Automatic,3503,576,Second Hand,18.8,2000.0
Audi,Q5,2006,181517,Electric,Automatic,4545,697,Second Hand,20.6,22477.08
Honda,CRV,2022,28703,Electric,Manual,3861,180,Second Hand,31.9,25736.16
Volkswagen,Vento,2019,0,Petrol,Manual,2123,411,Brand New,11.6,25892.44
Rolls-Royce,Ghost,2005,159749,Diesel,Automatic,4603,123,Second Hand,30.8,2000.0
Rolls-Royce,Ghost,2022,0,Petrol,Automatic,2915,298,Brand New,24.5,268937.76
Rolls-Royce,Ghost,2016,0,Electric,Manual,4077,333,Brand New,14.9,263175.83
Kia,Carnival,2024,213331,Hybrid,Automatic,4488,78,Second Hand,22.6,19672.46
McLaren,570S,2011,74777,Hybrid,Manual,1870,685,Second Hand,31.7,79493.52
Toyota,Corolla,2001,29833,Electric,Automatic,3260,161,Second Hand,28.1,2000.0
BMW,3 Series,2023,0,Petrol,Manual,3698,390,Brand New,29.5,97733.23
Mercedes-Benz,GLA,2014,157116,Electric,Manual,1088,115,Second Hand,13.1,19181.79
Mercedes-Benz,GLC,2006,0,Electric,Automatic,3349,130,Brand New,32.5,60532.79
Porsche,Macan,2002,0,Hybrid,Automatic,1139,66,Brand New,30.2,88985.34
Kia,Sonet,2010,147874,Petrol,Manual,2156,85,Second Hand,26.1,4452.96
Ferrari,488,2009,0,Electric,Automatic,3075,478,Brand New,22.4,228951.6
Volkswagen,Vento,1987,243430,Hybrid,Automatic,1720,244,Second Hand,15.7,2000.0
Tesla,Model X,1994,0,Hybrid,Manual,1667,414,Brand New,26.9,177134.33
Mahindra,Thar,1993,0,Petrol,Automatic,4191,222,Brand New,34.6,33495.51
Honda,City,2003,200232,Diesel,Manual,1930,326,Second Hand,33.8,2000.0
Honda,City,2011,154783,Hybrid,Manual,1913,475,Second Hand,13.4,5121.11
Volkswagen,Vento,1988,0,Petrol,Manual,3155,407,Brand New,23.6,29707.35
Hyundai,i20,2010,0,Electric,Automatic,4986,384,Brand New,29.0,10503.54
Rolls-Royce,Ghost,1986,175773,Hybrid,Automatic,2828,483,Second Hand,15.6,2000.0
Tata,Safari,2018,0,Diesel,Manual,1133,681,Brand New,18.9,35068.45
Toyota,Corolla,2009,125149,Hybrid,Automatic,3588,246,Second Hand,16.9,2000.0
Nissan,Micra,2002,0,Petrol,Manual,847,414,Brand New,22.2,30759.21
Nissan,Kicks,1994,0,Electric,Manual,3736,174,Brand New,18.8,18586.8
Hyundai,Verna,2012,0,Electric,Manual,2669,508,Brand New,12.2,25779.44
Kia,Seltos,2005,22813,Electric,Automatic,4196,419,Second Hand,9.2,2951.07
Land Rover,Range Rover,2005,240063,Petrol,Manual,3773,66,Second Hand,31.1,17993.53
Ford,Figo,1991,0,Hybrid,Automatic,4245,574,Brand New,16.7,39399.09
Honda,Civic,2010,0,Petrol,Manual,3070,111,Brand New,23.3,27396.38
McLaren,570S,2005,87179,Electric,Manual,2801,103,Second Hand,20.8,2000.0
Tesla,Model S,2009,134757,Electric,Manual,1873,679,Second Hand,16.5,19680.0
Nissan,Magnite,1996,91523,Electric,Automatic,4500,113,Second Hand,18.5,2000.0
Rolls-Royce,Ghost,2024,0,Petrol,Automatic,4932,321,Brand New,9.5,382448.61
Land Rover,Range Rover,1999,0,Diesel,Manual,4541,464,Brand New,11.7,95276.76
Honda,Civic,2012,0,Hybrid,Automatic,3790,550,Brand New,9.8,14376.67
BMW,3 Series,2023,0,Hybrid,Automatic,966,252,Brand New,26.9,80718.08
McLaren,570S,1987,0,Petrol,Automatic,3791,609,Brand New,9.4,179835.97
Tesla,Model 3,2005,0,Hybrid,Automatic,3539,227,Brand New,29.2,157351.69
Mercedes-Benz,E-Class,1994,0,Electric,Automatic,4516,635,Brand New,30.4,95368.56
BMW,X3,2000,0,Electric,Automatic,3800,205,Brand New,14.8,73402.69
Tesla,Model S,2003,233211,Electric,Manual,3130,637,Second Hand,21.7,2000.0
Porsche,Cayenne,1993,158281,Electric,Manual,2794,503,Second Hand,35.0,2000.0
Volkswagen,Polo,2024,0,Diesel,Automatic,4952,197,Brand New,20.5,10724.15
Volvo,XC60,1991,0,Electric,Manual,3975,95,Brand New,23.2,94484.01
Mercedes-Benz,C-Class,1989,211834,Electric,Manual,4623,666,Second Hand,25.0,2000.0
Porsche,911,2024,94202,Hybrid,Automatic,3657,668,Second Hand,13.5,55977.82
Toyota,Fortuner,2022,0,Electric,Manual,1615,202,Brand New,19.1,28257.95
Rolls-Royce,Phantom,1993,0,Petrol,Automatic,3701,221,Brand New,15.1,278978.8
Mercedes-Benz,GLA,2009,0,Petrol,Manual,3609,545,Brand New,34.2,53088.97
Rolls-Royce,Phantom,2000,0,Petrol,Manual,3537,71,Brand New,24.6,159877.5
Toyota,Camry,1999,0,Petrol,Automatic,4469,663,Brand New,34.7,13707.18
Hyundai,Creta,2001,0,Diesel,Manual,2919,381,Brand New,24.5,21312.14
Porsche,911,1986,188623,Hybrid,Manual,3530,638,Second Hand,29.2,2000.0
BMW,X3,1988,152956,Diesel,Manual,2497,350,Second Hand,28.6,2000.0
Lamborghini,Aventador,1998,0,Diesel,Manual,3915,627,Brand New,11.9,410823.14
Porsche,Macan,2007,40457,Petrol,Manual,3181,577,Second Hand,22.4,16593.75
Tesla,Model X,2010,8724,Electric,Manual,4055,303,Second Hand,32.4,20894.07
Volvo,XC40,1994,0,Petrol,Automatic,4774,317,Brand New,19.5,85312.29
Hyundai,Elantra,2011,0,Electric,Automatic,931,90,Brand New,11.2,20439.89
Audi,A4,2004,164580,Electric,Automatic,3982,406,Second Hand,8.2,2000.0
Ferrari,488,2021,0,Hybrid,Manual,1817,440,Brand New,15.6,355272.69
Audi,Q3,2021,0,Hybrid,Manual,3577,559,Brand New,14.4,69742.1
Tesla,Model Y,2021,0,Petrol,Manual,4484,152,Brand New,19.0,264622.01
Volkswagen,Vento,1997,0,Hybrid,Manual,2828,607,Brand New,21.0,16451.81
Ferrari,488,1996,0,Petrol,Automatic,2886,690,Brand New,11.7,397540.38
Volkswagen,Vento,2024,132507,Petrol,Manual,1605,271,Second Hand,16.5,11702.86
Ferrari,Roma,1990,0,Petrol,Automatic,1327,677,Brand New,13.7,430185.82
Lamborghini,Huracan,2008,0,Electric,Automatic,3531,182,Brand New,24.8,304409.76
Land Rover,Range Rover,2024,192496,Electric,Manual,2910,294,Second Hand,19.3,78259.24
Nissan,Magnite,2010,16223,Petrol,Manual,1244,345,Second Hand,16.2,6813.91
Ford,Figo,1985,54395,Hybrid,Manual,2274,517,Second Hand,24.7,2000.0
Land Rover,Discovery,2004,141819,Electric,Automatic,2039,76,Second Hand,27.9,2000.0
Audi,Q5,2013,99790,Electric,Manual,2270,466,Second Hand,11.9,26626.03
Kia,Carnival,1990,0,Hybrid,Manual,4799,535,Brand New,32.9,15872.17
Ferrari,488,1991,9549,Electric,Automatic,2001,506,Second Hand,24.1,2000.0
Rolls-Royce,Phantom,2022,98373,Diesel,Automatic,2657,414,Second Hand,16.8,169903.33
Honda,City,1996,0,Diesel,Automatic,4686,370,Brand New,22.6,29964.45
Honda,CRV,2020,60508,Hybrid,Manual,3813,514,Second Hand,8.4,20675.51
Audi,Q3,1986,0,Hybrid,Manual,4901,221,Brand New,21.3,75696.77
Toyota,Corolla,2002,0,Petrol,Automatic,1502,332,Brand New,33.6,36220.12
Tata,Nexon,1986,214349,Hybrid,Automatic,2376,156,Second Hand,8.4,2000.0
Lamborghini,Aventador,2021,0,Petrol,Automatic,2527,165,Brand New,24.6,145982.78
Mahindra,Thar,1994,0,Hybrid,Automatic,4796,551,Brand New,20.4,16579.09
BMW,5 Series,2018,0,Diesel,Manual,4498,677,Brand New,8.6,87096.48
McLaren,570S,2008,0,Electric,Automatic,1797,614,Brand New,29.6,155638.02
Nissan,Micra,2010,144662,Electric,Manual,2145,479,Second Hand,16.8,2000.0
Tesla,Model 3,2001,236961,Diesel,Manual,4677,154,Second Hand,32.2,2000.0
Honda,City,1991,6170,Petrol,Automatic,1575,511,Second Hand,19.8,2000.0
Honda,CRV,2019,223330,Electric,Automatic,4871,682,Second Hand,30.2,14177.31
BMW,5 Series,1997,0,Hybrid,Automatic,3134,167,Brand New,14.5,63781.02
Lamborghini,Aventador,2016,0,Diesel,Manual,2066,366,Brand New,33.8,143067.27
Ferrari,Roma,1988,209410,Diesel,Automatic,1164,188,Second Hand,10.4,2000.0
McLaren,570S,2000,222327,Petrol,Manual,3447,542,Second Hand,13.2,3107.32
Tata,Harrier,1996,0,Hybrid,Automatic,2070,358,Brand New,24.2,35405.41
Tata,Safari,2007,123591,Petrol,Manual,4450,262,Second Hand,25.1,2000.0
BMW,X5,2012,0,Petrol,Manual,2077,380,Brand New,14.9,68903.0
Porsche,911,2004,34578,Hybrid,Manual,4833,513,Second Hand,32.3,2000.0
Ferrari,Roma,2012,0,Diesel,Automatic,2993,492,Brand New,13.6,142481.76
Ferrari,488,2018,0,Electric,Automatic,4625,122,Brand New,31.5,295500.77
Ferrari,488,1989,0,Petrol,Manual,1952,512,Brand New,15.4,261901.71
Land Rover,Discovery,2022,0,Electric,Manual,2639,493,Brand New,17.6,54126.51
Tesla,Model X,2004,0,Hybrid,Automatic,2603,130,Brand New,12.3,273391.78
Ford,Mustang,2013,0,Hybrid,Automatic,948,435,Brand New,25.8,19290.08
Rolls-Royce,Ghost,2009,0,Diesel,Automatic,1417,668,Brand New,21.1,335181.56
Volkswagen,Passat,1987,0,Hybrid,Automatic,4414,169,Brand New,14.6,34142.48
Honda,CRV,2004,0,Diesel,Automatic,4232,72,Brand New,25.2,9846.51
Hyundai,Elantra,2004,187707,Petrol,Automatic,3400,111,Second Hand,30.2,2000.0
Audi,A4,1999,0,Diesel,Manual,4560,502,Brand New,15.6,85323.26
Tesla,Model S,2008,0,Electric,Manual,4510,536,Brand New,16.0,302824.99
Ford,Figo,1987,128230,Diesel,Automatic,4850,261,Second Hand,9.2,2000.0
Audi,A4,2000,75326,Petrol,Manual,2764,503,Second Hand,33.4,2000.0
Kia,Seltos,2019,221678,Diesel,Automatic,3630,631,Second Hand,11.9,3245.98
Hyundai,i20,2001,0,Hybrid,Manual,1348,407,Brand New,13.1,8755.51
Land Rover,Discovery,1992,177748,Electric,Manual,3055,168,Second Hand,31.6,2000.0
Land Rover,Range Rover,2000,185788,Hybrid,Automatic,2207,626,Second Hand,34.5,2000.0
McLaren,720S,2016,132566,Petrol,Manual,2112,143,Second Hand,27.5,97803.86
Toyota,Fortuner,2014,0,Electric,Manual,2461,219,Brand New,17.1,38421.43
Toyota,Camry,1987,0,Petrol,Automatic,2760,359,Brand New,29.1,17415.71
Volkswagen,Polo,1986,246775,Electric,Manual,1926,493,Second Hand,22.0,2000.0
Land Rover,Discovery,1990,225476,Diesel,Manual,1465,77,Second Hand,14.3,2000.0
McLaren,570S,1987,0,Diesel,Manual,3358,594,Brand New,25.0,389880.15
Mercedes-Benz,GLC,2003,232092,Petrol,Manual,3778,438,Second Hand,12.9,2000.0
Volkswagen,Passat,1999,102436,Petrol,Automatic,4964,575,Second Hand,23.5,2000.0
Audi,A4,2006,246027,Petrol,Automatic,2361,609,Second Hand,14.6,2000.0
Mercedes-Benz,GLC,2009,131010,Diesel,Automatic,3317,464,Second Hand,26.4,19156.37
Nissan,Micra,2018,150233,Petrol,Manual,2451,476,Second Hand,19.4,13898.41
Ferrari,Roma,1995,14247,Electric,Manual,3689,469,Second Hand,28.3,2000.0
Kia,Carnival,2003,0,Diesel,Manual,3698,424,Brand New,25.8,15175.25
Audi,A6,2013,0,Petrol,Automatic,4789,63,Brand New,34.7,110917.33
Porsche,911,1987,0,Petrol,Manual,1603,211,Brand New,32.5,63701.88
Rolls-Royce,Phantom,1998,0,Diesel,Manual,912,601,Brand New,9.9,343404.56
Ferrari,488,1997,245364,Diesel,Automatic,1153,305,Second Hand,21.1,2000.0
Rolls-Royce,Ghost,2010,0,Electric,Manual,858,139,Brand New,9.4,245476.04
Ford,Endeavour,1994,58031,Petrol,Automatic,2269,351,Second Hand,31.7,2000.0
Porsche,Macan,2011,0,Electric,Automatic,1181,289,Brand New,23.1,59297.89
Ferrari,Roma,1995,0,Electric,Manual,4543,622,Brand New,29.0,278809.53
McLaren,570S,2010,182048,Diesel,Automatic,949,448,Second Hand,18.3,63316.67
Mahindra,XUV500,1996,63365,Hybrid,Manual,2298,290,Second Hand,10.7,2000.0
Toyota,Camry,2017,59560,Diesel,Manual,2019,90,Second Hand,20.6,6628.2
Tesla,Model 3,2012,0,Petrol,Manual,1405,647,Brand New,15.9,202310.07
Tata,Harrier,2011,0,Diesel,Automatic,1158,609,Brand New,23.0,21601.18
Hyundai,i20,2015,190488,Petrol,Automatic,1907,383,Second Hand,29.7,8140.6
Volvo,S60,1989,178419,Diesel,Manual,3412,271,Second Hand,18.9,2000.0
Tata,Harrier,2008,11118,Diesel,Automatic,3257,188,Second Hand,14.9,5405.94
McLaren,570S,1999,202740,Petrol,Manual,2414,278,Second Hand,13.9,2000.0
Lamborghini,Aventador,2011,172626,Electric,Manual,1362,500,Second Hand,10.4,55375.3
McLaren,720S,2021,0,Electric,Automatic,4163,643,Brand New,25.9,240087.38
Tata,Safari,2011,0,Diesel,Automatic,4609,173,Brand New,20.2,20487.71
Volkswagen,Polo,2011,0,Petrol,Automatic,993,342,Brand New,21.4,27843.83
Honda,Civic,1985,0,Diesel,Automatic,986,234,Brand New,20.2,20209.87
Honda,Civic,2017,61704,Hybrid,Automatic,2919,669,Second Hand,17.7,15925.44
Tata,Nexon,2017,0,Petrol,Automatic,3617,75,Brand New,30.6,24627.58
Rolls-Royce,Phantom,2023,177773,Diesel,Manual,4577,540,Second Hand,12.0,205298.07
BMW,5 Series,1992,37414,Diesel,Automatic,1289,571,Second Hand,28.0,2000.0
Tata,Harrier,1985,63579,Diesel,Automatic,4235,621,Second Hand,18.4,2000.0
Nissan,Kicks,1999,5933,Electric,Manual,4987,99,Second Hand,14.6,2000.0
Volvo,XC60,1989,0,Electric,Manual,3810,408,Brand New,10.0,89286.92
Porsche,Cayenne,1998,0,Electric,Automatic,1617,150,Brand New,29.3,41986.81
McLaren,720S,2016,0,Hybrid,Manual,4293,378,Brand New,25.8,146181.39
Mahindra,Scorpio,2023,0,Hybrid,Manual,2605,391,Brand New,34.9,27097.86
Porsche,Macan,2022,246899,Diesel,Automatic,4758,336,Second Hand,20.2,73070.97
Ford,Endeavour,1989,212400,Hybrid,Automatic,2225,619,Second Hand,11.4,2000.0
Ferrari,488,2024,91359,Hybrid,Manual,2198,426,Second Hand,33.2,89809.72
Audi,Q5,1999,0,Petrol,Automatic,2089,301,Brand New,10.4,49225.3
Hyundai,Verna,2018,75234,Petrol,Manual,961,447,Second Hand,15.9,18621.55
BMW,X3,2015,0,Diesel,Manual,1194,115,Brand New,9.5,80160.56
Rolls-Royce,Phantom,1993,241465,Electric,Automatic,4047,630,Second Hand,17.7,2000.0
BMW,5 Series,1994,0,Hybrid,Manual,1630,458,Brand New,24.7,97063.38
McLaren,720S,2011,142274,Hybrid,Manual,1791,580,Second Hand,24.3,46337.58
Volkswagen,Polo,1989,74657,Petrol,Automatic,2830,524,Second Hand,22.8,2000.0
BMW,3 Series,1991,5656,Hybrid,Automatic,2380,673,Second Hand,8.9,2000.0
Volvo,XC40,1993,0,Diesel,Automatic,3940,573,Brand New,17.1,53183.72
Volkswagen,Vento,1991,229509,Hybrid,Automatic,3462,633,Second Hand,13.9,2000.0
Mahindra,Scorpio,2019,23539,Electric,Manual,3227,263,Second Hand,30.4,12783.83
Ford,Mustang,2015,0,Petrol,Automatic,3723,505,Brand New,16.5,32564.81
Audi,Q5,2013,0,Hybrid,Manual,4123,574,Brand New,27.6,79032.36
McLaren,570S,2020,0,Electric,Automatic,1707,577,Brand New,24.2,434564.82
McLaren,570S,1994,61486,Hybrid,Manual,884,676,Second Hand,32.8,2000.0
Tata,Nexon,2020,0,Electric,Manual,3999,117,Brand New,23.6,30941.22
Volkswagen,Polo,2008,0,Petrol,Manual,3971,689,Brand New,9.6,8716.76
BMW,5 Series,2006,162641,Petrol,Manual,4047,456,Second Hand,30.4,12915.63
Audi,Q5,2015,110223,Petrol,Manual,3828,267,Second Hand,23.3,36203.23
Tesla,Model S,1992,245493,Diesel,Automatic,2241,547,Second Hand,8.7,2000.0
Land Rover,Discovery,2018,164549,Diesel,Manual,4443,313,Second Hand,11.2,63498.24
Rolls-Royce,Phantom,2023,0,Hybrid,Manual,3018,218,Brand New,14.4,325657.08
Audi,A6,2020,0,Diesel,Manual,3586,269,Brand New,30.1,61639.19
Mahindra,XUV500,1995,31783,Hybrid,Automatic,4686,109,Second Hand,28.0,2000.0
Volvo,XC60,2007,195739,Electric,Automatic,2255,515,Second Hand,24.6,21851.84
Audi,Q3,2020,0,Electric,Manual,4571,542,Brand New,13.5,78723.88
Ford,Figo,2024,0,Diesel,Automatic,1649,508,Brand New,32.0,23748.71
Audi,Q5,2003,0,Petrol,Manual,1339,551,Brand New,34.8,95679.4
McLaren,720S,2007,70661,Petrol,Manual,1446,187,Second Hand,25.1,34397.38
Mercedes-Benz,GLA,1989,0,Diesel,Manual,1194,470,Brand New,24.8,93331.63
Audi,A6,1994,0,Hybrid,Automatic,3754,340,Brand New,10.5,82297.28
Land Rover,Discovery,2024,57897,Hybrid,Automatic,3071,644,Second Hand,27.0,52645.62
Land Rover,Discovery,1988,0,Electric,Automatic,4272,230,Brand New,31.7,105703.74
McLaren,570S,1993,0,Diesel,Automatic,1464,615,Brand New,30.5,130902.27
Tata,Harrier,1991,149976,Petrol,Manual,2084,658,Second Hand,13.6,2000.0
Lamborghini,Huracan,1995,0,Hybrid,Manual,4307,591,Brand New,30.4,327945.92
McLaren,720S,2000,0,Diesel,Automatic,1276,214,Brand New,13.1,180538.6
Hyundai,i20,2013,54142,Diesel,Automatic,3295,502,Second Hand,19.1,3710.5
Kia,Sonet,2018,36533,Electric,Automatic,3436,243,Second Hand,23.2,12145.93
Honda,CRV,2018,9054,Petrol,Automatic,4081,162,Second Hand,8.8,24384.52
Ford,Figo,2014,0,Diesel,Automatic,2270,377,Brand New,12.4,18429.17
Honda,CRV,2024,116857,Diesel,Manual,4861,252,Second Hand,27.7,30633.41
Audi,A4,1986,0,Diesel,Automatic,4278,372,Brand New,34.6,92756.82
Tesla,Model 3,2013,59941,Diesel,Automatic,4258,358,Second Hand,11.0,135651.22
Volkswagen,Polo,2006,0,Diesel,Automatic,4477,661,Brand New,21.9,37716.59
Mahindra,Scorpio,2003,138805,Diesel,Automatic,1125,517,Second Hand,16.3,2000.0
Tesla,Model X,1993,0,Diesel,Manual,4689,394,Brand New,8.2,336804.31
Tata,Safari,2013,0,Petrol,Automatic,4662,415,Brand New,11.1,28112.89
McLaren,720S,1992,175909,Electric,Manual,4177,565,Second Hand,10.1,2000.0
Tata,Safari,2012,0,Hybrid,Manual,849,601,Brand New,20.3,34663.94
Ford,Figo,1994,29868,Hybrid,Automatic,3658,306,Second Hand,12.3,2000.0
Kia,Seltos,2008,187476,Diesel,Automatic,2753,594,Second Hand,34.4,2000.0
Hyundai,i20,2010,200322,Electric,Automatic,2403,139,Second Hand,27.6,3611.94
Lamborghini,Aventador,2000,0,Hybrid,Automatic,4542,162,Brand New,27.5,351692.46
Mahindra,Scorpio,1985,62013,Petrol,Manual,2907,288,Second Hand,16.4,2000.0
Honda,Civic,2021,143389,Electric,Automatic,2714,358,Second Hand,13.2,13569.13
Nissan,Micra,2013,206487,Diesel,Automatic,4493,253,Second Hand,12.1,3039.74
Land Rover,Discovery,1991,0,Petrol,Automatic,3480,564,Brand New,10.6,103614.12
Lamborghini,Huracan,2005,0,Petrol,Manual,1143,444,Brand New,27.7,222408.61
Volvo,S60,2005,137642,Diesel,Automatic,4749,403,Second Hand,27.1,2000.0
Land Rover,Range Rover,1997,0,Diesel,Manual,1199,445,Brand New,11.4,81378.42
Mahindra,Scorpio,2013,0,Hybrid,Manual,3435,248,Brand New,17.5,36856.77
Toyota,Camry,1999,0,Petrol,Automatic,1191,526,Brand New,21.8,22665.89
Lamborghini,Aventador,2014,0,Petrol,Automatic,1041,487,Brand New,14.5,378838.37
Toyota,Camry,2003,201969,Electric,Automatic,3351,171,Second Hand,31.8,2000.0
Rolls-Royce,Phantom,1998,75607,Diesel,Automatic,1525,193,Second Hand,13.2,2000.0
Nissan,Kicks,1994,0,Hybrid,Manual,3816,110,Brand New,25.0,21409.88
Tesla,Model S,2000,246706,Petrol,Automatic,4097,123,Second Hand,27.2,4319.74
Toyota,Fortuner,1988,0,Hybrid,Automatic,968,221,Brand New,16.6,23111.16
Volvo,XC60,1999,230857,Hybrid,Automatic,1329,452,Second Hand,33.1,2000.0
McLaren,720S,1994,0,Diesel,Manual,977,665,Brand New,12.7,144560.52
Porsche,Macan,2023,0,Electric,Automatic,1774,630,Brand New,21.4,83822.32
Mercedes-Benz,E-Class,1999,0,Electric,Manual,2456,398,Brand New,18.6,93492.11
Tesla,Model 3,2017,22725,Diesel,Automatic,4503,270,Second Hand,19.1,95817.22
Porsche,Cayenne,2019,0,Hybrid,Automatic,1105,305,Brand New,11.2,94226.4
Rolls-Royce,Ghost,2003,215149,Electric,Automatic,3193,178,Second Hand,25.7,18306.82
Toyota,Camry,2019,54421,Hybrid,Automatic,2431,161,Second Hand,11.4,6202.65
Honda,CRV,2009,103349,Petrol,Automatic,1815,305,Second Hand,30.0,4628.51
Volvo,XC40,2023,0,Hybrid,Automatic,3547,268,Brand New,10.8,64400.58
Mercedes-Benz,GLC,1995,0,Petrol,Manual,4071,674,Brand New,28.9,94390.43
Honda,City,1987,0,Electric,Manual,2124,513,Brand New,10.3,17967.36
Honda,City,1989,0,Electric,Manual,2978,288,Brand New,30.9,40096.16
Land Rover,Range Rover,2023,0,Electric,Manual,3343,190,Brand New,24.1,94258.68
Land Rover,Range Rover,1994,43445,Diesel,Manual,4774,112,Second Hand,22.0,2000.0
Volkswagen,Polo,2001,0,Petrol,Automatic,1651,397,Brand New,32.5,37234.65
BMW,X3,2020,239712,Hybrid,Manual,2779,555,Second Hand,33.0,59695.36
Rolls-Royce,Ghost,2020,215712,Electric,Automatic,3376,588,Second Hand,13.0,248579.07
Rolls-Royce,Phantom,2002,190960,Electric,Automatic,2918,590,Second Hand,34.1,64265.17
Volkswagen,Polo,2017,123436,Diesel,Automatic,4706,303,Second Hand,19.4,2708.38
Volvo,S60,2008,0,Electric,Manual,1067,305,Brand New,9.3,90156.07
Kia,Sonet,1996,0,Diesel,Manual,4620,561,Brand New,18.6,30879.88
Ford,Figo,1999,0,Diesel,Manual,1241,158,Brand New,12.1,16274.88
Volkswagen,Vento,2010,0,Diesel,Automatic,2990,506,Brand New,22.4,17105.85
Ford,Mustang,2022,214488,Electric,Automatic,1509,289,Second Hand,22.1,5199.71
BMW,X3,2022,216499,Hybrid,Automatic,3201,193,Second Hand,11.6,36650.32
Ford,Mustang,2009,0,Diesel,Automatic,2962,668,Brand New,25.3,21979.08
Ferrari,488,1987,240406,Hybrid,Automatic,2110,93,Second Hand,23.5,2000.0
Ford,Endeavour,2002,0,Electric,Manual,3885,567,Brand New,15.3,30774.36
Toyota,Corolla,2017,229182,Hybrid,Automatic,2041,445,Second Hand,18.2,10362.46
Mahindra,Scorpio,2003,0,Petrol,Automatic,3273,183,Brand New,22.5,13059.58
Ferrari,Roma,2024,48505,Diesel,Manual,3009,427,Second Hand,26.7,294671.25
Volkswagen,Vento,2007,189844,Petrol,Automatic,2963,225,Second Hand,15.7,2000.0
Rolls-Royce,Ghost,2016,216494,Hybrid,Automatic,817,551,Second Hand,13.8,114034.52
Audi,Q5,2005,228885,Diesel,Automatic,3047,591,Second Hand,20.9,2000.0
McLaren,570S,2014,20752,Electric,Manual,3061,531,Second Hand,15.0,126979.68
Volkswagen,Polo,2000,183631,Electric,Manual,2646,390,Second Hand,21.9,2000.0
Rolls-Royce,Ghost,1996,0,Diesel,Manual,3276,698,Brand New,29.8,436772.25
Tesla,Model X,1988,0,Electric,Manual,1451,491,Brand New,21.3,139224.29
McLaren,570S,1993,0,Diesel,Manual,1963,224,Brand New,32.0,386397.34
Lamborghini,Huracan,1989,86009,Electric,Manual,2720,315,Second Hand,27.3,2000.0
Ferrari,488,1996,34495,Petrol,Automatic,2558,77,Second Hand,17.4,2000.0
Tesla,Model X,1994,242454,Diesel,Manual,2240,337,Second Hand,16.4,2000.0
Toyota,Camry,1991,0,Hybrid,Manual,3117,61,Brand New,29.9,16946.6
Volvo,S60,1986,244713,Petrol,Manual,889,182,Second Hand,16.5,2000.0
Ferrari,488,1995,0,Diesel,Manual,2931,493,Brand New,20.8,159429.91
Land Rover,Discovery,2019,78297,Petrol,Automatic,1131,79,Second Hand,9.6,63485.54
Volkswagen,Polo,1999,65515,Hybrid,Manual,2224,175,Second Hand,20.1,2000.0
Volkswagen,Passat,1998,0,Diesel,Automatic,1175,429,Brand New,31.4,35046.09
Audi,A4,2000,0,Electric,Automatic,1105,296,Brand New,28.1,114013.38
Volkswagen,Polo,1992,0,Diesel,Automatic,1621,280,Brand New,13.6,23407.17
Rolls-Royce,Ghost,2019,0,Electric,Manual,4474,499,Brand New,23.7,440521.4
Rolls-Royce,Phantom,2011,39361,Electric,Automatic,1287,598,Second Hand,34.9,42649.38
Honda,Civic,2019,0,Hybrid,Manual,3979,435,Brand New,24.0,35205.57
Lamborghini,Huracan,1985,65822,Petrol,Manual,2043,447,Second Hand,30.1,2000.0
Land Rover,Range Rover,1991,142236,Electric,Automatic,2397,300,Second Hand,16.1,2000.0
Ferrari,488,1991,86570,Petrol,Manual,4992,193,Second Hand,14.8,2000.0
Mahindra,XUV500,1993,59565,Petrol,Automatic,2380,148,Second Hand,32.1,2000.0
Mercedes-Benz,GLC,2006,0,Hybrid,Automatic,3034,109,Brand New,30.5,65528.69
Tata,Harrier,1995,210477,Diesel,Manual,2930,517,Second Hand,15.1,2000.0
Hyundai,Elantra,1989,14236,Diesel,Automatic,2588,282,Second Hand,31.8,2000.0
Lamborghini,Huracan,2009,180198,Electric,Automatic,4920,245,Second Hand,32.7,2000.0
Rolls-Royce,Ghost,2005,113750,Diesel,Manual,3214,134,Second Hand,29.5,2000.0
Volkswagen,Vento,2013,75643,Petrol,Manual,1644,429,Second Hand,28.6,2000.0
Land Rover,Discovery,2007,0,Petrol,Manual,1163,461,Brand New,19.2,42842.48
Nissan,Micra,1993,0,Electric,Automatic,1453,682,Brand New,32.1,10388.1
Toyota,Camry,2007,238547,Petrol,Automatic,844,233,Second Hand,18.0,2000.0
Ford,Mustang,2018,138918,Hybrid,Manual,1520,631,Second Hand,13.5,6612.24
Ferrari,488,2003,0,Diesel,Automatic,996,619,Brand New,11.9,335300.47
Porsche,Cayenne,2024,0,Hybrid,Automatic,1951,603,Brand New,15.3,62414.36
Porsche,Macan,2011,21797,Electric,Manual,2989,469,Second Hand,17.1,38900.38
Land Rover,Discovery,1998,38686,Diesel,Manual,4340,321,Second Hand,20.5,2000.0
Ferrari,488,1985,57443,Diesel,Automatic,2510,682,Second Hand,11.2,2000.0
Porsche,Cayenne,2020,0,Hybrid,Automatic,4938,291,Brand New,24.8,92437.6
Rolls-Royce,Ghost,2021,224266,Diesel,Manual,999,272,Second Hand,20.0,280618.93
Ford,Endeavour,1993,0,Hybrid,Automatic,994,352,Brand New,8.6,12681.01
Land Rover,Discovery,2000,169870,Petrol,Automatic,4798,494,Second Hand,13.4,2000.0
Mercedes-Benz,E-Class,1990,7748,Petrol,Manual,1883,503,Second Hand,12.2,2000.0
Lamborghini,Aventador,2006,0,Hybrid,Manual,3203,581,Brand New,10.6,307182.45
Audi,A4,2020,130974,Hybrid,Manual,2928,397,Second Hand,20.6,56638.56
Ford,Endeavour,1995,0,Hybrid,Automatic,3776,588,Brand New,21.5,14998.02
Mercedes-Benz,C-Class,2010,0,Hybrid,Manual,1740,318,Brand New,31.5,108075.78
Nissan,Magnite,1996,96331,Petrol,Automatic,4423,375,Second Hand,27.3,2000.0
Toyota,Corolla,2017,166782,Electric,Automatic,4057,196,Second Hand,16.7,7049.2
Toyota,Camry,2006,0,Petrol,Automatic,1165,386,Brand New,21.0,27409.93
Mercedes-Benz,GLA,2012,0,Petrol,Manual,3690,125,Brand New,17.0,65197.91
Volvo,XC40,1994,110975,Diesel,Manual,3222,213,Second Hand,11.7,2000.0
Porsche,911,1992,0,Electric,Manual,3113,542,Brand New,33.5,106790.33
McLaren,720S,2019,149745,Diesel,Manual,1452,228,Second Hand,12.4,211252.62
Audi,Q5,2016,190354,Diesel,Manual,2586,435,Second Hand,30.4,27485.88
Nissan,Micra,2006,188101,Diesel,Automatic,4337,337,Second Hand,26.1,2000.0
Honda,CRV,2016,0,Petrol,Manual,4083,338,Brand New,21.5,34942.1
Tesla,Model Y,2004,0,Electric,Manual,4903,480,Brand New,25.8,140330.52
Honda,Accord,2023,0,Hybrid,Automatic,3815,349,Brand New,11.2,19199.92
Tesla,Model S,2002,0,Diesel,Manual,4000,125,Brand New,26.8,176903.0
Honda,City,1995,0,Hybrid,Automatic,856,449,Brand New,10.5,35320.47
Land Rover,Discovery,2011,43115,Hybrid,Automatic,3913,299,Second Hand,10.7,14538.73
Volvo,S60,2018,0,Diesel,Automatic,3576,646,Brand New,13.3,86714.92
Mahindra,Thar,1992,203838,Electric,Manual,3392,254,Second Hand,29.9,2000.0
Ford,Figo,2017,0,Electric,Manual,3765,231,Brand New,34.9,40325.0
Honda,Accord,2020,207102,Hybrid,Automatic,3007,381,Second Hand,29.8,24321.84
Audi,A4,2015,109563,Petrol,Automatic,1903,565,Second Hand,16.7,35472.24
BMW,5 Series,1986,240354,Petrol,Manual,4307,495,Second Hand,24.4,2000.0
Ford,Mustang,1987,181300,Diesel,Manual,2639,605,Second Hand,30.3,2000.0
Volkswagen,Vento,1988,0,Hybrid,Automatic,1201,617,Brand New,26.3,26217.17
Tata,Harrier,2023,44545,Petrol,Automatic,3189,697,Second Hand,26.3,6832.83
Nissan,Kicks,1997,244220,Electric,Automatic,1987,125,Second Hand,13.3,2000.0
Mercedes-Benz,GLC,1996,101878,Diesel,Manual,2153,412,Second Hand,32.7,2000.0
Honda,City,2010,26818,Diesel,Automatic,4029,234,Second Hand,21.3,14957.49
Rolls-Royce,Ghost,2017,149941,Diesel,Manual,4016,507,Second Hand,32.8,180366.98
Kia,Seltos,2005,124706,Petrol,Automatic,3613,527,Second Hand,29.4,2000.0
Tesla,Model 3,2005,59327,Petrol,Automatic,2120,202,Second Hand,34.9,62149.43
Lamborghini,Aventador,1991,95881,Petrol,Manual,1057,642,Second Hand,33.8,2000.0
Porsche,Macan,2013,117847,Diesel,Automatic,4007,64,Second Hand,12.2,22250.63
Land Rover,Discovery,2022,98990,Diesel,Automatic,2381,119,Second Hand,23.1,67284.98
Tata,Safari,1987,248791,Hybrid,Automatic,2776,604,Second Hand,18.7,2000.0
Kia,Carnival,2011,0,Electric,Automatic,2719,292,Brand New,31.4,10445.15
Ferrari,Roma,1990,113304,Electric,Manual,2086,263,Second Hand,20.4,2000.0
McLaren,570S,2012,138783,Diesel,Manual,1740,543,Second Hand,34.0,48041.26
Nissan,Magnite,1997,0,Hybrid,Automatic,4416,126,Brand New,30.8,26729.61
Tesla,Model Y,1990,0,Hybrid,Automatic,2874,557,Brand New,32.9,136568.46
McLaren,570S,2016,174230,Hybrid,Automatic,1027,467,Second Hand,29.1,136828.88
McLaren,720S,1994,189479,Hybrid,Automatic,1176,529,Second Hand,32.6,2000.0
Land Rover,Discovery,2023,0,Electric,Automatic,1614,484,Brand New,33.6,71017.05
Honda,Civic,2007,131519,Electric,Automatic,3386,342,Second Hand,15.8,2000.0
Mahindra,Thar,2019,118672,Petrol,Automatic,803,607,Second Hand,16.3,4269.33
Porsche,911,2020,0,Petrol,Automatic,3825,64,Brand New,16.9,84125.69
Tata,Nexon,2020,0,Petrol,Automatic,1356,174,Brand New,18.2,37060.63
BMW,5 Series,1992,114122,Hybrid,Automatic,3650,596,Second Hand,9.4,2000.0
Tesla,Model X,1989,0,Diesel,Automatic,3184,250,Brand New,24.1,261719.16
Tata,Harrier,2000,65698,Diesel,Manual,1296,276,Second Hand,26.3,2000.0
Rolls-Royce,Ghost,1994,0,Hybrid,Automatic,2211,83,Brand New,20.9,382942.37
Lamborghini,Aventador,1986,0,Petrol,Automatic,1437,82,Brand New,25.7,364821.04
Honda,City,1986,37796,Hybrid,Automatic,3973,623,Second Hand,28.8,2000.0
Porsche,911,2018,174629,Petrol,Manual,4011,247,Second Hand,26.5,55790.69
BMW,X5,1998,170598,Petrol,Automatic,1615,140,Second Hand,29.8,2000.0
Lamborghini,Aventador,2007,88575,Petrol,Automatic,3529,438,Second Hand,34.1,51431.87
Rolls-Royce,Phantom,2018,60507,Petrol,Manual,3678,191,Second Hand,21.2,217046.55
Land Rover,Discovery,2016,0,Electric,Automatic,3181,506,Brand New,14.1,101725.69
Honda,CRV,1999,12171,Diesel,Automatic,1976,136,Second Hand,26.9,2000.0
Hyundai,Creta,2001,22042,Diesel,Manual,2365,466,Second Hand,28.1,5667.31
Lamborghini,Aventador,2012,0,Hybrid,Manual,4771,435,Brand New,23.6,139893.51
McLaren,720S,2002,86260,Diesel,Automatic,1121,630,Second Hand,32.3,39919.46
Nissan,Kicks,2014,183310,Diesel,Manual,3271,678,Second Hand,16.0,6082.29
Land Rover,Discovery,2000,105740,Hybrid,Manual,2576,506,Second Hand,9.3,2000.0
Nissan,Micra,1992,0,Hybrid,Manual,3370,189,Brand New,24.1,14569.63
Porsche,911,2017,190915,Hybrid,Automatic,2307,515,Second Hand,10.0,26472.12
Mercedes-Benz,E-Class,2016,95735,Hybrid,Automatic,4058,451,Second Hand,32.2,31259.15
Lamborghini,Aventador,1989,0,Petrol,Manual,4890,69,Brand New,23.8,347020.72
McLaren,720S,1990,0,Electric,Automatic,1369,128,Brand New,25.8,379164.11
Tata,Harrier,1989,120139,Hybrid,Manual,853,223,Second Hand,22.3,2000.0
Porsche,911,2019,0,Electric,Automatic,3036,179,Brand New,26.4,79009.35
Ford,Figo,2017,168072,Petrol,Manual,1871,686,Second Hand,20.3,2656.24
Mahindra,Thar,1995,0,Petrol,Manual,4240,459,Brand New,25.7,18759.67
Porsche,Macan,1986,0,Electric,Manual,2642,518,Brand New,16.0,84463.7
Land Rover,Range Rover,1986,0,Electric,Manual,1174,389,Brand New,8.8,86352.5
Volvo,S60,1985,170302,Petrol,Automatic,4830,239,Second Hand,30.5,2000.0
Nissan,Kicks,1992,0,Petrol,Manual,3903,680,Brand New,22.4,10159.18
Lamborghini,Aventador,2002,0,Electric,Automatic,3773,418,Brand New,23.4,160498.55
Ford,Endeavour,2018,199042,Electric,Automatic,2179,676,Second Hand,18.0,2000.0
Lamborghini,Aventador,2012,225184,Hybrid,Automatic,2246,689,Second Hand,28.7,102854.76
Lamborghini,Huracan,1993,178561,Electric,Manual,2607,596,Second Hand,14.8,2000.0
Tata,Safari,2005,78934,Electric,Manual,4331,125,Second Hand,11.2,2000.0
Tata,Safari,2004,0,Diesel,Automatic,4258,625,Brand New,11.5,26322.81
Hyundai,Verna,2012,103883,Hybrid,Automatic,2199,68,Second Hand,29.0,11638.25
Ford,Endeavour,2006,0,Electric,Automatic,3577,492,Brand New,26.6,36381.23
Toyota,Corolla,2020,33983,Diesel,Manual,1288,359,Second Hand,28.4,13730.14
Volvo,S60,1997,0,Petrol,Manual,4256,681,Brand New,10.9,70254.05
Ford,Figo,1991,233578,Hybrid,Manual,4135,203,Second Hand,15.3,2000.0
McLaren,720S,2024,129522,Diesel,Manual,3100,335,Second Hand,18.9,306881.19
Tesla,Model 3,1999,77020,Diesel,Manual,1605,635,Second Hand,28.0,41130.81
Audi,A6,2022,56466,Diesel,Automatic,4899,485,Second Hand,23.5,65787.18
McLaren,570S,2005,0,Electric,Manual,1675,506,Brand New,17.1,307235.54
Volkswagen,Vento,2015,0,Diesel,Automatic,1402,282,Brand New,24.3,28019.82
McLaren,570S,2020,8091,Diesel,Automatic,4620,398,Second Hand,12.6,98165.24
Lamborghini,Huracan,2015,0,Diesel,Automatic,1001,345,Brand New,16.2,365066.87
Volkswagen,Polo,2018,14524,Hybrid,Automatic,3793,578,Second Hand,25.4,16790.4
Lamborghini,Huracan,2014,0,Electric,Automatic,887,155,Brand New,18.6,248992.21
Ford,Figo,2000,0,Hybrid,Manual,4733,412,Brand New,22.7,20402.59
Land Rover,Discovery,2018,0,Diesel,Manual,1926,164,Brand New,12.6,93481.88
Volkswagen,Polo,2008,0,Electric,Automatic,3741,577,Brand New,20.1,29662.02
BMW,X5,1999,0,Diesel,Automatic,859,520,Brand New,14.7,63677.32
Rolls-Royce,Ghost,1986,155016,Hybrid,Automatic,1195,521,Second Hand,25.1,2000.0
Land Rover,Discovery,2007,238654,Electric,Automatic,4876,341,Second Hand,19.1,17183.9
Toyota,RAV4,2021,35240,Petrol,Automatic,1317,273,Second Hand,26.5,25745.64
Audi,Q5,2016,0,Diesel,Manual,4390,357,Brand New,30.3,96344.88
Lamborghini,Huracan,1999,0,Hybrid,Manual,3171,698,Brand New,34.1,369953.98
McLaren,720S,2020,0,Hybrid,Automatic,2309,600,Brand New,31.6,288084.27
Tesla,Model S,2024,0,Diesel,Automatic,1397,149,Brand New,33.8,124129.28
Lamborghini,Aventador,1993,0,Petrol,Manual,850,319,Brand New,26.2,225695.92
Mahindra,Scorpio,2005,157562,Diesel,Manual,892,536,Second Hand,21.6,2000.0
Kia,Seltos,2016,179654,Electric,Manual,3666,163,Second Hand,14.6,10338.29
Volvo,S60,1998,0,Diesel,Automatic,1435,339,Brand New,32.9,99026.43
Toyota,Fortuner,2000,97677,Diesel,Manual,3463,662,Second Hand,16.2,2000.0
Honda,Accord,2001,0,Hybrid,Automatic,2591,296,Brand New,10.2,35107.54
McLaren,720S,1994,133765,Petrol,Manual,3899,241,Second Hand,23.2,2000.0
Mercedes-Benz,E-Class,2021,193321,Petrol,Manual,4811,394,Second Hand,20.1,51902.46
Land Rover,Discovery,2023,0,Electric,Automatic,1483,327,Brand New,26.0,53606.52
Porsche,911,2007,0,Electric,Manual,2453,140,Brand New,16.2,70284.99
Toyota,Camry,1995,0,Hybrid,Manual,3104,555,Brand New,16.2,25524.03
Rolls-Royce,Ghost,2016,0,Electric,Automatic,2928,364,Brand New,22.0,261201.81
Tesla,Model S,2010,0,Diesel,Manual,2857,258,Brand New,13.6,373523.67
Audi,Q3,2021,191314,Diesel,Manual,1215,419,Second Hand,32.1,59854.91
Honda,CRV,2003,0,Petrol,Automatic,3876,642,Brand New,28.4,13285.84
Lamborghini,Huracan,1994,0,Petrol,Automatic,3192,108,Brand New,18.4,358917.63
BMW,5 Series,2008,195236,Hybrid,Automatic,2803,474,Second Hand,17.9,2000.0
Honda,City,1989,66612,Hybrid,Manual,4529,525,Second Hand,14.4,2000.0
Volvo,XC60,2014,153453,Hybrid,Automatic,4936,292,Second Hand,34.8,43997.63
Tata,Nexon,2010,0,Diesel,Manual,3237,222,Brand New,33.7,14086.84
Ferrari,Roma,2009,211277,Petrol,Automatic,4299,94,Second Hand,27.0,79207.85
Tesla,Model Y,1987,89441,Petrol,Automatic,3326,103,Second Hand,19.9,2000.0
Toyota,Corolla,2008,195203,Hybrid,Automatic,3323,299,Second Hand,15.3,3283.34
McLaren,570S,2014,0,Petrol,Manual,4764,304,Brand New,33.2,332703.98
Land Rover,Discovery,1998,91355,Diesel,Manual,2412,102,Second Hand,20.8,2000.0
Toyota,Corolla,1993,0,Petrol,Manual,3305,72,Brand New,17.6,19691.93
McLaren,720S,1985,0,Hybrid,Automatic,2200,258,Brand New,31.1,192319.83
Mahindra,XUV500,2007,20529,Hybrid,Manual,3322,579,Second Hand,14.2,2000.0
Mercedes-Benz,GLA,1993,0,Diesel,Automatic,3680,296,Brand New,26.0,68398.25
Kia,Sonet,2009,43977,Diesel,Automatic,1341,432,Second Hand,12.9,10217.54
Toyota,RAV4,1999,0,Hybrid,Automatic,2219,461,Brand New,12.7,40440.3
Tesla,Model Y,2024,211479,Diesel,Manual,1813,133,Second Hand,9.3,143071.72
Volvo,XC60,2007,0,Petrol,Automatic,4575,107,Brand New,10.4,66401.02
Tesla,Model 3,1996,0,Electric,Manual,1508,268,Brand New,20.1,183140.64
Hyundai,Verna,1990,87436,Petrol,Manual,1814,152,Second Hand,11.7,2000.0
Hyundai,i20,2012,205673,Diesel,Automatic,1088,65,Second Hand,22.5,2313.51
Tata,Safari,2020,91808,Diesel,Manual,3163,584,Second Hand,15.6,21641.29
Honda,Civic,1999,9319,Petrol,Automatic,2042,305,Second Hand,21.3,2000.0
Tesla,Model Y,2019,220379,Diesel,Automatic,4240,595,Second Hand,10.1,124271.55
BMW,5 Series,2007,18376,Petrol,Manual,1795,359,Second Hand,31.1,2666.52
McLaren,720S,2000,0,Hybrid,Automatic,3667,487,Brand New,8.0,129581.43
Rolls-Royce,Phantom,2014,0,Petrol,Manual,1440,606,Brand New,12.2,246493.63
Ferrari,Roma,2021,0,Hybrid,Manual,4264,80,Brand New,17.7,248193.98
Tesla,Model 3,2018,0,Petrol,Manual,3326,490,Brand New,27.8,278249.57
Ferrari,Roma,2000,0,Electric,Manual,3694,504,Brand New,13.3,157560.57
BMW,X5,2011,53716,Diesel,Automatic,1018,296,Second Hand,26.7,11890.09
Lamborghini,Aventador,2024,0,Diesel,Manual,4639,563,Brand New,11.5,338744.9
Toyota,Camry,2012,116291,Diesel,Automatic,1953,507,Second Hand,13.4,2000.0
Lamborghini,Huracan,2018,118862,Electric,Manual,1802,464,Second Hand,8.8,194833.6
Nissan,Micra,1987,26757,Electric,Automatic,2054,307,Second Hand,34.4,2000.0
BMW,3 Series,1987,0,Hybrid,Manual,3430,660,Brand New,29.9,92891.8
Land Rover,Range Rover,2012,0,Diesel,Manual,1640,464,Brand New,33.8,47739.35
Ferrari,Roma,1992,0,Electric,Manual,2246,495,Brand New,9.5,243883.37
Toyota,RAV4,2015,0,Hybrid,Manual,966,195,Brand New,23.4,34004.22
Volkswagen,Polo,2000,0,Petrol,Automatic,3601,450,Brand New,24.2,20259.77
Volvo,S60,1991,126043,Hybrid,Automatic,3041,612,Second Hand,31.0,2000.0
Toyota,Camry,2001,191847,Electric,Automatic,2609,659,Second Hand,30.0,2000.0
Audi,A4,2001,0,Electric,Manual,993,676,Brand New,32.4,92308.89
Mercedes-Benz,C-Class,2008,103696,Hybrid,Automatic,3689,277,Second Hand,34.5,34360.65
Lamborghini,Aventador,2003,0,Electric,Manual,1611,412,Brand New,18.9,115482.31
Land Rover,Range Rover,1992,0,Diesel,Manual,4208,243,Brand New,9.1,90221.21
Hyundai,i20,2015,0,Petrol,Automatic,3701,699,Brand New,27.6,14579.93
Land Rover,Discovery,1990,128264,Electric,Automatic,2260,239,Second Hand,23.1,2000.0
Mahindra,XUV500,2003,0,Electric,Automatic,1183,176,Brand New,12.6,10177.89
Ferrari,488,2005,0,Diesel,Automatic,1932,252,Brand New,28.7,159597.27
Ferrari,Roma,1995,93448,Electric,Manual,4857,325,Second Hand,9.3,2000.0
Tesla,Model S,2009,220426,Electric,Manual,3248,689,Second Hand,21.6,29386.74
Porsche,Cayenne,1989,186258,Hybrid,Automatic,2205,369,Second Hand,24.7,2000.0
Lamborghini,Aventador,1988,9590,Electric,Automatic,2166,291,Second Hand,27.8,2000.0
Toyota,Corolla,2010,0,Electric,Automatic,2049,514,Brand New,30.8,13376.01
Mahindra,Scorpio,2008,0,Diesel,Automatic,1140,684,Brand New,34.7,31495.47
Rolls-Royce,Ghost,1987,0,Diesel,Automatic,2648,242,Brand New,22.4,301791.67
Kia,Carnival,2022,234262,Petrol,Automatic,4845,217,Second Hand,24.3,22783.56
Volvo,XC40,1988,0,Electric,Manual,1275,200,Brand New,28.7,72351.18
Kia,Seltos,2009,0,Hybrid,Manual,1452,387,Brand New,23.5,26527.84
Honda,CRV,2016,209044,Electric,Automatic,4469,543,Second Hand,25.7,5534.94
Land Rover,Discovery,2010,110817,Hybrid,Manual,1513,166,Second Hand,12.3,2680.84
Ferrari,488,1986,0,Hybrid,Automatic,3822,370,Brand New,28.8,204579.85
Tata,Safari,2018,155567,Electric,Automatic,3054,70,Second Hand,25.2,9636.85
Volvo,XC60,2015,162088,Petrol,Manual,4379,550,Second Hand,22.9,32186.8
Rolls-Royce,Ghost,1997,0,Electric,Manual,2866,112,Brand New,11.8,254309.73
Tesla,Model 3,2017,0,Hybrid,Automatic,4889,218,Brand New,16.3,363251.98
Mercedes-Benz,E-Class,2017,118237,Electric,Automatic,800,674,Second Hand,24.5,43594.82
Kia,Sonet,1985,0,Hybrid,Manual,3865,276,Brand New,14.8,10224.29
Mahindra,XUV500,1989,232090,Diesel,Automatic,1033,522,Second Hand,30.8,2000.0
Tata,Harrier,1987,38518,Hybrid,Manual,1934,398,Second Hand,33.0,2000.0
Audi,Q5,1995,220413,Diesel,Automatic,4137,93,Second Hand,9.4,2000.0
Porsche,Cayenne,2001,123760,Electric,Manual,4492,112,Second Hand,33.0,9590.16
Honda,CRV,2011,32703,Petrol,Manual,4673,495,Second Hand,20.9,4424.64
Porsche,Cayenne,1990,177039,Hybrid,Automatic,3070,513,Second Hand,27.0,2000.0
Tesla,Model Y,2009,22982,Hybrid,Automatic,3358,572,Second Hand,28.8,2000.0
McLaren,720S,1992,0,Petrol,Manual,4857,377,Brand New,21.6,446033.69
BMW,5 Series,1995,0,Electric,Manual,3632,392,Brand New,22.5,101384.78
Tata,Safari,2014,0,Petrol,Manual,3407,290,Brand New,28.0,35888.36
Ferrari,Roma,2014,231537,Hybrid,Manual,2068,90,Second Hand,32.3,58015.55
Mercedes-Benz,E-Class,1993,0,Electric,Manual,1838,119,Brand New,20.7,64486.28
Land Rover,Discovery,1997,66451,Diesel,Manual,3022,161,Second Hand,33.0,3771.14
Kia,Seltos,1986,0,Diesel,Automatic,1526,473,Brand New,32.0,32690.48
Mahindra,Thar,1999,203757,Hybrid,Manual,2975,435,Second Hand,23.9,2000.0
Rolls-Royce,Phantom,2021,0,Hybrid,Manual,1832,271,Brand New,9.2,97715.84
Mahindra,Thar,2020,0,Diesel,Manual,3353,359,Brand New,9.3,38040.23
Mahindra,Thar,1992,0,Petrol,Manual,3088,380,Brand New,27.3,27689.11
Porsche,Cayenne,1995,0,Hybrid,Manual,4485,477,Brand New,24.1,59335.15
BMW,X3,2015,0,Petrol,Automatic,4127,553,Brand New,27.2,51096.88
Lamborghini,Aventador,1990,39487,Petrol,Manual,946,576,Second Hand,33.7,2000.0
BMW,X3,2011,230698,Petrol,Automatic,3487,209,Second Hand,10.5,21016.21
Tesla,Model Y,1999,0,Hybrid,Manual,3175,317,Brand New,19.5,344430.72
Mahindra,XUV500,2016,61674,Hybrid,Automatic,4100,185,Second Hand,14.3,11347.13
Hyundai,i20,2000,0,Diesel,Manual,1174,507,Brand New,27.1,27080.15
Tesla,Model X,2003,216486,Diesel,Manual,3846,173,Second Hand,33.1,2000.0
Toyota,Corolla,1993,205943,Petrol,Manual,2656,429,Second Hand,25.1,2000.0
McLaren,720S,2010,0,Petrol,Manual,3775,415,Brand New,24.4,369394.76
Ford,Figo,1998,0,Petrol,Automatic,3505,504,Brand New,9.1,44077.23
Ford,Endeavour,1988,200279,Petrol,Automatic,1098,171,Second Hand,18.4,2000.0
Rolls-Royce,Ghost,1988,0,Diesel,Automatic,802,413,Brand New,16.2,327786.29
Nissan,Micra,2007,183801,Diesel,Automatic,1160,370,Second Hand,30.5,5396.64
BMW,X3,1995,60149,Petrol,Manual,1031,354,Second Hand,29.4,2000.0
Porsche,Cayenne,2016,0,Petrol,Manual,1253,96,Brand New,17.0,57273.82
McLaren,720S,2020,0,Petrol,Automatic,1715,444,Brand New,16.9,202194.38
Lamborghini,Aventador,2000,98396,Diesel,Automatic,4281,255,Second Hand,18.8,2000.0
Mercedes-Benz,E-Class,1997,0,Electric,Automatic,3963,454,Brand New,33.0,57655.65
Tata,Harrier,1987,0,Hybrid,Automatic,4039,498,Brand New,14.1,32620.57
Tesla,Model X,2024,160726,Petrol,Automatic,2755,134,Second Hand,10.5,86424.99
Toyota,RAV4,2019,0,Electric,Automatic,1195,501,Brand New,17.3,10913.75
Hyundai,Creta,2015,121971,Diesel,Automatic,1155,319,Second Hand,28.9,8002.7
Kia,Carnival,1985,7160,Petrol,Manual,4612,426,Second Hand,24.7,2000.0
Tesla,Model X,2012,0,Petrol,Automatic,2754,510,Brand New,24.2,295031.4
Kia,Carnival,2015,0,Diesel,Automatic,4553,119,Brand New,34.9,18013.26
Land Rover,Range Rover,2010,243092,Petrol,Manual,1526,143,Second Hand,21.5,3214.87
Nissan,Magnite,2001,0,Petrol,Automatic,2298,180,Brand New,19.8,30115.57
Ford,Figo,2017,198581,Petrol,Manual,1787,569,Second Hand,33.9,2000.0
McLaren,720S,2004,240005,Petrol,Automatic,3855,304,Second Hand,18.5,2000.0
Toyota,Fortuner,2000,141457,Diesel,Manual,4969,246,Second Hand,8.4,2546.05
McLaren,720S,2010,148504,Petrol,Manual,1550,320,Second Hand,9.2,65624.91
Tata,Nexon,2022,188268,Hybrid,Automatic,1416,674,Second Hand,21.4,8718.77
Tesla,Model 3,2002,0,Electric,Manual,4821,304,Brand New,24.1,104933.92
Audi,A4,2013,235961,Hybrid,Automatic,3955,550,Second Hand,31.0,6925.89
Audi,Q5,2021,0,Diesel,Automatic,2691,585,Brand New,9.9,78251.53
Nissan,Micra,2003,0,Diesel,Manual,1542,507,Brand New,8.5,25586.27
Rolls-Royce,Phantom,1987,0,Diesel,Manual,2102,471,Brand New,26.8,198690.65
Mahindra,XUV500,2014,207792,Diesel,Automatic,1400,234,Second Hand,32.3,2000.0
Mercedes-Benz,C-Class,2022,204277,Electric,Manual,3178,337,Second Hand,31.3,29104.77
Mercedes-Benz,GLC,2019,183814,Petrol,Manual,2846,126,Second Hand,28.7,63691.08
Kia,Carnival,2021,0,Diesel,Automatic,2451,623,Brand New,29.6,20741.57
Mercedes-Benz,C-Class,1996,0,Electric,Manual,4984,115,Brand New,26.0,64245.83
Rolls-Royce,Ghost,1985,46037,Petrol,Manual,2621,85,Second Hand,27.5,2000.0
Mercedes-Benz,GLA,1990,54721,Diesel,Manual,3900,265,Second Hand,17.7,2000.0
McLaren,720S,2018,0,Electric,Manual,4983,444,Brand New,34.2,277169.37
Land Rover,Range Rover,2018,40943,Petrol,Manual,3193,237,Second Hand,29.6,35101.99
Tata,Nexon,2012,0,Electric,Automatic,3882,558,Brand New,23.0,35261.2
Porsche,911,2022,0,Electric,Manual,2316,358,Brand New,10.8,70450.05
Tata,Nexon,1993,0,Petrol,Automatic,1179,386,Brand New,17.7,27615.38
Rolls-Royce,Ghost,1989,196060,Petrol,Automatic,2243,688,Second Hand,14.3,2000.0
Mahindra,Scorpio,2011,149215,Diesel,Manual,4139,113,Second Hand,22.5,2000.0
Volvo,S60,1996,0,Electric,Automatic,1543,633,Brand New,8.5,100158.6
Lamborghini,Huracan,1993,0,Electric,Automatic,4519,271,Brand New,24.8,192761.0
Volvo,XC40,2024,0,Electric,Automatic,4181,282,Brand New,15.0,94240.39
Nissan,Magnite,2002,0,Hybrid,Manual,4799,589,Brand New,23.1,31890.61
Nissan,Micra,2021,79698,Petrol,Manual,2230,649,Second Hand,34.4,16823.15
Volkswagen,Vento,1987,0,Petrol,Automatic,1455,414,Brand New,33.9,35774.89
Volkswagen,Polo,1994,242235,Hybrid,Manual,2001,317,Second Hand,22.9,2000.0
Tata,Harrier,1988,210747,Diesel,Automatic,910,609,Second Hand,27.1,2000.0
Porsche,Macan,2008,0,Diesel,Manual,2614,177,Brand New,20.9,46130.83
McLaren,570S,2001,143515,Petrol,Automatic,976,205,Second Hand,17.4,2000.0
Rolls-Royce,Phantom,2021,0,Diesel,Automatic,2468,152,Brand New,25.0,291058.12
Rolls-Royce,Ghost,1997,0,Petrol,Automatic,3583,476,Brand New,33.0,195218.63
Tesla,Model 3,2022,244650,Electric,Automatic,1824,623,Second Hand,20.9,220608.89
McLaren,720S,2022,172903,Petrol,Automatic,2699,113,Second Hand,23.4,93144.76
Nissan,Micra,2015,232589,Electric,Manual,4507,523,Second Hand,33.4,5936.51
Hyundai,Creta,1996,0,Petrol,Manual,2372,583,Brand New,10.0,14996.94
Tesla,Model Y,2010,41732,Electric,Manual,3914,532,Second Hand,23.8,30630.6
Tesla,Model Y,1998,23334,Diesel,Manual,4038,613,Second Hand,19.5,2000.0
Land Rover,Range Rover,1988,0,Diesel,Automatic,4921,495,Brand New,16.5,86080.78
Lamborghini,Huracan,2022,19023,Petrol,Manual,4750,679,Second Hand,28.6,191825.27
McLaren,720S,2007,203039,Petrol,Automatic,1680,391,Second Hand,32.1,67205.76
Lamborghini,Huracan,2001,0,Petrol,Automatic,3575,145,Brand New,11.6,169302.39
Lamborghini,Huracan,2016,0,Electric,Manual,1694,198,Brand New,22.8,247675.49
BMW,3 Series,1992,0,Hybrid,Automatic,1860,650,Brand New,15.4,66980.72
Hyundai,Elantra,2017,193387,Hybrid,Automatic,4079,178,Second Hand,23.3,17208.33
Volvo,XC40,2020,205402,Petrol,Automatic,4910,663,Second Hand,12.8,34852.46
Kia,Sonet,2001,202772,Hybrid,Automatic,2719,501,Second Hand,31.2,2000.0
Ferrari,488,1991,0,Hybrid,Automatic,1070,297,Brand New,26.3,317441.16
Ford,Figo,2016,0,Hybrid,Manual,1176,380,Brand New,28.5,36750.23
Mercedes-Benz,GLA,1999,0,Petrol,Automatic,2136,496,Brand New,26.4,81926.46
Ferrari,Roma,1993,222697,Hybrid,Manual,4657,461,Second Hand,11.2,2000.0
Porsche,Cayenne,2000,153525,Petrol,Automatic,4547,105,Second Hand,25.9,2000.0
Mahindra,Scorpio,2000,0,Hybrid,Manual,918,185,Brand New,34.2,19807.63
Rolls-Royce,Ghost,2010,109841,Diesel,Manual,4078,500,Second Hand,26.1,24452.58
Tata,Safari,2018,79337,Diesel,Automatic,1955,102,Second Hand,9.4,2923.49
Volvo,XC60,1992,99239,Electric,Automatic,1078,606,Second Hand,23.7,2000.0
McLaren,720S,1996,0,Electric,Manual,1351,653,Brand New,26.0,367542.65
BMW,X5,2008,9799,Diesel,Automatic,1821,365,Second Hand,23.1,27272.66
Hyundai,Verna,1989,0,Petrol,Manual,4748,80,Brand New,9.4,24249.61
McLaren,720S,1992,82406,Diesel,Automatic,2224,301,Second Hand,18.8,2000.0
BMW,5 Series,1999,0,Diesel,Manual,942,508,Brand New,13.9,100984.83
Porsche,Cayenne,2013,165020,Hybrid,Manual,4226,454,Second Hand,14.1,16835.17
Honda,Accord,2015,0,Petrol,Automatic,1000,638,Brand New,24.3,31563.8
McLaren,570S,2003,0,Electric,Manual,1138,136,Brand New,23.8,302643.77
Volvo,XC60,2013,0,Petrol,Manual,3592,287,Brand New,11.6,64540.82
Tata,Nexon,1987,0,Petrol,Automatic,2119,634,Brand New,23.5,44938.42
Porsche,Macan,2014,0,Electric,Automatic,3847,124,Brand New,10.4,75636.25
Mahindra,Thar,1992,228860,Diesel,Automatic,3028,181,Second Hand,16.0,2000.0
Ferrari,488,2009,244848,Hybrid,Automatic,4376,594,Second Hand,8.9,67868.43
Lamborghini,Huracan,1999,234368,Diesel,Manual,3981,533,Second Hand,28.3,2000.0
McLaren,570S,2024,0,Electric,Automatic,2567,660,Brand New,33.4,284929.22
Tata,Safari,2013,0,Electric,Manual,3215,552,Brand New,14.5,14753.71
Audi,Q5,2005,162157,Diesel,Manual,4413,597,Second Hand,10.8,2000.0
Mercedes-Benz,E-Class,1985,0,Hybrid,Automatic,2040,93,Brand New,8.3,79145.8
Volkswagen,Vento,2020,77099,Hybrid,Automatic,4064,588,Second Hand,29.0,26664.19
Volkswagen,Vento,2022,101359,Hybrid,Automatic,2669,500,Second Hand,11.1,25716.56
Tata,Nexon,1997,249507,Electric,Manual,2461,360,Second Hand,31.4,2000.0
Tesla,Model Y,2021,70215,Hybrid,Manual,4792,429,Second Hand,19.9,210205.71
BMW,3 Series,2010,131353,Electric,Manual,2716,653,Second Hand,32.7,2000.0
Kia,Seltos,2001,124575,Electric,Manual,2094,616,Second Hand,9.5,2000.0
Porsche,Macan,2008,233949,Hybrid,Automatic,1117,119,Second Hand,11.0,6817.77
Mahindra,Scorpio,1999,0,Diesel,Manual,1143,569,Brand New,27.8,36040.29
Volkswagen,Vento,1989,105734,Diesel,Manual,896,696,Second Hand,33.8,2000.0
Tesla,Model X,1987,11504,Electric,Manual,3540,615,Second Hand,26.4,2000.0
Mercedes-Benz,E-Class,2005,0,Electric,Automatic,4355,166,Brand New,20.9,67294.0
Tata,Harrier,1987,0,Hybrid,Manual,1571,582,Brand New,22.6,30157.65
Porsche,Cayenne,2022,0,Hybrid,Manual,4543,67,Brand New,30.7,82099.56
Mahindra,Thar,2002,0,Diesel,Automatic,2959,486,Brand New,30.9,12246.11
Tata,Harrier,1985,0,Petrol,Automatic,2584,624,Brand New,23.3,17104.93
Ford,Mustang,2003,0,Petrol,Automatic,1128,201,Brand New,28.3,12030.91
Ferrari,Roma,2007,12732,Hybrid,Automatic,2330,629,Second Hand,16.8,2000.0
Volkswagen,Polo,2006,0,Hybrid,Automatic,4102,186,Brand New,11.1,20005.8
Tesla,Model Y,2008,225315,Petrol,Manual,3108,364,Second Hand,22.9,65304.03
Nissan,Micra,2008,35871,Hybrid,Automatic,4036,695,Second Hand,17.0,2000.0
Nissan,Magnite,2011,0,Diesel,Automatic,3677,526,Brand New,12.2,27542.07
Audi,A4,2002,0,Hybrid,Automatic,2074,63,Brand New,34.0,52735.29
Tesla,Model X,2019,0,Diesel,Manual,2317,604,Brand New,16.6,250289.05
Hyundai,Verna,1994,167822,Hybrid,Manual,3255,292,Second Hand,13.6,2000.0
Mahindra,Thar,2011,70263,Electric,Manual,2844,396,Second Hand,12.2,6516.07
Ford,Endeavour,1994,0,Electric,Manual,1212,472,Brand New,15.0,18451.89
Honda,CRV,1991,128937,Hybrid,Manual,3257,129,Second Hand,15.9,2000.0
Kia,Seltos,2016,0,Petrol,Manual,891,557,Brand New,13.8,16694.38
Porsche,911,2022,0,Petrol,Manual,1018,692,Brand New,30.0,73390.18
Lamborghini,Huracan,2021,0,Hybrid,Manual,1605,442,Brand New,14.1,207581.82
Porsche,Cayenne,2020,0,Electric,Manual,1521,486,Brand New,26.0,64837.91
Tata,Harrier,1988,101140,Electric,Automatic,4662,330,Second Hand,13.5,2000.0
BMW,X5,2009,0,Hybrid,Automatic,1165,392,Brand New,32.0,96815.48
Volvo,XC60,2024,56818,Hybrid,Automatic,3545,166,Second Hand,24.3,69475.74
Land Rover,Range Rover,1998,0,Diesel,Manual,1139,319,Brand New,27.1,81133.75
Tata,Safari,1987,31828,Hybrid,Automatic,3085,381,Second Hand,30.1,2000.0
Kia,Seltos,1997,221783,Hybrid,Manual,1440,77,Second Hand,21.4,2000.0
Volkswagen,Vento,2008,100012,Electric,Automatic,2336,319,Second Hand,28.3,2000.0
Audi,A4,1985,0,Petrol,Manual,2949,70,Brand New,18.5,79972.03
Tata,Harrier,2015,0,Electric,Automatic,2054,544,Brand New,8.1,20719.22
Honda,CRV,2016,0,Petrol,Automatic,2403,632,Brand New,23.9,18032.81
Honda,Civic,2010,0,Electric,Manual,2482,633,Brand New,9.6,41551.67
BMW,3 Series,2011,103932,Petrol,Automatic,1913,252,Second Hand,25.5,24424.24
Audi,Q3,2000,0,Electric,Manual,2758,511,Brand New,27.1,65644.08
McLaren,570S,2021,0,Diesel,Automatic,2695,420,Brand New,31.4,115764.41
Audi,Q3,2016,191754,Hybrid,Automatic,1066,122,Second Hand,26.8,29534.7
McLaren,720S,1998,0,Petrol,Automatic,2164,436,Brand New,28.9,243155.75
Lamborghini,Huracan,2010,0,Diesel,Automatic,3979,262,Brand New,25.1,354139.81
Kia,Carnival,2017,0,Diesel,Automatic,4796,625,Brand New,31.0,38382.45
Tesla,Model X,1994,0,Electric,Manual,1489,421,Brand New,32.1,133534.59
Ford,Figo,1995,0,Hybrid,Automatic,3390,416,Brand New,11.7,20436.35
Mahindra,XUV500,2021,228733,Hybrid,Automatic,3566,571,Second Hand,25.9,2000.0
Nissan,Micra,2007,163813,Hybrid,Manual,4765,640,Second Hand,23.7,2000.0
Honda,Civic,1992,58300,Diesel,Automatic,4356,340,Second Hand,13.5,2000.0
Honda,City,1995,0,Electric,Automatic,2323,376,Brand New,22.3,18586.7
Hyundai,i20,1991,238728,Hybrid,Automatic,3906,533,Second Hand,15.2,2000.0
Ferrari,Roma,1997,0,Petrol,Manual,4805,297,Brand New,8.3,107536.27
Honda,Civic,2022,52596,Petrol,Manual,1087,78,Second Hand,17.7,12524.19
Land Rover,Range Rover,1989,56967,Electric,Automatic,1255,361,Second Hand,34.7,2000.0
Rolls-Royce,Phantom,2015,132193,Petrol,Automatic,3027,311,Second Hand,33.0,130329.12
Tata,Safari,2015,82366,Diesel,Automatic,4518,104,Second Hand,11.9,19051.92
Tata,Nexon,2008,0,Petrol,Manual,1974,403,Brand New,8.5,15029.36
Volvo,S60,2020,91292,Diesel,Manual,1450,230,Second Hand,29.6,37185.97
Rolls-Royce,Phantom,2015,0,Petrol,Manual,1545,132,Brand New,19.4,308642.34
Land Rover,Discovery,2022,0,Electric,Manual,3653,99,Brand New,19.4,56258.15
Ford,Endeavour,2016,0,Electric,Manual,3829,352,Brand New,11.0,25949.23
Mercedes-Benz,E-Class,2018,0,Diesel,Manual,2420,633,Brand New,14.8,73044.21
Ferrari,488,2019,0,Diesel,Manual,2371,617,Brand New,18.2,133652.41
Honda,Accord,2009,214581,Hybrid,Manual,2566,614,Second Hand,24.2,2000.0
BMW,3 Series,2002,191677,Electric,Manual,4360,417,Second Hand,28.8,2000.0
Lamborghini,Huracan,2006,139649,Electric,Automatic,804,355,Second Hand,26.0,40674.25
BMW,3 Series,2015,0,Petrol,Manual,1596,191,Brand New,31.7,85942.23
Volkswagen,Vento,2004,78026,Petrol,Automatic,982,624,Second Hand,19.0,3348.06
Porsche,Macan,2019,194999,Hybrid,Automatic,2122,139,Second Hand,30.9,49352.7
Lamborghini,Aventador,1991,0,Petrol,Automatic,2942,502,Brand New,17.5,389311.04
Lamborghini,Aventador,2019,50901,Diesel,Manual,2323,170,Second Hand,14.8,236269.75
Ferrari,488,1995,0,Hybrid,Automatic,2307,483,Brand New,13.4,367048.12
Porsche,Macan,1992,0,Hybrid,Automatic,3893,411,Brand New,22.1,61450.82
Ferrari,Roma,2009,0,Hybrid,Manual,1741,339,Brand New,23.0,365074.16
Audi,A4,1990,0,Electric,Manual,1283,377,Brand New,19.2,89510.23
Tesla,Model X,1993,180249,Petrol,Automatic,2046,657,Second Hand,28.9,2000.0
Toyota,Corolla,2024,199355,Petrol,Manual,2946,113,Second Hand,26.3,4275.32
Volkswagen,Polo,2016,218100,Electric,Automatic,1360,503,Second Hand,17.2,2000.0
Mahindra,XUV500,1999,0,Hybrid,Automatic,2714,279,Brand New,12.7,25340.36
Porsche,Macan,2005,0,Diesel,Automatic,4479,105,Brand New,8.1,53423.63
BMW,X5,2001,215456,Hybrid,Manual,2318,185,Second Hand,26.6,2000.0
Toyota,RAV4,2019,216611,Petrol,Manual,873,263,Second Hand,17.8,11105.1
Kia,Sonet,2019,39693,Petrol,Automatic,3412,253,Second Hand,29.4,23245.46
Toyota,RAV4,2001,0,Diesel,Manual,1790,302,Brand New,19.4,27734.7
Tata,Safari,1998,0,Diesel,Automatic,2046,424,Brand New,23.9,38991.47
Mercedes-Benz,GLC,2016,55858,Petrol,Manual,1152,125,Second Hand,27.3,46541.49
Mercedes-Benz,E-Class,2015,0,Diesel,Automatic,1993,574,Brand New,28.5,70818.02
Ferrari,488,2016,93334,Diesel,Automatic,2977,89,Second Hand,24.6,112022.14
Mahindra,Scorpio,1996,203458,Electric,Automatic,1540,558,Second Hand,23.8,2000.0
Porsche,Macan,2014,164645,Diesel,Manual,3197,85,Second Hand,18.5,33585.75
Lamborghini,Huracan,1997,0,Hybrid,Manual,2392,296,Brand New,10.5,165060.48
Ford,Mustang,2002,240188,Hybrid,Automatic,2258,77,Second Hand,11.2,2000.0
Lamborghini,Aventador,2013,138827,Petrol,Manual,3027,378,Second Hand,15.1,119195.85
BMW,X5,2005,47044,Electric,Automatic,1072,485,Second Hand,28.2,2196.44
Hyundai,Creta,2000,222230,Electric,Automatic,2329,286,Second Hand,9.2,2000.0
Porsche,Macan,2012,108787,Electric,Automatic,3846,684,Second Hand,13.9,35717.51
Nissan,Micra,2000,0,Diesel,Manual,4350,389,Brand New,16.2,21183.11
Kia,Carnival,1988,0,Diesel,Automatic,4794,369,Brand New,19.1,21419.15
Kia,Seltos,2014,22028,Diesel,Automatic,2015,518,Second Hand,18.1,7854.57
Toyota,RAV4,2010,114993,Petrol,Manual,4539,516,Second Hand,15.5,2000.0
Ford,Mustang,1998,0,Diesel,Automatic,1395,488,Brand New,25.3,25968.37
Rolls-Royce,Phantom,1989,213245,Petrol,Manual,3849,584,Second Hand,26.3,2000.0
Tata,Nexon,1988,0,Electric,Automatic,2251,368,Brand New,12.9,24207.42
Volvo,XC60,2004,0,Hybrid,Manual,4884,573,Brand New,14.3,80852.26
Tata,Harrier,1994,0,Diesel,Manual,4468,679,Brand New,22.7,9139.77
Kia,Carnival,2012,0,Hybrid,Manual,2341,570,Brand New,24.8,16637.25
Kia,Seltos,1997,0,Petrol,Manual,2554,582,Brand New,29.0,15479.37
Rolls-Royce,Ghost,2018,98857,Electric,Automatic,2641,386,Second Hand,27.6,104309.24
Porsche,911,1989,0,Electric,Automatic,2182,226,Brand New,31.1,99389.04
Ferrari,488,1997,0,Petrol,Automatic,2847,172,Brand New,20.3,302619.85
Tesla,Model Y,1985,0,Hybrid,Automatic,1289,273,Brand New,34.5,165560.12
Audi,Q5,2010,0,Petrol,Manual,4495,140,Brand New,17.5,76513.95
McLaren,570S,2021,0,Hybrid,Automatic,1593,493,Brand New,12.1,122315.3
Volvo,XC60,2009,104608,Petrol,Automatic,3586,366,Second Hand,32.5,21649.13
Tesla,Model S,1992,74053,Petrol,Automatic,2761,367,Second Hand,31.4,2000.0
McLaren,720S,2017,135197,Diesel,Manual,2188,497,Second Hand,21.2,267481.26
Lamborghini,Huracan,2008,0,Petrol,Manual,2967,319,Brand New,24.7,177503.39
McLaren,720S,1997,0,Hybrid,Automatic,864,392,Brand New,15.9,255963.48
Lamborghini,Aventador,1993,0,Petrol,Manual,2885,298,Brand New,23.2,304291.63
Nissan,Micra,2010,155348,Hybrid,Manual,2962,675,Second Hand,29.1,2958.06
McLaren,570S,2016,46402,Hybrid,Automatic,4528,213,Second Hand,14.3,162605.63
BMW,3 Series,2018,202439,Electric,Automatic,1861,493,Second Hand,17.2,29981.42
Ford,Figo,1992,244347,Petrol,Manual,1567,346,Second Hand,23.1,2000.0
Mahindra,Thar,1986,139437,Diesel,Automatic,1699,461,Second Hand,34.2,2000.0
Volvo,S60,2006,0,Electric,Automatic,857,65,Brand New,18.8,75592.07
Audi,Q5,2000,0,Electric,Manual,4443,200,Brand New,19.1,110029.8
Porsche,911,1988,0,Diesel,Automatic,1636,667,Brand New,34.1,95367.01
Honda,City,2020,119838,Hybrid,Automatic,4789,194,Second Hand,9.6,2000.0
Honda,Accord,2000,125490,Diesel,Manual,1382,290,Second Hand,14.0,2000.0
McLaren,720S,1990,0,Hybrid,Automatic,3208,494,Brand New,21.8,160318.16
Ferrari,488,2012,0,Diesel,Manual,4415,683,Brand New,25.7,186793.42
Mahindra,Scorpio,2006,0,Diesel,Automatic,2979,165,Brand New,9.6,28281.34
Rolls-Royce,Ghost,2010,0,Electric,Automatic,1915,609,Brand New,33.1,169062.36
Audi,Q5,1999,0,Diesel,Automatic,3457,622,Brand New,27.4,78095.71
McLaren,720S,1987,31504,Hybrid,Manual,3357,436,Second Hand,13.1,2000.0
Mahindra,Scorpio,1987,183925,Hybrid,Manual,4477,640,Second Hand,27.5,2000.0
Nissan,Micra,2004,97133,Hybrid,Manual,4950,107,Second Hand,25.6,2000.0
Ferrari,Roma,2007,0,Petrol,Automatic,3595,420,Brand New,22.9,359657.09
Hyundai,Verna,2010,0,Diesel,Automatic,2124,102,Brand New,30.3,43990.32
BMW,5 Series,2014,17234,Electric,Manual,3822,298,Second Hand,23.7,39619.99
Tesla,Model Y,2012,0,Hybrid,Automatic,4266,569,Brand New,33.8,260309.95
Tesla,Model Y,2005,0,Electric,Manual,1875,500,Brand New,10.7,304082.06
Volkswagen,Passat,2003,166544,Hybrid,Automatic,3755,465,Second Hand,12.1,2000.0
Ford,Figo,1992,0,Electric,Manual,875,580,Brand New,10.9,15304.65
Kia,Seltos,2000,0,Hybrid,Manual,3134,237,Brand New,29.1,19254.1
BMW,X5,1998,0,Hybrid,Manual,2635,220,Brand New,17.6,63897.31
Tesla,Model 3,1986,218259,Petrol,Manual,1122,615,Second Hand,17.7,2000.0
Tesla,Model S,2002,0,Electric,Automatic,4323,128,Brand New,27.8,281593.8
Land Rover,Range Rover,1987,0,Petrol,Manual,3987,94,Brand New,20.4,104307.68
Audi,Q3,2014,0,Petrol,Manual,4437,408,Brand New,15.4,102882.94
Ferrari,Roma,1990,234021,Diesel,Manual,3945,649,Second Hand,29.0,2000.0
Porsche,Cayenne,2016,138331,Electric,Manual,3889,683,Second Hand,13.1,32010.74
Toyota,Corolla,1999,0,Petrol,Manual,805,220,Brand New,30.1,19018.9
Honda,City,2023,0,Petrol,Automatic,4030,524,Brand New,23.5,22473.67
Ford,Figo,2006,0,Hybrid,Automatic,1902,362,Brand New,18.7,14762.12
Honda,City,1994,232806,Diesel,Manual,2744,412,Second Hand,24.1,2000.0
Toyota,Camry,2015,203452,Electric,Manual,2430,166,Second Hand,18.5,4144.82
Honda,Accord,1994,0,Diesel,Automatic,2524,133,Brand New,13.1,18279.06
Mercedes-Benz,GLC,2009,66500,Petrol,Automatic,941,183,Second Hand,34.8,12545.77
Land Rover,Discovery,1998,28750,Petrol,Manual,3841,663,Second Hand,18.9,2000.0
Porsche,911,2001,0,Diesel,Automatic,3895,123,Brand New,10.9,69700.31
Ford,Mustang,2001,0,Petrol,Automatic,2243,73,Brand New,25.1,10065.58
Volvo,XC60,1986,87062,Electric,Automatic,3981,605,Second Hand,17.9,2000.0
Tata,Harrier,2006,31556,Hybrid,Manual,1419,484,Second Hand,14.7,11479.84
Lamborghini,Aventador,2003,0,Hybrid,Manual,3793,563,Brand New,18.8,370004.51
Ferrari,Roma,2006,0,Hybrid,Manual,3209,264,Brand New,25.3,376080.91
Lamborghini,Aventador,2012,0,Petrol,Manual,818,136,Brand New,12.7,129623.82
Mahindra,XUV500,1997,0,Electric,Automatic,1286,445,Brand New,33.7,38939.05
Audi,Q3,1995,0,Electric,Manual,2191,410,Brand New,17.7,103500.7
Tesla,Model 3,1995,65982,Petrol,Automatic,4883,81,Second Hand,24.1,2000.0
Honda,Accord,1987,172348,Petrol,Manual,1059,307,Second Hand,29.4,2000.0
Ferrari,Roma,1997,99802,Petrol,Manual,2783,470,Second Hand,12.0,2000.0
Lamborghini,Aventador,1986,0,Petrol,Manual,4873,410,Brand New,11.8,368749.44
BMW,5 Series,2001,91790,Hybrid,Manual,1872,191,Second Hand,18.2,2000.0
Toyota,Corolla,1988,0,Hybrid,Automatic,801,178,Brand New,18.7,28678.26
Lamborghini,Huracan,2001,233949,Diesel,Manual,3000,674,Second Hand,13.7,2000.0
Land Rover,Range Rover,2006,0,Hybrid,Manual,3839,376,Brand New,22.8,89225.86
Ford,Figo,2014,245482,Diesel,Manual,3773,658,Second Hand,34.6,2000.0
Hyundai,Creta,2007,203628,Petrol,Manual,2496,313,Second Hand,16.0,2000.0
Land Rover,Range Rover,2000,125281,Hybrid,Manual,3632,107,Second Hand,19.4,3357.91
Hyundai,Elantra,1999,12297,Diesel,Automatic,2629,204,Second Hand,13.3,2000.0
Tesla,Model Y,1995,152346,Diesel,Manual,871,230,Second Hand,15.6,2000.0
Toyota,Corolla,1989,114941,Electric,Automatic,2020,387,Second Hand,30.7,2000.0
Toyota,Corolla,1987,0,Hybrid,Automatic,2225,224,Brand New,15.2,27484.49
Mercedes-Benz,E-Class,1989,162814,Hybrid,Manual,3235,152,Second Hand,27.0,2000.0
Kia,Sonet,1991,51111,Hybrid,Manual,2345,442,Second Hand,27.9,2000.0
Mercedes-Benz,C-Class,1995,89846,Electric,Automatic,856,530,Second Hand,26.8,2000.0
Lamborghini,Huracan,2024,230244,Hybrid,Automatic,1681,106,Second Hand,33.1,227516.52
Volvo,XC60,2011,0,Electric,Automatic,4642,459,Brand New,8.6,88386.53
Rolls-Royce,Phantom,2021,158434,Petrol,Manual,4038,482,Second Hand,11.7,111772.93
Volvo,XC40,1997,0,Petrol,Manual,2195,505,Brand New,16.7,66994.51
Hyundai,Creta,2004,0,Hybrid,Manual,4535,665,Brand New,30.8,11310.61
McLaren,720S,2019,0,Hybrid,Manual,1555,453,Brand New,15.8,245929.89
Porsche,Macan,2018,0,Petrol,Automatic,3373,554,Brand New,33.7,90282.27
Hyundai,Verna,2009,0,Hybrid,Automatic,2073,319,Brand New,25.7,19146.0
BMW,3 Series,2024,171439,Diesel,Manual,3714,431,Second Hand,17.4,50540.98
Porsche,Macan,2000,172092,Hybrid,Automatic,926,274,Second Hand,15.9,10376.72
BMW,3 Series,1998,0,Electric,Automatic,3995,656,Brand New,24.9,95236.4
BMW,X5,2005,191939,Diesel,Manual,4569,251,Second Hand,15.2,2000.0
Land Rover,Range Rover,1996,0,Diesel,Automatic,4153,658,Brand New,12.3,89944.14
Porsche,Cayenne,2000,0,Hybrid,Automatic,825,326,Brand New,26.6,82074.38
Toyota,Corolla,2021,0,Petrol,Manual,3138,447,Brand New,23.5,29125.68
Ford,Figo,1988,172592,Electric,Manual,2917,640,Second Hand,34.3,2000.0
Land Rover,Range Rover,2020,0,Hybrid,Automatic,4425,94,Brand New,34.0,91670.69
Rolls-Royce,Phantom,2013,0,Hybrid,Manual,875,375,Brand New,12.1,250725.29
Hyundai,i20,1991,0,Hybrid,Manual,3888,319,Brand New,27.5,31958.32
Land Rover,Range Rover,2016,221646,Petrol,Manual,3940,525,Second Hand,10.2,24564.47
Kia,Seltos,2014,86487,Hybrid,Manual,1730,463,Second Hand,18.2,7441.2
Tesla,Model X,2017,151122,Diesel,Manual,2443,504,Second Hand,32.1,170098.11
Ferrari,Roma,1992,0,Hybrid,Automatic,882,547,Brand New,30.6,226447.39
Tata,Harrier,1994,0,Petrol,Automatic,3256,442,Brand New,15.1,23554.39
Mercedes-Benz,E-Class,2023,0,Electric,Automatic,3175,188,Brand New,11.6,50594.45
Land Rover,Discovery,2008,60948,Hybrid,Automatic,1157,151,Second Hand,10.7,11842.82
Ferrari,488,1985,105577,Electric,Automatic,1414,261,Second Hand,25.0,2000.0
Rolls-Royce,Ghost,1991,237716,Diesel,Manual,1381,179,Second Hand,16.0,2000.0
Land Rover,Range Rover,2021,0,Hybrid,Automatic,2589,549,Brand New,34.2,52259.4
Hyundai,Verna,2017,144183,Electric,Manual,4544,382,Second Hand,9.3,2000.0
Land Rover,Discovery,2021,243581,Electric,Automatic,3205,559,Second Hand,29.7,28049.75
Lamborghini,Huracan,1999,196779,Electric,Manual,2658,466,Second Hand,20.6,2000.0
Rolls-Royce,Phantom,1990,234968,Hybrid,Automatic,3618,240,Second Hand,13.3,2000.0
Nissan,Kicks,2000,0,Electric,Manual,2519,387,Brand New,25.7,27572.2
Mahindra,Scorpio,1999,163533,Hybrid,Automatic,3939,201,Second Hand,21.1,2000.0
Land Rover,Range Rover,1996,203703,Electric,Automatic,1736,153,Second Hand,9.4,2000.0
Volkswagen,Polo,2000,13555,Hybrid,Automatic,4676,375,Second Hand,20.5,5459.72
Hyundai,Creta,1989,0,Diesel,Manual,3064,505,Brand New,17.9,24655.22
Toyota,Camry,2014,48743,Diesel,Automatic,2315,130,Second Hand,22.8,7736.63
Audi,A6,2015,0,Diesel,Manual,3207,622,Brand New,34.1,73058.86
Hyundai,Elantra,1988,0,Hybrid,Manual,1167,107,Brand New,12.8,25643.81
Ferrari,Roma,2000,89998,Diesel,Automatic,4360,467,Second Hand,13.2,28789.32
Nissan,Micra,2008,19514,Hybrid,Manual,2775,352,Second Hand,20.2,2000.0
Rolls-Royce,Phantom,1987,0,Hybrid,Manual,1746,276,Brand New,21.0,312168.41
Volkswagen,Polo,2014,0,Diesel,Manual,2442,494,Brand New,24.4,18775.91
Volvo,XC60,2001,0,Electric,Automatic,2656,118,Brand New,27.2,116099.21
Lamborghini,Huracan,2016,0,Diesel,Automatic,4042,585,Brand New,26.4,118731.24
McLaren,720S,2014,0,Hybrid,Automatic,1999,649,Brand New,24.2,264499.51
Kia,Carnival,2012,233051,Diesel,Automatic,4215,460,Second Hand,19.1,2000.0
Porsche,Cayenne,2022,0,Electric,Manual,2851,450,Brand New,32.2,66947.13
Porsche,Cayenne,2000,0,Petrol,Manual,4542,622,Brand New,28.9,68283.95
Ford,Endeavour,1995,163955,Petrol,Automatic,2277,223,Second Hand,28.0,2000.0
Toyota,RAV4,2007,0,Diesel,Manual,2380,112,Brand New,20.9,25341.82
McLaren,570S,2005,0,Hybrid,Manual,4554,580,Brand New,33.9,192651.11
Kia,Carnival,2002,0,Electric,Manual,1763,675,Brand New,19.3,13807.62
Kia,Sonet,1986,0,Hybrid,Manual,4128,421,Brand New,19.2,35603.84
Honda,Civic,2023,14900,Hybrid,Manual,2073,118,Second Hand,14.7,23011.13
Ferrari,488,1995,0,Diesel,Automatic,2512,613,Brand New,28.4,208878.76
Rolls-Royce,Phantom,2023,0,Petrol,Manual,4303,638,Brand New,16.5,122075.74
Hyundai,Verna,2016,123688,Electric,Automatic,1033,642,Second Hand,8.1,12745.86
Lamborghini,Aventador,1985,0,Diesel,Manual,4955,617,Brand New,32.9,226362.71
Nissan,Kicks,2011,240465,Electric,Automatic,3256,273,Second Hand,26.0,2000.0
McLaren,720S,1992,0,Hybrid,Automatic,2148,116,Brand New,19.1,154963.45
Tata,Harrier,1997,226102,Petrol,Manual,2798,605,Second Hand,10.2,2000.0
Kia,Seltos,1991,37376,Hybrid,Manual,1614,281,Second Hand,18.3,2000.0
BMW,5 Series,2022,131102,Hybrid,Automatic,3999,412,Second Hand,34.4,71292.36
Tata,Harrier,2003,6200,Hybrid,Manual,1728,179,Second Hand,29.8,2000.0
Ferrari,Roma,2023,0,Electric,Automatic,1074,499,Brand New,31.5,118103.18
Honda,City,2002,0,Electric,Manual,1581,195,Brand New,19.2,34539.05
Land Rover,Discovery,1999,0,Petrol,Manual,4798,454,Brand New,16.7,63265.57
Lamborghini,Aventador,2003,142457,Hybrid,Automatic,1143,362,Second Hand,13.8,2000.0
Land Rover,Discovery,2021,180174,Petrol,Manual,857,113,Second Hand,34.8,65569.09
BMW,X3,2017,0,Diesel,Automatic,4582,360,Brand New,31.7,55264.11
Volvo,S60,2000,0,Electric,Automatic,2369,92,Brand New,11.6,77925.2
Ford,Endeavour,1986,0,Diesel,Manual,1598,164,Brand New,11.7,26950.5
Mahindra,Scorpio,1993,0,Diesel,Automatic,1765,430,Brand New,25.9,16808.79
Volvo,XC40,1986,0,Petrol,Automatic,2286,264,Brand New,11.4,94593.0
Volkswagen,Passat,1988,137358,Hybrid,Automatic,951,463,Second Hand,28.9,2000.0
Lamborghini,Huracan,1985,82170,Diesel,Automatic,1721,277,Second Hand,33.2,2000.0
Volvo,XC60,2011,0,Hybrid,Automatic,1742,68,Brand New,11.7,57019.98
Ford,Endeavour,2024,64951,Petrol,Automatic,4538,91,Second Hand,10.3,28328.5
Ferrari,488,1996,69548,Electric,Manual,4130,329,Second Hand,30.0,2000.0
Toyota,Camry,2008,149353,Hybrid,Manual,2246,192,Second Hand,31.9,2000.0
Mahindra,Scorpio,1996,0,Electric,Automatic,1349,153,Brand New,14.0,10221.52
BMW,X5,1993,0,Hybrid,Manual,1208,84,Brand New,12.1,75782.69
BMW,X5,2001,0,Electric,Manual,4036,312,Brand New,26.1,64796.06
Hyundai,Verna,2008,0,Electric,Automatic,4468,450,Brand New,24.5,19483.3
Mahindra,Scorpio,2010,68335,Petrol,Automatic,2057,222,Second Hand,15.1,2000.0
Mercedes-Benz,GLC,1995,0,Diesel,Automatic,800,347,Brand New,24.4,72100.33
Kia,Carnival,1985,0,Hybrid,Manual,2359,680,Brand New,13.4,21544.4
Tesla,Model S,2005,128477,Hybrid,Manual,3510,383,Second Hand,22.9,2000.0
McLaren,570S,2009,0,Hybrid,Automatic,3329,396,Brand New,11.4,121501.24
Mahindra,Scorpio,2016,0,Hybrid,Manual,4613,394,Brand New,15.0,18765.1
Tata,Nexon,2007,164218,Electric,Automatic,1686,443,Second Hand,8.3,2000.0
Porsche,911,2012,203454,Petrol,Manual,1123,660,Second Hand,17.8,2000.0
Lamborghini,Huracan,1999,139187,Petrol,Manual,2384,150,Second Hand,10.8,2000.0
Mercedes-Benz,GLC,2007,119021,Hybrid,Automatic,2755,530,Second Hand,19.4,2000.0
Tesla,Model 3,1988,0,Hybrid,Manual,4669,354,Brand New,29.0,230646.27
Volkswagen,Polo,2022,0,Electric,Automatic,4459,496,Brand New,29.7,38815.03
McLaren,570S,1986,0,Diesel,Automatic,1651,294,Brand New,21.0,372219.43
Lamborghini,Aventador,2014,138649,Petrol,Automatic,3485,192,Second Hand,23.0,184514.69
Hyundai,Creta,2017,43348,Diesel,Manual,874,279,Second Hand,16.4,12688.62
Kia,Seltos,2016,126386,Petrol,Manual,1217,330,Second Hand,26.3,2216.69
BMW,X5,2010,0,Hybrid,Automatic,2745,594,Brand New,14.7,52106.99
Nissan,Micra,1991,0,Hybrid,Manual,1628,451,Brand New,23.9,20730.78
BMW,X3,1991,100817,Diesel,Manual,1206,661,Second Hand,20.1,2000.0
Kia,Seltos,1988,243233,Electric,Automatic,1375,350,Second Hand,33.4,2000.0
Nissan,Magnite,1995,0,Electric,Manual,2160,444,Brand New,27.1,31661.43
Mercedes-Benz,GLC,2002,56070,Hybrid,Automatic,4470,197,Second Hand,12.5,12639.87
Audi,A4,2014,0,Petrol,Automatic,1194,73,Brand New,28.0,67562.47
McLaren,570S,2008,216891,Electric,Manual,1799,590,Second Hand,34.5,26805.12
Hyundai,i20,1996,0,Petrol,Manual,2922,140,Brand New,10.9,12795.88
Land Rover,Discovery,1986,0,Hybrid,Manual,953,150,Brand New,31.7,87860.84
McLaren,720S,2020,41236,Petrol,Automatic,2915,64,Second Hand,14.9,133732.62
Toyota,Corolla,1989,38642,Electric,Automatic,1900,475,Second Hand,32.4,2000.0
Hyundai,i20,2012,245493,Electric,Automatic,4490,260,Second Hand,14.6,2000.0
Hyundai,Creta,2004,103488,Electric,Automatic,2683,639,Second Hand,30.1,2000.0
Toyota,RAV4,1990,0,Electric,Manual,1292,585,Brand New,33.5,19049.19
Tesla,Model Y,1986,0,Electric,Automatic,3418,64,Brand New,29.1,387394.15
Audi,A6,1991,0,Electric,Automatic,3215,636,Brand New,28.4,65832.06
Kia,Carnival,2023,15947,Electric,Manual,3064,217,Second Hand,21.7,10604.81
McLaren,720S,1998,207740,Hybrid,Manual,4959,429,Second Hand,26.9,28886.86
Nissan,Kicks,2015,99863,Hybrid,Manual,3751,683,Second Hand,12.2,2628.6
Audi,A6,2000,0,Hybrid,Automatic,3398,465,Brand New,32.9,54429.87
Hyundai,Elantra,2012,0,Hybrid,Manual,3781,166,Brand New,17.2,28279.01
Hyundai,Creta,2023,66123,Diesel,Automatic,3806,645,Second Hand,10.3,10486.74
Audi,Q3,2011,0,Electric,Automatic,3243,654,Brand New,20.9,54037.94
Lamborghini,Aventador,2024,0,Hybrid,Manual,1437,329,Brand New,21.5,388408.48
Rolls-Royce,Ghost,1989,109280,Hybrid,Automatic,2520,616,Second Hand,23.2,2000.0
Audi,Q5,1986,245719,Hybrid,Automatic,4082,633,Second Hand,13.6,2000.0
Nissan,Kicks,1997,135600,Diesel,Automatic,2296,315,Second Hand,25.8,2000.0
Kia,Sonet,1990,0,Diesel,Manual,2314,304,Brand New,24.8,27559.28
Tata,Nexon,2024,171668,Diesel,Automatic,2939,416,Second Hand,16.9,29566.67
Rolls-Royce,Ghost,2001,15677,Diesel,Manual,4334,239,Second Hand,15.7,65280.29
Hyundai,Elantra,1991,0,Diesel,Automatic,2613,361,Brand New,29.7,41138.27
Ferrari,488,1986,71191,Hybrid,Automatic,4763,605,Second Hand,33.8,2000.0
Tesla,Model 3,2013,103100,Hybrid,Automatic,3555,482,Second Hand,11.5,39349.98
Volkswagen,Passat,1992,0,Electric,Manual,2997,540,Brand New,23.7,22031.43
Ferrari,488,2021,0,Petrol,Automatic,2418,230,Brand New,15.8,360269.55
Nissan,Kicks,2018,199441,Diesel,Manual,1146,306,Second Hand,30.9,10984.77
Honda,Civic,2015,0,Petrol,Automatic,3710,622,Brand New,19.9,28273.97
Mercedes-Benz,GLA,1987,0,Hybrid,Automatic,3673,507,Brand New,15.5,106601.78
Land Rover,Range Rover,1988,0,Electric,Manual,1006,625,Brand New,31.9,89299.57
Mercedes-Benz,E-Class,2001,0,Petrol,Manual,4756,284,Brand New,17.3,104805.15
Audi,A4,1989,67785,Electric,Manual,2912,668,Second Hand,17.7,2000.0
Porsche,Cayenne,1993,0,Electric,Automatic,4079,316,Brand New,28.2,91163.16
Hyundai,i20,2019,198873,Diesel,Manual,2090,269,Second Hand,22.3,13099.78
Rolls-Royce,Ghost,2021,114761,Electric,Automatic,1527,575,Second Hand,19.8,140271.53
Nissan,Magnite,1987,91238,Hybrid,Manual,2885,465,Second Hand,19.9,2000.0
BMW,5 Series,2007,0,Petrol,Manual,1354,495,Brand New,32.7,44276.22
Ford,Endeavour,1995,19780,Petrol,Manual,1301,456,Second Hand,27.2,2179.84
Audi,Q3,2016,0,Hybrid,Manual,4964,366,Brand New,13.0,63079.48
Mahindra,Scorpio,1997,0,Electric,Automatic,1652,64,Brand New,33.8,26774.86
Volvo,XC60,2024,64666,Diesel,Manual,2739,417,Second Hand,11.2,70196.75
BMW,5 Series,1995,61635,Electric,Manual,3840,206,Second Hand,18.7,2000.0
Lamborghini,Huracan,1995,31214,Electric,Automatic,3158,535,Second Hand,27.0,2000.0
Honda,CRV,2023,0,Diesel,Manual,3738,192,Brand New,27.3,20490.48
Tesla,Model S,1989,36263,Hybrid,Manual,3269,64,Second Hand,31.6,2000.0
Kia,Sonet,2001,0,Hybrid,Manual,4592,90,Brand New,29.4,17206.97
McLaren,570S,1999,0,Diesel,Automatic,1214,103,Brand New,14.1,177967.82
Honda,Civic,1991,0,Petrol,Automatic,869,361,Brand New,17.6,34451.53
Land Rover,Discovery,2022,181450,Hybrid,Automatic,3962,541,Second Hand,25.6,32513.72
Hyundai,Elantra,1992,51409,Diesel,Automatic,852,225,Second Hand,8.3,2000.0
Ferrari,Roma,2002,0,Hybrid,Automatic,2351,366,Brand New,24.5,192875.78
Tata,Safari,1991,117945,Diesel,Manual,962,197,Second Hand,17.8,2000.0
Ferrari,488,2008,40429,Electric,Automatic,1358,381,Second Hand,14.2,17466.1
Lamborghini,Aventador,1991,86124,Petrol,Automatic,4779,355,Second Hand,33.6,2000.0
Mercedes-Benz,C-Class,2021,7184,Electric,Manual,4825,677,Second Hand,19.6,49386.0
BMW,3 Series,2012,87192,Diesel,Automatic,1550,493,Second Hand,12.5,29011.94
BMW,X3,1992,0,Petrol,Manual,3313,339,Brand New,25.2,84953.19
Lamborghini,Aventador,1999,0,Diesel,Manual,2781,345,Brand New,25.6,272007.17
Ferrari,488,2019,95142,Hybrid,Manual,3657,126,Second Hand,31.3,111665.38
Tata,Harrier,2006,208156,Diesel,Automatic,4348,508,Second Hand,23.8,5609.44
Porsche,Cayenne,1988,0,Hybrid,Manual,3011,157,Brand New,32.6,98222.43
Mahindra,Thar,2012,162495,Petrol,Automatic,3570,421,Second Hand,10.6,2000.0
Volvo,XC40,1992,236467,Electric,Automatic,3093,451,Second Hand,16.9,2000.0
Mercedes-Benz,C-Class,1996,0,Electric,Automatic,879,216,Brand New,23.8,85661.94
Hyundai,Creta,2017,32643,Diesel,Automatic,1848,506,Second Hand,30.4,10155.9
Audi,A6,2024,0,Diesel,Manual,3896,180,Brand New,31.2,65873.76
Volkswagen,Polo,2009,0,Diesel,Manual,2216,536,Brand New,20.8,21250.08
Land Rover,Range Rover,1997,44052,Diesel,Manual,3607,301,Second Hand,12.1,2000.0
Audi,Q3,2013,66998,Petrol,Manual,1748,84,Second Hand,26.7,27267.7
Mercedes-Benz,GLC,1992,0,Hybrid,Automatic,3494,442,Brand New,14.9,70886.18
Tesla,Model Y,1989,202120,Diesel,Manual,2866,310,Second Hand,34.2,2000.0
Mahindra,XUV500,1997,21006,Hybrid,Manual,1905,117,Second Hand,14.6,2000.0
Tesla,Model Y,1991,0,Petrol,Automatic,2669,165,Brand New,21.2,178360.9
Ford,Endeavour,2022,213611,Electric,Manual,2448,80,Second Hand,8.6,3379.42
Ferrari,Roma,1996,22165,Petrol,Manual,1077,170,Second Hand,24.6,37814.63
Tesla,Model 3,2018,0,Hybrid,Manual,1446,213,Brand New,21.7,402337.89
BMW,5 Series,2002,0,Diesel,Automatic,4190,194,Brand New,18.2,67799.75
Kia,Carnival,2024,0,Petrol,Manual,3776,260,Brand New,15.4,30762.62
McLaren,720S,1994,0,Diesel,Automatic,3147,153,Brand New,20.4,347534.61
Audi,Q3,2015,0,Electric,Automatic,2663,409,Brand New,33.2,48957.13
McLaren,570S,2007,225112,Diesel,Manual,4337,111,Second Hand,21.6,17817.27
Volvo,XC60,2020,97529,Petrol,Automatic,4381,352,Second Hand,33.1,37987.28
Land Rover,Discovery,1986,0,Hybrid,Manual,3116,560,Brand New,32.3,103271.3
Mercedes-Benz,C-Class,1988,0,Petrol,Automatic,1604,434,Brand New,11.8,70878.62
Volkswagen,Vento,2021,247677,Electric,Manual,4314,63,Second Hand,11.6,2582.47
Tesla,Model X,2010,209536,Diesel,Automatic,2270,303,Second Hand,34.0,56384.83
Hyundai,Creta,2024,0,Petrol,Automatic,3266,120,Brand New,30.3,32570.74
McLaren,720S,2005,137572,Hybrid,Automatic,1296,195,Second Hand,21.0,2000.0
Volvo,S60,1988,0,Electric,Automatic,1226,346,Brand New,23.7,86506.93
Ford,Endeavour,1990,182546,Petrol,Automatic,1185,613,Second Hand,24.5,2000.0
Mahindra,XUV500,1990,0,Electric,Manual,3459,678,Brand New,12.8,30328.55
Kia,Sonet,2006,0,Petrol,Manual,1258,141,Brand New,13.7,9673.29
Land Rover,Discovery,1985,77622,Hybrid,Automatic,2611,171,Second Hand,16.3,2000.0
McLaren,570S,1993,118749,Electric,Manual,3401,200,Second Hand,22.4,2000.0
Honda,CRV,1994,128922,Hybrid,Manual,2741,205,Second Hand,27.6,2000.0
Nissan,Kicks,1995,42993,Hybrid,Automatic,2533,75,Second Hand,18.6,2000.0
Lamborghini,Aventador,2016,0,Electric,Manual,2061,359,Brand New,17.8,302639.16
Mercedes-Benz,C-Class,1996,41714,Petrol,Manual,4084,680,Second Hand,32.3,2000.0
Kia,Carnival,2008,0,Petrol,Automatic,4682,407,Brand New,16.1,14960.64
Mercedes-Benz,GLA,1998,25539,Diesel,Manual,4356,236,Second Hand,14.1,2000.0
Volkswagen,Passat,2023,0,Hybrid,Manual,2937,147,Brand New,17.8,21118.12
Honda,City,1992,96159,Electric,Manual,938,540,Second Hand,11.5,2000.0
Porsche,Cayenne,2004,177043,Hybrid,Manual,1848,123,Second Hand,30.6,2000.0
McLaren,570S,1999,164970,Petrol,Automatic,1290,286,Second Hand,32.7,2000.0
BMW,3 Series,2009,173482,Petrol,Automatic,3406,62,Second Hand,8.1,4269.47
Ferrari,Roma,1991,0,Diesel,Manual,3567,343,Brand New,8.2,121359.74
Audi,Q3,1993,0,Petrol,Automatic,1903,608,Brand New,10.0,87175.89
Land Rover,Discovery,2013,0,Petrol,Automatic,2638,272,Brand New,16.9,84353.79
Mercedes-Benz,GLA,2006,0,Diesel,Automatic,4825,170,Brand New,15.7,63348.34
Hyundai,Elantra,1997,126668,Petrol,Automatic,3990,665,Second Hand,26.7,2000.0
Mahindra,XUV500,2022,0,Hybrid,Manual,2096,244,Brand New,9.1,28285.14
Nissan,Micra,1993,201750,Petrol,Manual,4964,637,Second Hand,25.0,2000.0
Toyota,RAV4,1998,181885,Electric,Automatic,2724,546,Second Hand,34.4,2000.0
Honda,Accord,2004,0,Electric,Automatic,1323,357,Brand New,23.5,29293.64
Volkswagen,Vento,2000,114693,Electric,Manual,1733,155,Second Hand,13.5,2000.0
Mercedes-Benz,GLC,2011,0,Hybrid,Manual,4722,409,Brand New,26.2,51186.58
Rolls-Royce,Ghost,1998,86944,Petrol,Manual,3207,274,Second Hand,8.6,2000.0
BMW,X3,2013,0,Hybrid,Automatic,3322,192,Brand New,16.6,64107.31
Tesla,Model Y,2001,0,Hybrid,Automatic,2319,345,Brand New,17.0,274874.85
Honda,City,1996,0,Diesel,Automatic,3817,327,Brand New,24.1,24246.77
Audi,A6,1994,144671,Petrol,Manual,3362,319,Second Hand,8.8,2000.0
McLaren,570S,2017,16913,Diesel,Manual,1449,636,Second Hand,9.3,97432.39
Land Rover,Discovery,1990,0,Hybrid,Automatic,3359,641,Brand New,33.6,83646.05
Toyota,RAV4,2013,75822,Petrol,Manual,3161,370,Second Hand,24.9,5352.54
Audi,A6,2019,0,Petrol,Automatic,1156,539,Brand New,23.4,65240.7
BMW,3 Series,2024,0,Petrol,Automatic,2726,602,Brand New,14.0,80844.93
Audi,A6,2006,0,Hybrid,Automatic,2767,493,Brand New,19.7,59519.22
Rolls-Royce,Ghost,2012,0,Diesel,Automatic,2736,527,Brand New,25.8,210895.92
Tata,Safari,2011,0,Diesel,Manual,1552,250,Brand New,16.2,37724.34
Nissan,Micra,2023,6016,Petrol,Automatic,1203,518,Second Hand,23.2,18391.83
Volvo,XC60,1986,157715,Hybrid,Manual,2711,651,Second Hand,19.6,2000.0
Land Rover,Range Rover,2003,0,Diesel,Automatic,2987,248,Brand New,12.3,75549.6
Toyota,Camry,2018,0,Petrol,Automatic,3568,661,Brand New,27.4,23810.31
Toyota,Fortuner,2006,0,Petrol,Automatic,3160,645,Brand New,8.8,16276.27
Mahindra,Thar,2020,176446,Petrol,Manual,907,272,Second Hand,34.7,4748.9
Nissan,Kicks,2014,0,Electric,Manual,4233,655,Brand New,23.8,28497.03
Nissan,Magnite,1987,108758,Petrol,Manual,2257,292,Second Hand,26.9,2000.0
Mercedes-Benz,C-Class,1986,0,Diesel,Manual,3304,446,Brand New,12.3,100003.54
Mahindra,Scorpio,2018,0,Diesel,Automatic,1383,297,Brand New,31.2,31457.23
Toyota,Camry,1997,0,Electric,Manual,1273,618,Brand New,14.6,28830.13
Land Rover,Discovery,2010,0,Hybrid,Automatic,3185,432,Brand New,23.2,96513.14
Volkswagen,Passat,1994,0,Diesel,Manual,3814,594,Brand New,26.5,16952.41
Kia,Sonet,1994,19527,Hybrid,Automatic,1064,216,Second Hand,15.1,2000.0
Kia,Seltos,2017,157341,Hybrid,Manual,1643,439,Second Hand,23.5,4931.43
Rolls-Royce,Phantom,2002,0,Electric,Manual,2399,260,Brand New,18.5,135754.18
Hyundai,Verna,1995,0,Electric,Automatic,1316,535,Brand New,10.1,31077.02
Kia,Sonet,2022,0,Hybrid,Manual,2721,390,Brand New,24.0,10981.12
BMW,5 Series,2024,0,Diesel,Manual,3441,395,Brand New,24.5,54050.62
Land Rover,Discovery,2015,0,Hybrid,Automatic,2033,299,Brand New,25.5,83802.72
Mercedes-Benz,E-Class,1994,0,Petrol,Manual,3393,200,Brand New,16.3,81255.74
Ferrari,Roma,1986,230759,Diesel,Automatic,2281,221,Second Hand,21.6,2000.0
Land Rover,Range Rover,1990,0,Electric,Manual,1392,575,Brand New,13.8,68614.85
Honda,CRV,2022,28715,Hybrid,Automatic,2206,150,Second Hand,26.3,13638.89
Rolls-Royce,Phantom,1992,98697,Diesel,Manual,2544,335,Second Hand,18.0,2000.0
Volkswagen,Passat,2013,180792,Hybrid,Automatic,1653,149,Second Hand,13.7,2756.26
Audi,Q5,2017,0,Electric,Manual,4922,66,Brand New,30.2,54911.84
Volkswagen,Vento,2013,5777,Petrol,Automatic,3988,379,Second Hand,19.3,4209.97
Toyota,Fortuner,2019,213272,Electric,Manual,4641,290,Second Hand,17.8,2000.0
Volkswagen,Vento,1986,54469,Hybrid,Manual,3509,120,Second Hand,34.6,2000.0
Tata,Nexon,2009,68324,Diesel,Manual,3759,167,Second Hand,23.2,2000.0
BMW,3 Series,2001,213819,Electric,Automatic,2005,159,Second Hand,11.7,2000.0
BMW,5 Series,2019,53378,Electric,Automatic,999,475,Second Hand,17.1,30594.12
Nissan,Micra,1987,7290,Diesel,Manual,3611,635,Second Hand,29.5,2000.0
Lamborghini,Aventador,2011,130803,Diesel,Automatic,4688,607,Second Hand,17.6,66162.21
Rolls-Royce,Ghost,2017,15915,Diesel,Automatic,2202,504,Second Hand,30.6,139826.37
Rolls-Royce,Ghost,2015,0,Petrol,Manual,4456,421,Brand New,23.6,230806.31
Hyundai,Verna,2020,0,Petrol,Manual,3407,336,Brand New,34.9,8896.74
Ferrari,488,2014,0,Hybrid,Manual,2559,564,Brand New,10.7,302627.16
Honda,Civic,2021,136181,Diesel,Automatic,3316,94,Second Hand,11.6,10133.38
Lamborghini,Huracan,2005,145464,Diesel,Automatic,3927,141,Second Hand,28.3,87738.97
Nissan,Kicks,2019,111214,Hybrid,Automatic,3754,342,Second Hand,11.0,21366.75
Kia,Sonet,2015,0,Electric,Manual,3742,420,Brand New,25.8,35510.82
Mercedes-Benz,C-Class,2019,73469,Hybrid,Automatic,4623,173,Second Hand,34.7,58288.57
Mercedes-Benz,GLC,1993,38208,Hybrid,Automatic,2011,408,Second Hand,26.3,2000.0
Volvo,S60,2020,0,Hybrid,Automatic,3214,656,Brand New,10.6,52876.6
Land Rover,Range Rover,2016,0,Electric,Manual,4796,144,Brand New,32.2,80591.38
Land Rover,Discovery,1988,160346,Electric,Manual,3365,485,Second Hand,10.5,2000.0
Tesla,Model X,2016,0,Electric,Automatic,2213,199,Brand New,31.9,253673.56
Rolls-Royce,Phantom,2007,79209,Petrol,Manual,1546,576,Second Hand,25.8,2000.0
McLaren,720S,1987,95740,Hybrid,Manual,2528,442,Second Hand,8.4,2000.0
Mercedes-Benz,E-Class,2017,106267,Electric,Manual,2132,277,Second Hand,31.6,31552.7
Volvo,XC60,2001,170225,Diesel,Manual,3938,647,Second Hand,26.6,2000.0
Lamborghini,Huracan,1991,0,Diesel,Manual,2054,138,Brand New,28.7,391954.14
BMW,3 Series,2008,0,Petrol,Manual,1851,518,Brand New,11.7,67420.53
Honda,Accord,2017,0,Electric,Automatic,3500,475,Brand New,22.9,33414.0
Nissan,Kicks,1992,0,Electric,Manual,1581,308,Brand New,29.3,26947.54
Mercedes-Benz,GLC,2004,0,Electric,Automatic,4768,665,Brand New,21.0,47304.34
Volkswagen,Polo,1999,0,Hybrid,Manual,2412,104,Brand New,13.1,11297.09
Audi,Q3,1993,0,Diesel,Automatic,3206,537,Brand New,29.3,87885.82
Lamborghini,Aventador,2010,33117,Diesel,Automatic,3164,637,Second Hand,21.1,25189.25
Nissan,Micra,2023,0,Hybrid,Automatic,3712,185,Brand New,27.1,9225.26
Tesla,Model S,2006,10596,Electric,Automatic,2485,281,Second Hand,18.8,2000.0
Land Rover,Discovery,2015,0,Diesel,Manual,1413,687,Brand New,34.2,81119.54
Tata,Harrier,2007,97741,Petrol,Manual,3361,358,Second Hand,9.3,2000.0
Rolls-Royce,Phantom,2013,64334,Petrol,Automatic,2965,498,Second Hand,14.5,68390.93
Land Rover,Range Rover,2022,0,Diesel,Manual,4792,477,Brand New,19.3,88301.73
Nissan,Kicks,2011,0,Electric,Automatic,1766,404,Brand New,11.5,33859.01
Mercedes-Benz,E-Class,2022,103645,Diesel,Automatic,4771,238,Second Hand,14.8,60171.41
Volkswagen,Polo,2021,0,Petrol,Manual,1285,159,Brand New,27.4,37560.94
BMW,5 Series,2011,156635,Hybrid,Manual,1046,471,Second Hand,12.0,19686.73
Kia,Sonet,2009,55193,Petrol,Manual,2186,568,Second Hand,34.7,2000.0
Tesla,Model Y,2020,172493,Diesel,Automatic,3516,697,Second Hand,21.7,219358.35
Nissan,Kicks,1990,0,Petrol,Automatic,4182,598,Brand New,23.7,36170.07
Volkswagen,Vento,2024,0,Electric,Manual,2299,568,Brand New,22.0,23702.82
Tesla,Model S,2020,135389,Hybrid,Manual,1989,530,Second Hand,21.7,220136.18
Tata,Harrier,2021,191011,Electric,Automatic,1536,170,Second Hand,11.6,21820.46
Porsche,911,2001,0,Hybrid,Automatic,4145,274,Brand New,19.7,87739.24
Ferrari,Roma,1994,14136,Electric,Automatic,3500,667,Second Hand,24.7,2000.0
Ford,Mustang,1995,0,Hybrid,Automatic,1491,582,Brand New,8.5,34411.86
Honda,CRV,2001,145550,Petrol,Manual,2609,124,Second Hand,17.1,2000.0
Rolls-Royce,Ghost,2003,71039,Diesel,Manual,4366,267,Second Hand,22.0,18660.68
Tesla,Model S,1993,0,Diesel,Manual,4264,66,Brand New,31.6,354280.03
McLaren,720S,1988,199234,Diesel,Automatic,1184,163,Second Hand,31.5,2000.0
Mahindra,Thar,2010,0,Electric,Manual,1523,579,Brand New,19.5,37396.61
Land Rover,Range Rover,2010,0,Petrol,Manual,3277,190,Brand New,34.3,49586.74
Mercedes-Benz,C-Class,1998,149766,Petrol,Manual,4497,71,Second Hand,25.9,2000.0
Ferrari,Roma,1990,0,Hybrid,Automatic,4002,659,Brand New,26.2,353584.37
Mercedes-Benz,E-Class,1998,0,Electric,Manual,3400,409,Brand New,32.7,87842.13
Nissan,Micra,2001,212309,Electric,Manual,2306,584,Second Hand,27.3,2000.0
Volvo,S60,1995,0,Electric,Manual,1483,145,Brand New,10.4,63393.85
Land Rover,Range Rover,1994,0,Electric,Automatic,1657,442,Brand New,19.5,94881.68
Kia,Seltos,2017,0,Electric,Manual,1078,295,Brand New,16.9,20999.47
Ferrari,488,2010,0,Electric,Automatic,1591,444,Brand New,10.8,259927.98
BMW,5 Series,2004,183466,Petrol,Automatic,1455,641,Second Hand,32.0,2000.0
Hyundai,Creta,1985,0,Diesel,Manual,2735,649,Brand New,23.5,18616.31
Volkswagen,Polo,1989,0,Hybrid,Automatic,4234,415,Brand New,29.8,20727.35
Hyundai,Creta,1988,0,Electric,Automatic,2861,510,Brand New,11.4,18937.16
Lamborghini,Huracan,2018,41360,Electric,Manual,2509,344,Second Hand,22.3,173267.75
Ferrari,Roma,1999,0,Petrol,Automatic,4145,165,Brand New,32.0,120015.08
McLaren,720S,2008,211727,Hybrid,Manual,4185,632,Second Hand,31.6,83025.25
Kia,Seltos,2023,0,Petrol,Manual,1989,336,Brand New,33.9,28435.04
Lamborghini,Aventador,2013,209023,Electric,Manual,3382,557,Second Hand,33.6,28062.32
Kia,Carnival,2022,169741,Petrol,Automatic,3618,268,Second Hand,18.2,11449.51
Tata,Harrier,2008,0,Petrol,Automatic,4928,466,Brand New,34.1,38356.77
Audi,Q3,2011,0,Petrol,Automatic,4624,410,Brand New,14.9,73448.68
Mercedes-Benz,C-Class,1985,134229,Diesel,Manual,3021,589,Second Hand,33.7,2000.0
Mahindra,Thar,2021,0,Electric,Automatic,2989,644,Brand New,25.3,24208.68
Honda,City,1985,244454,Diesel,Automatic,2190,691,Second Hand,17.1,2000.0
Nissan,Kicks,2023,0,Hybrid,Manual,3998,194,Brand New,31.2,31322.7
Tata,Nexon,2009,0,Diesel,Manual,2030,564,Brand New,23.6,27836.59
Land Rover,Discovery,2016,240200,Electric,Manual,2515,514,Second Hand,8.0,43422.45
Volkswagen,Passat,2020,0,Electric,Manual,3072,563,Brand New,31.5,13865.07
Lamborghini,Huracan,1985,0,Diesel,Manual,1204,419,Brand New,31.5,197088.53
Audi,A4,2001,0,Petrol,Manual,948,283,Brand New,20.4,62601.76
Ferrari,488,2012,169792,Diesel,Automatic,2365,102,Second Hand,14.5,54963.18
Tata,Nexon,2018,0,Electric,Automatic,1945,480,Brand New,28.7,27098.08
Lamborghini,Huracan,2019,0,Hybrid,Manual,4072,360,Brand New,34.1,163233.74
Audi,Q3,2012,98833,Hybrid,Manual,1298,156,Second Hand,29.4,3978.86
Rolls-Royce,Phantom,1999,0,Hybrid,Automatic,1798,571,Brand New,24.3,256964.81
Mercedes-Benz,C-Class,2016,159189,Diesel,Automatic,3399,671,Second Hand,9.2,25095.58
Mercedes-Benz,GLC,2003,0,Electric,Automatic,3489,342,Brand New,20.3,79591.01
Rolls-Royce,Ghost,2010,0,Diesel,Automatic,4811,591,Brand New,33.3,272039.48
Porsche,Macan,2017,178388,Electric,Automatic,2944,77,Second Hand,27.8,26552.05
McLaren,570S,2000,234835,Electric,Automatic,3703,237,Second Hand,12.1,2000.0
Lamborghini,Aventador,2003,101501,Diesel,Manual,3794,158,Second Hand,25.7,2000.0
Audi,A4,2010,0,Hybrid,Automatic,3973,604,Brand New,19.2,64279.26
Mercedes-Benz,GLC,2011,0,Hybrid,Automatic,4196,474,Brand New,21.1,96385.35
McLaren,720S,2019,127237,Hybrid,Manual,3694,385,Second Hand,33.2,198531.16
Ferrari,Roma,2000,202942,Diesel,Automatic,4866,513,Second Hand,17.1,2000.0
BMW,5 Series,2001,0,Petrol,Manual,3114,155,Brand New,30.6,98278.46
Tesla,Model Y,2022,0,Hybrid,Manual,4114,503,Brand New,23.8,369161.79
Ford,Endeavour,1986,0,Petrol,Automatic,910,403,Brand New,15.5,38760.52
Audi,A6,2015,0,Diesel,Automatic,2446,433,Brand New,24.4,72801.05
Lamborghini,Aventador,2009,0,Hybrid,Automatic,2661,114,Brand New,14.5,192486.88
Ford,Figo,1992,94442,Diesel,Manual,3348,353,Second Hand,25.4,2000.0
Ford,Mustang,2006,189120,Petrol,Automatic,4814,674,Second Hand,9.4,2000.0
McLaren,720S,2019,82956,Electric,Manual,1596,686,Second Hand,10.0,67701.61
Lamborghini,Aventador,1988,76954,Hybrid,Automatic,1962,489,Second Hand,23.6,2000.0
Honda,CRV,1987,29291,Petrol,Automatic,2885,453,Second Hand,24.3,2000.0
Honda,Accord,2009,0,Hybrid,Automatic,3228,595,Brand New,11.0,12995.48
Hyundai,Elantra,1998,0,Hybrid,Automatic,4194,125,Brand New,10.5,17502.26
Honda,Civic,2012,51675,Hybrid,Automatic,3943,407,Second Hand,19.0,3972.18
McLaren,720S,2007,235195,Petrol,Manual,1497,253,Second Hand,17.2,2000.0
Mercedes-Benz,C-Class,2018,0,Hybrid,Manual,1125,155,Brand New,17.2,92538.11
BMW,3 Series,2012,81636,Electric,Automatic,4089,349,Second Hand,18.6,35590.45
Volkswagen,Polo,2019,18736,Petrol,Automatic,4732,619,Second Hand,30.9,26859.33
Land Rover,Range Rover,2016,0,Electric,Manual,1726,371,Brand New,33.5,84504.4
Volkswagen,Vento,1991,14193,Diesel,Automatic,4945,645,Second Hand,22.6,2000.0
Volkswagen,Vento,1990,0,Diesel,Automatic,2863,244,Brand New,13.8,34963.9
Mercedes-Benz,GLC,2010,23091,Electric,Automatic,4809,410,Second Hand,8.1,15840.32
Mercedes-Benz,C-Class,2009,0,Petrol,Manual,1092,695,Brand New,12.7,58338.45
McLaren,570S,1987,0,Hybrid,Automatic,4505,205,Brand New,19.7,206052.95
Volvo,S60,2024,0,Hybrid,Manual,2674,613,Brand New,29.5,109602.31
Toyota,RAV4,1992,30874,Diesel,Automatic,1525,616,Second Hand,22.1,2000.0
BMW,3 Series,1999,0,Hybrid,Automatic,4243,99,Brand New,23.0,51414.49
Volvo,S60,2018,179551,Electric,Manual,4183,451,Second Hand,19.8,45368.08
Mercedes-Benz,E-Class,2022,0,Hybrid,Manual,1868,476,Brand New,10.0,76826.84
Audi,A6,2021,0,Hybrid,Manual,3670,405,Brand New,13.7,71839.41
Mercedes-Benz,E-Class,2015,0,Hybrid,Automatic,3743,319,Brand New,29.4,48101.12
Volkswagen,Polo,1995,0,Hybrid,Manual,1580,266,Brand New,25.1,25338.81
Mahindra,Scorpio,2007,0,Hybrid,Automatic,3901,136,Brand New,26.2,37103.15
Mercedes-Benz,C-Class,1990,46419,Electric,Manual,3839,153,Second Hand,16.8,2000.0
Ferrari,Roma,2024,0,Electric,Manual,4227,89,Brand New,27.4,189800.96
Porsche,Cayenne,2024,0,Diesel,Manual,3958,511,Brand New,18.6,71347.21
Audi,Q3,1986,0,Hybrid,Automatic,4325,363,Brand New,28.6,60957.53
Mahindra,XUV500,2022,0,Petrol,Manual,4098,593,Brand New,17.0,35041.7
BMW,X5,2005,0,Hybrid,Manual,2685,583,Brand New,16.1,89860.65
Ferrari,Roma,1999,192552,Diesel,Automatic,2911,339,Second Hand,32.4,29341.68
Porsche,Cayenne,1993,181352,Diesel,Automatic,4175,227,Second Hand,26.2,2000.0
McLaren,720S,1998,159869,Hybrid,Manual,3441,407,Second Hand,17.3,2000.0
Kia,Sonet,2022,189086,Electric,Manual,4062,437,Second Hand,16.7,10042.23
Ferrari,Roma,1997,0,Petrol,Automatic,3564,106,Brand New,30.3,158055.96
Hyundai,Verna,1985,0,Electric,Manual,3061,316,Brand New,12.5,18054.27
McLaren,570S,1991,0,Electric,Automatic,4572,585,Brand New,26.9,170859.51
Hyundai,Elantra,2017,7029,Electric,Manual,4904,508,Second Hand,10.6,19495.58
BMW,5 Series,2014,0,Electric,Manual,1541,138,Brand New,32.0,90797.99
Land Rover,Discovery,1988,0,Electric,Automatic,3038,361,Brand New,26.1,75456.74
Toyota,RAV4,2012,105246,Diesel,Automatic,4762,122,Second Hand,17.6,2000.0
McLaren,570S,1998,164610,Petrol,Automatic,4713,666,Second Hand,29.0,13864.56
Porsche,Cayenne,2005,92063,Hybrid,Automatic,1368,471,Second Hand,34.8,8808.25
Mercedes-Benz,GLC,1991,0,Petrol,Manual,2721,133,Brand New,12.6,52290.89
Nissan,Kicks,2003,20578,Electric,Manual,830,109,Second Hand,21.2,2000.0
Hyundai,Creta,1992,0,Hybrid,Manual,3548,82,Brand New,20.5,28552.88
Tesla,Model 3,1985,0,Hybrid,Automatic,3137,507,Brand New,22.2,126720.24
Rolls-Royce,Ghost,2004,0,Hybrid,Manual,3994,474,Brand New,14.3,302603.2
Tesla,Model Y,1999,0,Petrol,Manual,2988,700,Brand New,27.3,443664.95
Nissan,Kicks,2005,0,Hybrid,Manual,1871,649,Brand New,23.8,36823.66
Nissan,Micra,2010,115762,Diesel,Manual,2646,347,Second Hand,18.0,4384.25
Audi,Q3,1999,0,Electric,Automatic,2729,63,Brand New,27.0,62236.05
Kia,Sonet,1988,128331,Diesel,Automatic,4413,500,Second Hand,30.2,2000.0
Volkswagen,Vento,1989,226380,Electric,Manual,1617,117,Second Hand,18.1,2000.0
Volvo,S60,1988,0,Petrol,Manual,4100,204,Brand New,14.4,69720.24
Rolls-Royce,Phantom,2021,187959,Petrol,Automatic,1433,77,Second Hand,16.4,161096.62
Ferrari,488,2022,0,Hybrid,Automatic,2454,223,Brand New,24.1,239537.18
Audi,A4,2018,172970,Petrol,Manual,817,399,Second Hand,10.1,35506.32
Ford,Mustang,2003,0,Petrol,Manual,3020,180,Brand New,21.0,42605.76
Mahindra,XUV500,2006,0,Diesel,Automatic,3411,655,Brand New,28.9,19350.36
McLaren,570S,2020,0,Hybrid,Manual,3445,608,Brand New,9.1,152330.73
Rolls-Royce,Phantom,1992,67294,Diesel,Manual,3120,694,Second Hand,15.8,2000.0
Toyota,Fortuner,2023,72492,Hybrid,Manual,4270,328,Second Hand,29.2,24064.31
Ferrari,488,1985,0,Petrol,Manual,1611,416,Brand New,12.2,254068.55
Toyota,Corolla,2018,0,Electric,Automatic,3793,535,Brand New,27.6,10007.49
Audi,Q3,2013,239120,Electric,Automatic,4224,546,Second Hand,19.0,14254.59
Tesla,Model 3,2019,24372,Hybrid,Manual,2939,414,Second Hand,18.1,241817.19
Toyota,Fortuner,2016,0,Petrol,Manual,3604,304,Brand New,24.0,28587.11
Nissan,Magnite,1989,0,Electric,Automatic,2485,618,Brand New,29.3,26291.78
Volkswagen,Vento,2001,0,Petrol,Manual,2684,598,Brand New,10.5,32299.85
Mahindra,Thar,2011,0,Diesel,Automatic,4054,573,Brand New,21.3,9987.68
McLaren,720S,1989,0,Electric,Automatic,984,228,Brand New,27.7,228898.88
Mercedes-Benz,GLA,1991,0,Hybrid,Manual,4147,473,Brand New,27.7,97509.46
Porsche,Macan,1999,0,Petrol,Manual,3878,65,Brand New,29.1,47415.15
Audi,A6,1993,37580,Diesel,Manual,1393,487,Second Hand,27.2,2000.0
Honda,City,1988,46893,Petrol,Automatic,4510,311,Second Hand,14.4,2000.0
Tata,Safari,1998,154113,Hybrid,Automatic,4417,576,Second Hand,10.6,2000.0
Lamborghini,Huracan,2011,0,Hybrid,Manual,2724,392,Brand New,23.7,152853.94
Land Rover,Range Rover,1989,122514,Diesel,Automatic,2774,104,Second Hand,11.5,2000.0
Ford,Endeavour,1998,0,Hybrid,Manual,2525,307,Brand New,13.8,34615.76
Nissan,Kicks,2008,0,Petrol,Manual,1222,424,Brand New,25.1,10958.1
Volvo,XC60,2011,124760,Petrol,Automatic,4641,360,Second Hand,25.4,7535.46
McLaren,570S,2004,84237,Diesel,Manual,3486,614,Second Hand,31.7,2000.0
Hyundai,i20,2004,0,Diesel,Automatic,4636,137,Brand New,26.4,28811.0
McLaren,570S,1985,0,Electric,Automatic,4004,460,Brand New,13.8,303024.46
Nissan,Kicks,2003,0,Petrol,Automatic,801,86,Brand New,15.9,21829.99
BMW,X3,1993,0,Hybrid,Manual,4657,237,Brand New,22.9,48661.54
Volkswagen,Vento,2020,107668,Petrol,Manual,3430,660,Second Hand,24.4,4335.09
Audi,Q5,2022,177810,Petrol,Automatic,4775,540,Second Hand,34.7,43867.72
Land Rover,Discovery,1997,157594,Hybrid,Automatic,2749,299,Second Hand,18.1,2000.0
Nissan,Micra,2004,150169,Hybrid,Automatic,4854,550,Second Hand,9.5,2000.0
Honda,Civic,2017,161098,Hybrid,Automatic,3382,583,Second Hand,23.4,13921.79
Lamborghini,Aventador,2010,0,Petrol,Automatic,874,200,Brand New,20.9,288119.21
Mahindra,Thar,1993,0,Hybrid,Manual,1236,125,Brand New,32.2,23505.68
Porsche,911,2024,0,Hybrid,Automatic,1453,208,Brand New,35.0,56112.51
Mercedes-Benz,C-Class,2012,0,Diesel,Automatic,3040,532,Brand New,33.8,78882.48
Mercedes-Benz,E-Class,2018,0,Hybrid,Manual,4654,667,Brand New,28.7,109620.12
Ford,Endeavour,1996,22247,Petrol,Manual,1605,223,Second Hand,18.7,2000.0
Ford,Endeavour,1996,0,Electric,Manual,1563,593,Brand New,21.7,20371.85
Lamborghini,Huracan,2008,0,Diesel,Automatic,3424,452,Brand New,31.2,184368.66
Ferrari,488,1995,0,Petrol,Automatic,1771,148,Brand New,18.5,171345.97
Lamborghini,Huracan,2004,29878,Diesel,Automatic,4291,222,Second Hand,19.1,2000.0
Ford,Endeavour,2018,0,Electric,Manual,1426,430,Brand New,30.3,34526.15
Ferrari,488,2007,248105,Petrol,Automatic,3124,437,Second Hand,25.5,73467.16
Honda,Civic,1994,46730,Electric,Manual,3889,323,Second Hand,34.8,2000.0
Audi,Q5,2014,0,Diesel,Automatic,1587,674,Brand New,31.8,50233.85
Volvo,XC60,2024,0,Petrol,Automatic,4116,398,Brand New,25.3,54875.8
BMW,X5,1985,0,Petrol,Manual,2935,677,Brand New,18.1,80901.21
BMW,3 Series,2011,0,Petrol,Manual,1525,520,Brand New,30.5,83489.89
Land Rover,Discovery,1989,0,Electric,Manual,4507,426,Brand New,15.5,89119.43
Kia,Sonet,2014,0,Petrol,Automatic,4954,420,Brand New,24.5,34081.03
Tesla,Model X,2011,0,Electric,Automatic,4269,147,Brand New,23.3,115471.78
Kia,Seltos,1991,0,Petrol,Manual,1252,467,Brand New,34.2,13496.56
Volvo,XC60,2012,222009,Petrol,Manual,3207,96,Second Hand,27.9,24688.1
Audi,A4,2002,0,Electric,Manual,1778,559,Brand New,26.0,78436.04
Ford,Endeavour,1989,207441,Electric,Manual,3576,578,Second Hand,24.4,2000.0
Rolls-Royce,Ghost,1993,219708,Hybrid,Automatic,1320,91,Second Hand,16.1,2000.0
Land Rover,Range Rover,2010,0,Electric,Automatic,2792,670,Brand New,22.3,90418.1
Nissan,Kicks,1990,174646,Diesel,Manual,4847,453,Second Hand,19.9,2000.0
Volvo,XC40,2016,0,Petrol,Manual,3443,452,Brand New,27.6,64352.66
Ford,Figo,2011,138790,Electric,Automatic,1881,550,Second Hand,25.5,2000.0
Ford,Mustang,1988,182861,Electric,Automatic,1101,155,Second Hand,22.0,2000.0
Mahindra,Scorpio,1998,165716,Electric,Automatic,3907,134,Second Hand,19.1,2000.0
BMW,5 Series,2014,204653,Electric,Manual,4034,597,Second Hand,11.7,13266.82
Porsche,911,1994,0,Diesel,Automatic,4877,367,Brand New,31.1,86195.22
Tata,Harrier,1993,0,Diesel,Automatic,2343,420,Brand New,20.1,23065.38
Lamborghini,Huracan,2019,0,Diesel,Automatic,2833,312,Brand New,22.3,203284.59
Tesla,Model S,2015,0,Hybrid,Automatic,3398,197,Brand New,18.9,221240.49
Nissan,Micra,1993,0,Petrol,Automatic,2709,612,Brand New,29.4,32558.12
Tesla,Model Y,1992,56980,Petrol,Manual,4390,66,Second Hand,22.3,2000.0
Volkswagen,Vento,2011,0,Petrol,Automatic,2588,649,Brand New,9.7,8989.63
Ford,Figo,2015,54826,Hybrid,Automatic,4787,676,Second Hand,12.0,5719.5
Tesla,Model X,1985,0,Diesel,Automatic,997,299,Brand New,14.5,288999.13
Tata,Harrier,1988,158888,Electric,Manual,3780,412,Second Hand,19.1,2000.0
Kia,Carnival,1999,123626,Hybrid,Automatic,2417,154,Second Hand,26.7,2000.0
Nissan,Magnite,1989,19094,Diesel,Automatic,3654,83,Second Hand,24.1,2000.0
Nissan,Magnite,1998,89777,Electric,Manual,1493,171,Second Hand,15.4,2000.0
Honda,City,1988,143451,Diesel,Manual,1093,519,Second Hand,29.0,2000.0
Porsche,911,1995,173012,Diesel,Automatic,2918,616,Second Hand,25.7,2000.0
Hyundai,Creta,2010,0,Diesel,Manual,1365,489,Brand New,26.8,23217.33
Ferrari,Roma,2014,0,Hybrid,Automatic,4467,547,Brand New,16.3,399044.56
Honda,CRV,2021,0,Petrol,Manual,4138,647,Brand New,32.0,18077.1
Tesla,Model 3,2019,0,Diesel,Manual,2475,435,Brand New,14.1,314855.28
Tata,Safari,2007,0,Diesel,Manual,2903,229,Brand New,19.4,43080.93
Honda,City,1989,0,Diesel,Manual,2950,334,Brand New,32.5,11196.25
Volkswagen,Passat,2001,191564,Diesel,Manual,4975,384,Second Hand,25.4,2000.0
Tata,Safari,2010,231533,Hybrid,Manual,1143,442,Second Hand,31.3,2000.0
Volkswagen,Passat,1999,247133,Hybrid,Manual,3763,78,Second Hand,24.1,2000.0
Lamborghini,Aventador,1985,0,Petrol,Automatic,3601,496,Brand New,25.3,254760.62
Tata,Harrier,2014,0,Diesel,Manual,4217,471,Brand New,23.0,27765.4
BMW,X5,2017,0,Hybrid,Automatic,3853,191,Brand New,26.3,93191.82
Tata,Safari,2019,0,Hybrid,Automatic,4007,564,Brand New,31.7,34992.34
Tata,Nexon,1996,0,Petrol,Manual,2515,285,Brand New,25.8,10019.64
Mercedes-Benz,GLA,2004,238160,Diesel,Manual,956,323,Second Hand,10.6,2000.0
Lamborghini,Huracan,2024,244360,Petrol,Automatic,4788,595,Second Hand,21.7,328309.74
Rolls-Royce,Ghost,2007,90269,Petrol,Manual,2725,504,Second Hand,32.5,13804.03
Tesla,Model Y,2005,128520,Diesel,Manual,4137,183,Second Hand,30.0,48668.99
Tata,Harrier,1987,0,Diesel,Manual,1782,193,Brand New,18.0,22214.71
BMW,5 Series,2013,0,Hybrid,Automatic,4900,489,Brand New,11.2,65428.48
Ford,Mustang,2011,0,Petrol,Manual,2351,654,Brand New,32.7,11526.72
Hyundai,Verna,2013,108421,Petrol,Manual,3851,403,Second Hand,31.9,3728.74
Ford,Figo,2021,0,Petrol,Manual,4315,366,Brand New,21.9,12085.37
Volvo,XC40,1994,12949,Petrol,Automatic,1134,98,Second Hand,9.3,2000.0
Land Rover,Range Rover,2022,0,Petrol,Manual,3455,637,Brand New,25.3,81550.73
Honda,CRV,1998,232282,Hybrid,Manual,3275,141,Second Hand,13.8,2000.0
Ford,Mustang,1990,0,Diesel,Manual,1585,695,Brand New,12.7,25643.39
Land Rover,Discovery,2019,208320,Diesel,Manual,4810,178,Second Hand,17.0,31816.26
Hyundai,Elantra,1994,0,Petrol,Automatic,3833,105,Brand New,13.5,40689.08
Porsche,911,1991,0,Hybrid,Manual,1632,459,Brand New,10.7,90797.49
BMW,5 Series,1999,75674,Electric,Manual,1970,549,Second Hand,26.1,2000.0
Ford,Mustang,1990,0,Electric,Manual,2141,75,Brand New,12.0,31745.75
Volvo,XC40,1999,125031,Hybrid,Automatic,3790,239,Second Hand,12.5,2000.0
Rolls-Royce,Ghost,1987,0,Petrol,Automatic,3951,71,Brand New,15.4,308575.77
Mahindra,XUV500,2024,0,Hybrid,Automatic,1338,632,Brand New,10.0,15401.43
Volvo,XC60,2004,35027,Electric,Manual,3119,315,Second Hand,27.9,12135.39
Porsche,Macan,2017,0,Diesel,Manual,3014,356,Brand New,12.9,87128.9
Audi,Q3,2011,35336,Electric,Manual,1248,246,Second Hand,16.5,17575.67
Ferrari,488,2008,236940,Hybrid,Manual,3000,463,Second Hand,12.1,49034.55
Ferrari,488,1986,0,Petrol,Automatic,1345,510,Brand New,17.7,175699.3
BMW,X5,2009,173235,Hybrid,Manual,4631,640,Second Hand,12.5,2000.0
Volvo,XC40,2017,0,Diesel,Automatic,2189,407,Brand New,24.3,96209.72
Ferrari,Roma,2009,0,Diesel,Manual,3858,134,Brand New,24.8,297599.86
Lamborghini,Huracan,1998,205093,Diesel,Automatic,1898,190,Second Hand,19.5,2000.0
Hyundai,i20,2015,0,Diesel,Manual,1471,62,Brand New,14.1,11953.83
Volkswagen,Passat,1985,0,Electric,Manual,1329,416,Brand New,29.2,10303.66
Hyundai,Creta,2016,95662,Petrol,Manual,1656,114,Second Hand,32.4,10374.98
Land Rover,Discovery,1996,92339,Electric,Automatic,3814,73,Second Hand,14.6,2000.0
Kia,Seltos,2015,0,Diesel,Automatic,2812,511,Brand New,17.3,18962.95
McLaren,720S,2004,74488,Petrol,Manual,1605,569,Second Hand,20.8,2000.0
Volvo,S60,1998,102130,Diesel,Automatic,1064,428,Second Hand,32.5,2000.0
Volkswagen,Polo,2022,75452,Petrol,Automatic,4359,370,Second Hand,13.1,13412.33
Audi,A4,2012,228616,Petrol,Manual,4631,460,Second Hand,26.2,17801.38
Ford,Figo,1995,0,Petrol,Automatic,1329,523,Brand New,29.7,39295.38
McLaren,570S,2001,0,Petrol,Manual,4454,504,Brand New,25.3,109855.32
Volvo,S60,2015,80014,Electric,Manual,4891,291,Second Hand,17.5,23181.12
BMW,X5,2004,192220,Diesel,Manual,4375,307,Second Hand,32.2,2000.0
Rolls-Royce,Ghost,2019,230553,Hybrid,Manual,1403,397,Second Hand,21.1,119916.74
Toyota,Camry,2018,93876,Electric,Manual,1015,647,Second Hand,24.0,13207.02
Volkswagen,Polo,1986,0,Hybrid,Manual,4379,640,Brand New,28.6,27691.78
McLaren,720S,2000,46976,Hybrid,Automatic,3731,665,Second Hand,13.6,2000.0
Tata,Nexon,1996,241116,Electric,Manual,1441,663,Second Hand,14.1,2000.0
Volkswagen,Vento,2004,228080,Hybrid,Automatic,1363,475,Second Hand,19.8,2000.0
Land Rover,Discovery,2008,0,Petrol,Manual,1582,697,Brand New,8.0,69648.54
Hyundai,Verna,2016,221688,Petrol,Manual,2109,119,Second Hand,10.9,3060.62
Mercedes-Benz,C-Class,2016,0,Petrol,Automatic,4108,112,Brand New,25.5,58737.12
Mahindra,Scorpio,2023,31059,Petrol,Automatic,1828,616,Second Hand,20.3,18794.85
Mahindra,Scorpio,2002,0,Electric,Manual,4604,347,Brand New,32.9,36464.96
Hyundai,Creta,2009,134339,Diesel,Manual,3119,176,Second Hand,30.7,2000.0
Tesla,Model X,1987,0,Electric,Manual,3713,597,Brand New,19.6,360644.32
Mercedes-Benz,GLC,2020,162132,Petrol,Automatic,3200,626,Second Hand,19.6,56639.39
Tata,Harrier,1999,55972,Electric,Manual,3794,166,Second Hand,15.0,2000.0
Ford,Mustang,2004,0,Petrol,Manual,805,447,Brand New,22.8,28227.74
Toyota,Corolla,2010,55089,Hybrid,Manual,2817,681,Second Hand,17.0,2000.0
Rolls-Royce,Phantom,1988,123615,Electric,Manual,1506,656,Second Hand,26.4,2000.0
Nissan,Magnite,2005,0,Petrol,Automatic,1586,282,Brand New,11.8,42303.01
Honda,CRV,1998,240336,Diesel,Automatic,971,496,Second Hand,23.7,2000.0
Ford,Figo,2002,0,Electric,Manual,4971,122,Brand New,32.2,34688.65
Porsche,Macan,2017,198099,Hybrid,Automatic,1252,340,Second Hand,14.3,35046.27
Ford,Endeavour,2023,197548,Hybrid,Manual,4271,356,Second Hand,29.7,22644.35
Toyota,Corolla,1993,0,Hybrid,Manual,1277,614,Brand New,18.6,10291.93
Tata,Harrier,2018,50661,Hybrid,Automatic,4020,485,Second Hand,13.5,9472.71
Mahindra,Thar,2005,53532,Petrol,Manual,1039,199,Second Hand,34.2,2000.0
Audi,A4,2004,0,Petrol,Manual,2367,421,Brand New,9.1,64905.6
Volkswagen,Passat,2004,69042,Diesel,Manual,3524,672,Second Hand,20.2,2000.0
Volvo,XC60,1996,0,Hybrid,Manual,2939,274,Brand New,33.5,92611.75
Ford,Mustang,2007,0,Electric,Manual,2300,252,Brand New,32.0,21841.28
Honda,Civic,1996,0,Electric,Automatic,3871,210,Brand New,17.4,23497.4
Hyundai,Creta,2012,129466,Hybrid,Manual,3681,180,Second Hand,33.8,7028.18
Rolls-Royce,Phantom,2006,98811,Hybrid,Manual,2676,288,Second Hand,24.2,15931.4
Nissan,Kicks,1985,212936,Diesel,Automatic,3362,248,Second Hand,28.9,2000.0
Tesla,Model S,2019,0,Hybrid,Manual,1950,89,Brand New,32.8,191928.08
Tata,Safari,1999,0,Petrol,Manual,4180,173,Brand New,19.8,22139.27
Hyundai,Elantra,2015,122271,Diesel,Automatic,4874,671,Second Hand,18.8,12657.48
Mahindra,Scorpio,2023,0,Hybrid,Automatic,2017,331,Brand New,21.9,36302.16
Audi,A6,2008,0,Diesel,Manual,2488,282,Brand New,32.7,90625.78
Land Rover,Discovery,2014,47259,Petrol,Manual,2848,521,Second Hand,32.1,46234.11
Mahindra,Scorpio,2003,39906,Diesel,Automatic,3682,633,Second Hand,29.1,2000.0
Ford,Mustang,2006,0,Petrol,Manual,834,466,Brand New,31.8,34328.69
Tata,Harrier,2012,0,Electric,Automatic,1228,420,Brand New,14.9,27724.34
Land Rover,Discovery,1988,0,Electric,Manual,5000,148,Brand New,18.9,81491.52
Mercedes-Benz,C-Class,2004,0,Petrol,Automatic,1700,110,Brand New,10.9,69948.69
Rolls-Royce,Ghost,1987,0,Diesel,Automatic,3559,518,Brand New,32.3,385293.34
Volvo,S60,2022,181432,Electric,Manual,3993,190,Second Hand,13.7,74275.85
Porsche,911,1985,0,Diesel,Manual,2442,88,Brand New,34.9,74302.61
Hyundai,i20,2005,120856,Hybrid,Automatic,2103,130,Second Hand,9.5,2215.93
Land Rover,Discovery,2008,0,Petrol,Automatic,1960,266,Brand New,31.3,56046.35
Mercedes-Benz,GLC,1994,0,Electric,Manual,3158,552,Brand New,19.1,95617.59
Honda,CRV,2006,116940,Hybrid,Automatic,3544,332,Second Hand,10.5,2000.0
Volvo,XC60,1993,77553,Hybrid,Manual,1440,223,Second Hand,23.1,2000.0
Audi,A4,2015,0,Diesel,Automatic,1799,117,Brand New,30.4,74764.94
Tata,Harrier,2002,123086,Diesel,Automatic,932,427,Second Hand,8.3,2000.0
Mahindra,XUV500,1996,0,Diesel,Automatic,3950,70,Brand New,27.9,14057.56
Volkswagen,Vento,2002,0,Electric,Automatic,4252,367,Brand New,24.0,35510.61
Lamborghini,Aventador,1986,206657,Hybrid,Automatic,4859,132,Second Hand,16.0,2000.0
Volvo,XC60,2016,30005,Hybrid,Automatic,4855,548,Second Hand,18.5,25983.21
McLaren,720S,2006,0,Diesel,Automatic,3093,377,Brand New,14.5,385948.81
Mahindra,XUV500,1998,0,Petrol,Automatic,4372,383,Brand New,13.4,34524.18
Volkswagen,Vento,1986,0,Petrol,Manual,2667,378,Brand New,20.1,24581.07
Rolls-Royce,Ghost,1993,0,Electric,Manual,1389,167,Brand New,26.5,159769.9
Hyundai,Verna,1986,0,Electric,Automatic,1140,90,Brand New,32.2,18318.29
Kia,Seltos,1993,0,Electric,Manual,3524,428,Brand New,13.1,21184.84
Nissan,Kicks,1987,0,Electric,Manual,2527,138,Brand New,24.6,15563.83
Volvo,S60,2013,95939,Petrol,Automatic,1185,163,Second Hand,30.1,17838.88
McLaren,720S,1993,50681,Hybrid,Manual,4629,300,Second Hand,24.5,2000.0
Honda,CRV,2017,0,Petrol,Automatic,1152,410,Brand New,20.5,24053.77
Tesla,Model Y,1986,0,Hybrid,Automatic,3244,505,Brand New,19.0,216186.07
Ford,Figo,2011,150726,Diesel,Manual,3905,203,Second Hand,13.1,2000.0
Lamborghini,Huracan,2007,101971,Hybrid,Manual,3450,289,Second Hand,30.2,2000.0
Lamborghini,Huracan,2001,0,Electric,Automatic,3650,284,Brand New,24.1,168371.0
Lamborghini,Aventador,2005,0,Electric,Manual,2026,679,Brand New,25.4,350220.61
Mercedes-Benz,E-Class,2016,0,Electric,Manual,3077,60,Brand New,30.8,54595.49
Tata,Nexon,2013,0,Electric,Manual,4847,92,Brand New,24.4,35975.6
Kia,Carnival,2005,0,Petrol,Manual,1541,221,Brand New,21.7,23394.98
Ford,Mustang,1998,217714,Diesel,Manual,2946,409,Second Hand,28.7,2000.0
Kia,Sonet,2015,0,Diesel,Automatic,3965,351,Brand New,8.5,13683.66
Audi,A6,2002,181886,Diesel,Automatic,1715,669,Second Hand,16.4,2000.0
BMW,X3,1999,110326,Hybrid,Automatic,2845,596,Second Hand,26.6,2000.0
Rolls-Royce,Ghost,2013,0,Petrol,Automatic,2434,451,Brand New,23.8,130150.85
Tata,Nexon,2023,205448,Petrol,Manual,2433,297,Second Hand,34.1,11340.43
Mahindra,XUV500,1998,0,Petrol,Automatic,1120,664,Brand New,17.1,33118.43
Ford,Mustang,2016,84169,Diesel,Automatic,2450,423,Second Hand,13.0,18256.02
Ford,Endeavour,1994,155212,Petrol,Manual,4119,245,Second Hand,31.5,2000.0
Toyota,Corolla,1987,172037,Diesel,Manual,3409,558,Second Hand,30.4,2000.0
Ferrari,488,2007,0,Diesel,Automatic,3389,111,Brand New,17.4,372509.92
Volvo,XC60,1989,109821,Diesel,Manual,2820,693,Second Hand,31.7,2000.0
Porsche,Macan,2023,34867,Petrol,Automatic,2028,564,Second Hand,21.9,40739.49
Kia,Carnival,2018,0,Hybrid,Automatic,3706,673,Brand New,30.2,25778.45
Mahindra,Scorpio,2021,0,Electric,Manual,4156,74,Brand New,12.1,31685.41
McLaren,720S,2000,117655,Petrol,Manual,2009,311,Second Hand,26.1,2000.0
McLaren,570S,1999,0,Petrol,Automatic,2734,174,Brand New,24.7,382996.11
Porsche,911,1985,0,Electric,Automatic,2368,297,Brand New,9.1,53935.13
Audi,Q3,2023,110708,Petrol,Manual,4317,435,Second Hand,22.0,70071.58
Volvo,S60,1988,0,Hybrid,Manual,1952,355,Brand New,13.2,51436.92
Ford,Figo,1988,21473,Hybrid,Manual,2495,99,Second Hand,11.7,2000.0
Mercedes-Benz,E-Class,1994,0,Hybrid,Manual,4683,660,Brand New,26.0,79560.38
Tesla,Model Y,1990,61002,Diesel,Manual,2720,382,Second Hand,24.7,2000.0
Porsche,911,2001,6384,Petrol,Automatic,1698,620,Second Hand,30.9,17515.93
Mercedes-Benz,E-Class,2009,0,Hybrid,Automatic,1577,67,Brand New,27.0,55509.91
Hyundai,Verna,1992,0,Electric,Manual,4635,147,Brand New,11.1,36801.16
Mahindra,Scorpio,1999,171260,Electric,Automatic,3981,164,Second Hand,13.5,2000.0
Lamborghini,Huracan,2019,118254,Hybrid,Manual,1316,341,Second Hand,28.4,118773.32
Rolls-Royce,Phantom,2017,247285,Hybrid,Automatic,4834,522,Second Hand,17.8,89697.44
Rolls-Royce,Ghost,2024,0,Petrol,Automatic,4414,163,Brand New,13.8,147143.09
Toyota,Corolla,1998,0,Hybrid,Manual,2820,243,Brand New,23.1,25226.63
Ferrari,488,1998,10247,Diesel,Automatic,1059,176,Second Hand,11.1,2000.0
Mahindra,Scorpio,1986,230332,Diesel,Manual,934,120,Second Hand,28.1,2000.0
Mercedes-Benz,GLA,2015,37774,Electric,Automatic,4722,402,Second Hand,19.2,47429.56
BMW,X3,2022,0,Diesel,Automatic,1533,209,Brand New,15.8,79842.81
Porsche,Macan,2000,0,Hybrid,Manual,1024,682,Brand New,11.1,106651.97
Tesla,Model X,1995,0,Petrol,Automatic,3648,85,Brand New,30.4,327370.9
Hyundai,Elantra,2014,0,Diesel,Manual,2335,538,Brand New,13.3,11559.03
Audi,A4,2007,198937,Electric,Automatic,4386,394,Second Hand,17.5,2000.0
Volkswagen,Passat,2020,0,Diesel,Automatic,1837,428,Brand New,20.6,15512.53
McLaren,720S,2009,48863,Electric,Manual,1925,506,Second Hand,29.6,2000.0
Toyota,Camry,2000,29081,Diesel,Manual,3334,310,Second Hand,23.4,2000.0
Kia,Sonet,2014,74789,Electric,Manual,951,72,Second Hand,34.8,4891.18
Mahindra,XUV500,2010,0,Electric,Manual,1461,540,Brand New,22.2,13837.57
Honda,City,2016,238471,Electric,Manual,2344,629,Second Hand,29.3,2000.0
Volkswagen,Polo,1985,224253,Hybrid,Automatic,3307,403,Second Hand,25.1,2000.0
Kia,Seltos,2016,0,Diesel,Manual,4119,516,Brand New,20.7,12865.2
Hyundai,i20,1987,0,Hybrid,Automatic,3647,84,Brand New,19.5,27839.36
McLaren,720S,1990,0,Diesel,Automatic,1719,517,Brand New,17.0,302478.08
Tesla,Model X,1989,0,Petrol,Automatic,1551,183,Brand New,12.3,305688.41
Ford,Figo,1998,0,Petrol,Manual,3202,588,Brand New,34.4,22184.76
Mahindra,Thar,1998,19742,Petrol,Manual,3193,454,Second Hand,20.6,2000.0
Ford,Figo,1987,0,Electric,Manual,2158,439,Brand New,30.5,14640.1
Tesla,Model S,1999,12639,Electric,Manual,1450,544,Second Hand,31.1,2000.0
McLaren,570S,2010,0,Electric,Manual,2534,372,Brand New,34.2,306034.36
Toyota,Camry,2016,0,Hybrid,Automatic,4489,382,Brand New,28.3,14404.14
Nissan,Magnite,2023,0,Petrol,Manual,1271,541,Brand New,12.9,14148.11
Honda,CRV,1995,0,Petrol,Manual,4480,547,Brand New,31.0,37623.05
Nissan,Micra,2000,59516,Diesel,Automatic,3005,429,Second Hand,28.5,4096.68
Tata,Harrier,1988,0,Diesel,Automatic,3040,249,Brand New,30.7,23312.7
Audi,Q5,2013,0,Diesel,Automatic,3643,668,Brand New,31.8,54703.93
BMW,3 Series,1985,38653,Hybrid,Manual,1901,62,Second Hand,26.9,2000.0
Volvo,S60,2001,0,Petrol,Manual,2773,241,Brand New,12.2,87731.88
Mahindra,Thar,2001,53819,Electric,Manual,1736,559,Second Hand,30.8,2000.0
Mahindra,Thar,2010,0,Hybrid,Automatic,2671,640,Brand New,11.0,25586.62
McLaren,570S,2008,0,Petrol,Automatic,1796,421,Brand New,18.1,349991.77
Kia,Carnival,2023,0,Hybrid,Manual,2436,292,Brand New,9.5,15799.04
Audi,Q5,1998,141661,Petrol,Manual,3481,274,Second Hand,10.3,2000.0
Ferrari,488,2001,220767,Diesel,Manual,4159,647,Second Hand,25.1,2000.0
Tesla,Model Y,2017,202897,Electric,Automatic,2958,487,Second Hand,8.2,170249.85
Audi,A4,1996,0,Petrol,Manual,2689,192,Brand New,22.4,79587.67
Nissan,Magnite,2011,126392,Petrol,Automatic,4747,685,Second Hand,22.3,2000.0
Hyundai,Elantra,2021,160755,Petrol,Automatic,3738,156,Second Hand,27.2,24483.0
Audi,A4,2006,211062,Petrol,Automatic,2020,358,Second Hand,16.4,2498.13
Volvo,S60,2008,0,Petrol,Manual,4282,242,Brand New,19.5,65204.52
BMW,X3,1996,0,Petrol,Automatic,2832,99,Brand New,9.6,104858.56
Audi,A4,1989,71974,Diesel,Manual,3417,254,Second Hand,14.4,2000.0
Toyota,Camry,2022,33626,Electric,Automatic,3889,301,Second Hand,18.4,20928.19
Kia,Sonet,2008,193984,Electric,Manual,2458,476,Second Hand,27.8,2000.0
Ford,Figo,2016,0,Electric,Automatic,3069,559,Brand New,21.9,31634.99
Rolls-Royce,Ghost,1999,0,Petrol,Manual,2133,571,Brand New,31.1,128393.59
Kia,Carnival,2002,208951,Hybrid,Automatic,1416,374,Second Hand,23.3,2000.0
Hyundai,Elantra,1985,162097,Electric,Manual,2797,357,Second Hand,26.6,2000.0
Honda,CRV,2020,0,Diesel,Automatic,2556,503,Brand New,22.2,39529.75
Lamborghini,Aventador,2003,0,Hybrid,Manual,1592,92,Brand New,29.9,317268.67
Porsche,Macan,2019,0,Petrol,Automatic,1666,382,Brand New,30.3,56202.51
Porsche,911,1994,230912,Petrol,Automatic,4456,156,Second Hand,33.2,2000.0
Hyundai,Verna,2004,0,Diesel,Automatic,1469,449,Brand New,18.6,32927.34
Land Rover,Discovery,2011,0,Diesel,Manual,2162,165,Brand New,24.3,94445.47
Tata,Nexon,1985,0,Hybrid,Automatic,3757,401,Brand New,13.5,31810.82
Honda,Civic,2013,0,Electric,Automatic,3071,209,Brand New,8.9,13441.57
Lamborghini,Huracan,2024,225302,Hybrid,Automatic,2355,206,Second Hand,16.0,203247.57
Land Rover,Range Rover,1991,0,Hybrid,Manual,3676,357,Brand New,32.5,85456.07
Land Rover,Discovery,2023,97355,Diesel,Automatic,4179,474,Second Hand,17.8,73078.83
Tesla,Model Y,2022,141990,Electric,Manual,2890,538,Second Hand,8.2,156868.14
Toyota,RAV4,2002,0,Diesel,Manual,2085,156,Brand New,32.4,16037.42
Lamborghini,Aventador,2017,52446,Hybrid,Manual,2640,311,Second Hand,15.4,159769.15
Kia,Carnival,1991,0,Electric,Manual,1623,600,Brand New,10.4,33951.22
Lamborghini,Aventador,2007,0,Petrol,Manual,1589,582,Brand New,21.7,278467.48
Ferrari,488,2015,0,Hybrid,Automatic,2455,391,Brand New,14.3,157455.32
Land Rover,Discovery,2004,0,Petrol,Automatic,3319,495,Brand New,21.2,74772.28
Ford,Mustang,1985,0,Petrol,Manual,4737,386,Brand New,13.4,34500.19
Nissan,Magnite,2011,0,Hybrid,Manual,2388,529,Brand New,31.3,18957.19
BMW,5 Series,1998,59377,Petrol,Automatic,2522,435,Second Hand,19.2,2000.0
Tata,Safari,2004,114427,Electric,Automatic,1743,556,Second Hand,25.2,2000.0
Volkswagen,Polo,2022,41454,Electric,Manual,1753,609,Second Hand,12.6,17894.93
Ferrari,488,2013,55401,Diesel,Automatic,2353,96,Second Hand,34.2,89713.34
Mercedes-Benz,GLA,2012,0,Petrol,Manual,3400,497,Brand New,8.1,67244.88
Porsche,Macan,1994,0,Diesel,Manual,2370,599,Brand New,15.0,51864.56
Hyundai,i20,2014,0,Petrol,Automatic,1538,98,Brand New,32.1,10524.12
McLaren,720S,1994,0,Hybrid,Automatic,1040,410,Brand New,25.8,147472.53
Ford,Mustang,2006,183428,Electric,Manual,4678,691,Second Hand,30.2,2000.0
Honda,City,1997,0,Diesel,Automatic,2058,552,Brand New,19.2,30209.0
Mercedes-Benz,E-Class,1993,0,Diesel,Manual,1557,484,Brand New,14.2,45407.59
Mahindra,Scorpio,2023,0,Hybrid,Manual,3506,579,Brand New,27.7,30020.23
Volvo,S60,1991,132572,Electric,Manual,2490,275,Second Hand,14.3,2000.0
Land Rover,Range Rover,2006,192985,Hybrid,Automatic,4746,666,Second Hand,28.4,2000.0
Volkswagen,Polo,1999,114708,Petrol,Manual,1453,109,Second Hand,17.7,2070.3
Ferrari,488,2021,26683,Diesel,Manual,3410,404,Second Hand,33.9,72793.95
Volkswagen,Polo,1994,0,Hybrid,Automatic,3760,607,Brand New,13.6,29552.61
Honda,CRV,2007,0,Electric,Manual,1254,542,Brand New,15.7,22254.47
Nissan,Kicks,2004,0,Electric,Manual,4642,480,Brand New,27.6,38319.01
Tesla,Model X,1996,0,Hybrid,Manual,1709,330,Brand New,18.3,258657.58
Lamborghini,Huracan,2022,0,Hybrid,Manual,4953,77,Brand New,13.9,241955.43
Mercedes-Benz,GLA,1992,0,Hybrid,Manual,4847,267,Brand New,26.3,97979.45
Kia,Seltos,2022,153553,Petrol,Automatic,2619,566,Second Hand,29.2,17491.43
Tesla,Model 3,2009,0,Hybrid,Manual,1874,495,Brand New,25.7,266634.13
BMW,3 Series,1996,0,Hybrid,Automatic,3685,226,Brand New,32.1,116006.32
Audi,A4,2005,76697,Petrol,Manual,4619,168,Second Hand,8.2,15850.65
Honda,City,2018,38438,Diesel,Automatic,1451,542,Second Hand,18.8,18407.15
McLaren,720S,2002,199972,Petrol,Manual,2972,406,Second Hand,22.4,4438.86
Tata,Nexon,1990,0,Petrol,Manual,2316,546,Brand New,32.6,29962.03
Porsche,911,2011,0,Petrol,Automatic,1071,271,Brand New,12.1,64684.9
Mercedes-Benz,GLC,2008,211698,Petrol,Manual,3916,683,Second Hand,26.2,2000.0
Mahindra,Thar,1995,0,Hybrid,Automatic,804,143,Brand New,32.5,18308.08
Hyundai,i20,2023,90644,Electric,Manual,4035,115,Second Hand,34.0,10178.14
Ford,Endeavour,2023,0,Petrol,Manual,4957,651,Brand New,26.8,28324.7
Porsche,911,2021,154423,Diesel,Manual,2581,491,Second Hand,27.4,66820.45
Mercedes-Benz,C-Class,2023,168762,Petrol,Automatic,2071,546,Second Hand,25.0,78962.2
Mahindra,Thar,2005,156960,Diesel,Manual,2337,474,Second Hand,20.9,2000.0
Volvo,S60,2013,197092,Electric,Automatic,4022,671,Second Hand,24.8,16170.73
Mercedes-Benz,GLA,1990,120460,Hybrid,Automatic,3369,700,Second Hand,27.6,2000.0
Hyundai,Creta,1992,0,Petrol,Automatic,2895,329,Brand New,18.7,20600.81
Kia,Seltos,1989,0,Hybrid,Automatic,1737,259,Brand New,20.2,26368.87
Mahindra,Thar,1995,135919,Petrol,Automatic,1143,572,Second Hand,34.4,2000.0
Volvo,S60,2017,0,Petrol,Manual,2573,337,Brand New,29.3,106618.18
Volvo,XC40,1992,0,Electric,Automatic,817,461,Brand New,15.1,76627.31
Mercedes-Benz,GLC,2012,0,Hybrid,Automatic,2197,618,Brand New,19.4,48001.69
Toyota,Camry,2024,116473,Petrol,Manual,1666,405,Second Hand,13.4,14810.36
Lamborghini,Huracan,2018,0,Hybrid,Manual,1393,374,Brand New,31.3,351014.68
Honda,Civic,2018,62180,Petrol,Manual,1738,557,Second Hand,14.1,16094.75
Porsche,911,2023,0,Electric,Automatic,3881,448,Brand New,31.5,98241.25
Ford,Endeavour,1997,0,Diesel,Automatic,3864,369,Brand New,32.7,41069.35
Toyota,Camry,2013,0,Petrol,Manual,1830,198,Brand New,23.3,26280.9
Lamborghini,Huracan,1992,0,Petrol,Manual,4552,171,Brand New,9.1,260377.18
Tesla,Model Y,2012,204203,Electric,Automatic,3904,266,Second Hand,12.7,39359.47
Land Rover,Range Rover,2023,0,Petrol,Automatic,3662,574,Brand New,18.5,81512.56
Ford,Figo,2013,101987,Diesel,Automatic,4822,625,Second Hand,28.3,3485.47
Toyota,Corolla,2012,0,Diesel,Automatic,1555,648,Brand New,13.5,34654.57
Ferrari,Roma,2008,20896,Petrol,Automatic,1869,69,Second Hand,18.4,12030.24
Volkswagen,Vento,2009,241557,Diesel,Automatic,2717,349,Second Hand,11.2,2000.0
Volkswagen,Polo,2019,0,Electric,Automatic,2826,266,Brand New,34.8,31359.94
Rolls-Royce,Ghost,1991,198712,Electric,Automatic,3201,168,Second Hand,11.1,2000.0
Kia,Seltos,2008,0,Hybrid,Automatic,1357,214,Brand New,18.5,29935.06
Porsche,Macan,2022,33362,Petrol,Manual,3080,700,Second Hand,29.2,33842.6
Honda,Accord,2013,222486,Hybrid,Automatic,3839,337,Second Hand,9.2,8881.0
Land Rover,Range Rover,1989,0,Petrol,Automatic,3572,523,Brand New,33.9,79175.56
Volkswagen,Passat,1988,0,Petrol,Automatic,2194,664,Brand New,11.5,22771.62
Volkswagen,Vento,1992,0,Diesel,Automatic,4864,390,Brand New,20.0,40567.35
Porsche,911,2001,0,Electric,Manual,2852,533,Brand New,27.8,90967.56
Land Rover,Discovery,1990,0,Electric,Automatic,1457,637,Brand New,13.3,65029.32
Land Rover,Range Rover,1990,0,Petrol,Manual,3471,541,Brand New,11.8,63457.92
Land Rover,Range Rover,2011,84271,Hybrid,Manual,4633,554,Second Hand,14.9,11609.25
Hyundai,Elantra,1992,0,Petrol,Manual,3553,244,Brand New,24.8,27567.43
Volvo,XC40,1988,0,Petrol,Manual,1994,73,Brand New,14.9,90246.77
Toyota,Corolla,1986,0,Hybrid,Automatic,4653,79,Brand New,8.6,37672.4
Porsche,911,2005,205769,Petrol,Manual,1007,180,Second Hand,18.6,22037.88
Tata,Nexon,2015,0,Electric,Automatic,2667,396,Brand New,27.3,19745.67
Volvo,S60,1997,194099,Hybrid,Automatic,1580,323,Second Hand,18.7,2000.0
McLaren,720S,1988,209572,Hybrid,Manual,4749,220,Second Hand,12.8,2000.0
Volkswagen,Passat,1985,0,Electric,Automatic,3721,119,Brand New,26.5,29222.87
Hyundai,Verna,1991,0,Petrol,Manual,2611,227,Brand New,19.4,14281.47
Tesla,Model X,2007,124248,Petrol,Automatic,938,151,Second Hand,13.0,2000.0
Porsche,Cayenne,2010,0,Diesel,Manual,3640,517,Brand New,10.2,55368.98
Volvo,S60,2004,186853,Hybrid,Manual,1215,275,Second Hand,22.8,2864.78
Ferrari,488,2008,166579,Hybrid,Automatic,3126,367,Second Hand,33.4,45010.94
Mahindra,Scorpio,2018,204682,Diesel,Manual,4512,133,Second Hand,14.8,6763.98
Ferrari,488,2014,0,Hybrid,Automatic,3532,252,Brand New,30.7,429399.8
Volkswagen,Vento,2020,57910,Hybrid,Automatic,3970,424,Second Hand,22.5,8251.61
Mercedes-Benz,GLA,1997,169181,Petrol,Manual,1011,450,Second Hand,22.0,2000.0
BMW,5 Series,2024,31945,Electric,Manual,2530,447,Second Hand,27.2,61435.24
Ferrari,Roma,2006,148752,Electric,Manual,3592,235,Second Hand,26.5,2000.0
Land Rover,Discovery,2014,149737,Diesel,Manual,1800,382,Second Hand,12.3,41608.1
Tata,Nexon,2016,0,Hybrid,Automatic,4706,94,Brand New,33.8,15390.84
McLaren,570S,1997,15756,Hybrid,Automatic,4680,134,Second Hand,12.2,2000.0
BMW,X3,2015,0,Diesel,Automatic,1296,448,Brand New,12.2,60979.64
Mercedes-Benz,E-Class,2012,39247,Diesel,Automatic,2317,696,Second Hand,19.3,27627.3
Toyota,Fortuner,1995,0,Hybrid,Automatic,4610,328,Brand New,12.4,41032.81
Audi,Q3,1996,138566,Electric,Manual,4125,204,Second Hand,28.3,2000.0
Honda,Accord,2004,152020,Petrol,Manual,1533,573,Second Hand,23.4,2000.0
Ferrari,488,2015,211315,Hybrid,Manual,3275,337,Second Hand,33.9,108720.29
Tesla,Model X,1987,0,Petrol,Manual,4804,664,Brand New,26.5,181265.12
Land Rover,Range Rover,2015,0,Hybrid,Automatic,4875,221,Brand New,12.3,69500.72
Rolls-Royce,Phantom,1989,0,Diesel,Manual,3698,423,Brand New,34.0,242127.09
Honda,Civic,1996,184606,Hybrid,Automatic,1365,124,Second Hand,14.3,2000.0
Toyota,Camry,2001,0,Petrol,Automatic,1858,548,Brand New,29.2,20412.27
Ferrari,Roma,2008,0,Diesel,Manual,3302,186,Brand New,23.5,223110.23
BMW,X3,2011,0,Electric,Automatic,4547,400,Brand New,21.7,93865.27
Volkswagen,Polo,1997,98189,Hybrid,Automatic,1574,591,Second Hand,28.6,2000.0
BMW,X5,2003,118353,Hybrid,Automatic,3768,418,Second Hand,9.7,2000.0
Tesla,Model Y,1992,0,Hybrid,Manual,1363,384,Brand New,14.9,407493.37
Audi,Q5,2009,0,Hybrid,Manual,4002,237,Brand New,23.9,89745.49
Volvo,S60,2009,210672,Electric,Manual,984,444,Second Hand,15.8,14496.58
Mercedes-Benz,GLA,2005,0,Petrol,Automatic,1681,336,Brand New,24.9,104189.69
BMW,5 Series,2017,0,Petrol,Manual,4583,367,Brand New,33.4,63263.4
Tesla,Model S,2024,147661,Hybrid,Manual,1836,326,Second Hand,28.9,263162.16
Land Rover,Discovery,2016,145950,Electric,Automatic,4583,143,Second Hand,8.2,24722.63
Tata,Nexon,2000,0,Diesel,Automatic,3448,118,Brand New,22.3,13149.33
Land Rover,Range Rover,2013,0,Petrol,Manual,4575,313,Brand New,24.7,46740.03
BMW,X3,2003,214076,Diesel,Automatic,3783,664,Second Hand,13.4,2000.0
Hyundai,Verna,2011,236055,Hybrid,Manual,4473,435,Second Hand,10.0,2000.0
Kia,Sonet,2012,24173,Electric,Automatic,3864,77,Second Hand,25.5,17664.63
Volvo,S60,1990,0,Electric,Manual,1011,271,Brand New,29.9,101115.05
Volkswagen,Vento,2003,0,Hybrid,Automatic,3679,638,Brand New,34.4,25929.85
McLaren,720S,2016,76322,Petrol,Automatic,1146,625,Second Hand,18.1,83124.88
Nissan,Kicks,2012,0,Diesel,Manual,3114,306,Brand New,14.6,23394.03
Tata,Harrier,1990,47834,Electric,Manual,841,463,Second Hand,22.0,2000.0
Nissan,Micra,2008,166852,Diesel,Automatic,3709,232,Second Hand,24.3,4422.62
Lamborghini,Huracan,2011,0,Diesel,Automatic,1093,453,Brand New,13.8,150595.08
Lamborghini,Aventador,1987,141116,Petrol,Manual,1571,151,Second Hand,26.1,2000.0
Audi,Q5,2018,0,Petrol,Manual,1359,495,Brand New,21.3,67079.9
Audi,A4,1987,152798,Petrol,Automatic,2851,440,Second Hand,29.4,2000.0
Ford,Figo,2008,0,Hybrid,Manual,962,430,Brand New,15.4,36733.34
Ferrari,488,2000,0,Hybrid,Manual,4508,379,Brand New,12.4,224698.06
McLaren,720S,1999,0,Diesel,Manual,2919,629,Brand New,27.2,163756.34
McLaren,720S,1997,131864,Electric,Manual,2267,321,Second Hand,23.8,2000.0
Lamborghini,Aventador,2020,0,Diesel,Manual,4713,528,Brand New,28.9,254676.05
Volkswagen,Polo,2001,0,Hybrid,Manual,2883,135,Brand New,11.8,41357.93
McLaren,720S,1990,157110,Hybrid,Manual,4803,613,Second Hand,24.4,2000.0
Volkswagen,Passat,1995,16819,Petrol,Automatic,2707,223,Second Hand,31.4,2000.0
Land Rover,Range Rover,2023,113890,Diesel,Automatic,4697,564,Second Hand,15.2,56943.24
BMW,X5,1986,0,Petrol,Manual,3730,208,Brand New,32.3,67854.55
Volvo,XC60,2012,0,Electric,Manual,3815,208,Brand New,18.9,64745.84
Mercedes-Benz,GLC,2020,147614,Hybrid,Automatic,4305,419,Second Hand,24.0,43797.94
Ford,Mustang,1995,0,Petrol,Automatic,3583,403,Brand New,31.6,14988.74
Hyundai,Elantra,2013,0,Electric,Manual,3601,655,Brand New,31.1,24771.77
BMW,X3,2009,0,Hybrid,Manual,1772,490,Brand New,19.0,66551.82
Mahindra,Thar,1998,146631,Petrol,Manual,2847,364,Second Hand,34.1,2000.0
Lamborghini,Aventador,2005,0,Diesel,Automatic,3120,239,Brand New,30.5,152906.31
Ferrari,488,2003,101164,Petrol,Manual,4583,259,Second Hand,15.8,2000.0
McLaren,720S,2020,183411,Petrol,Automatic,2550,624,Second Hand,8.6,257113.27
Audi,Q3,1987,81342,Petrol,Automatic,1157,400,Second Hand,26.7,2000.0
Tata,Nexon,2020,132365,Electric,Manual,1163,226,Second Hand,31.5,14391.37
Honda,Accord,2008,0,Petrol,Manual,4241,691,Brand New,20.8,35240.66
Porsche,911,2007,0,Electric,Manual,4738,384,Brand New,10.9,77830.68
BMW,3 Series,2013,0,Petrol,Manual,4370,644,Brand New,30.9,81869.74
Porsche,Macan,2012,0,Petrol,Automatic,3791,115,Brand New,13.4,89544.86
Tesla,Model X,2002,0,Electric,Automatic,1934,597,Brand New,31.0,120010.37
Toyota,RAV4,1991,0,Hybrid,Manual,3098,381,Brand New,12.5,31729.5
Volvo,XC60,2020,0,Diesel,Manual,3684,104,Brand New,31.7,68759.33
Ferrari,488,2019,181041,Electric,Automatic,2312,285,Second Hand,24.1,208725.88
Volvo,XC40,1992,0,Diesel,Automatic,2174,75,Brand New,23.1,99855.17
Tesla,Model S,1985,159570,Hybrid,Manual,1240,600,Second Hand,33.3,2000.0
Lamborghini,Aventador,1994,77649,Diesel,Automatic,2625,485,Second Hand,34.3,2000.0
Tesla,Model Y,2002,0,Electric,Automatic,4860,219,Brand New,26.2,315365.82
Hyundai,Creta,2002,63565,Diesel,Manual,1875,398,Second Hand,11.8,2000.0
Hyundai,Creta,2017,114079,Petrol,Automatic,3017,336,Second Hand,21.9,15237.14
Ford,Endeavour,1986,64837,Electric,Automatic,1375,260,Second Hand,23.7,2000.0
Rolls-Royce,Ghost,1999,0,Electric,Automatic,1080,164,Brand New,24.9,153485.24
Rolls-Royce,Ghost,1987,166748,Petrol,Manual,1256,326,Second Hand,14.2,2000.0
Land Rover,Range Rover,2002,168741,Hybrid,Manual,2345,373,Second Hand,11.2,2000.0
BMW,5 Series,1992,0,Hybrid,Manual,4946,667,Brand New,15.6,61166.79
Honda,City,1995,0,Diesel,Manual,3306,271,Brand New,12.4,11861.41
Ferrari,488,1997,0,Electric,Automatic,4892,232,Brand New,34.9,249817.11
Mahindra,Scorpio,2007,84572,Hybrid,Manual,4662,300,Second Hand,9.4,6060.9
Mahindra,XUV500,1997,0,Electric,Manual,906,621,Brand New,32.9,38773.69
Porsche,Cayenne,1992,99284,Petrol,Automatic,3740,168,Second Hand,27.4,2000.0
Tata,Nexon,2010,94501,Petrol,Automatic,1139,543,Second Hand,10.9,2000.0
McLaren,720S,1999,27043,Petrol,Automatic,1688,74,Second Hand,28.5,25446.06
Volvo,XC40,2009,94892,Petrol,Automatic,2838,633,Second Hand,12.6,22140.68
Mercedes-Benz,GLA,2021,0,Hybrid,Manual,924,149,Brand New,22.9,101879.0
Nissan,Magnite,2020,34866,Diesel,Manual,1670,633,Second Hand,17.4,23022.23
Mahindra,XUV500,1993,208160,Petrol,Manual,4529,177,Second Hand,18.7,2000.0
Tata,Safari,1985,0,Diesel,Automatic,1152,472,Brand New,9.8,15229.86
Tesla,Model Y,2017,0,Diesel,Automatic,2454,110,Brand New,29.7,242639.47
Land Rover,Discovery,2002,0,Electric,Automatic,3859,86,Brand New,30.3,103887.2
Lamborghini,Aventador,2016,90885,Diesel,Automatic,2211,415,Second Hand,34.0,78677.22
Tesla,Model S,2006,0,Petrol,Automatic,1490,685,Brand New,15.7,349772.34
Rolls-Royce,Ghost,2014,236717,Petrol,Manual,1044,587,Second Hand,11.8,154550.89
Honda,CRV,2009,0,Electric,Automatic,4327,501,Brand New,31.4,20149.8
Rolls-Royce,Ghost,2000,22042,Hybrid,Automatic,4331,176,Second Hand,11.8,2000.0
Land Rover,Discovery,2020,179273,Petrol,Automatic,3047,558,Second Hand,20.4,34779.37
Ford,Figo,2005,49893,Hybrid,Automatic,2138,303,Second Hand,24.6,2000.0
Audi,Q5,1986,150924,Hybrid,Automatic,2831,435,Second Hand,24.6,2000.0
Ford,Figo,2024,0,Petrol,Automatic,4358,305,Brand New,12.0,28417.67
BMW,X3,2013,80463,Diesel,Automatic,987,314,Second Hand,29.3,36601.31
Audi,Q3,2013,0,Diesel,Manual,1260,429,Brand New,24.8,78453.75
Mahindra,Scorpio,2011,246445,Electric,Automatic,3713,647,Second Hand,16.8,5652.58
Audi,A6,1988,104228,Electric,Manual,3348,585,Second Hand,10.5,2000.0
Lamborghini,Huracan,2013,0,Electric,Manual,1383,671,Brand New,11.8,325846.74
Kia,Sonet,1993,0,Hybrid,Manual,1131,567,Brand New,23.4,23374.82
Mercedes-Benz,GLC,2000,111585,Electric,Manual,3762,443,Second Hand,25.5,2000.0
Toyota,RAV4,2002,80953,Diesel,Automatic,2738,188,Second Hand,11.4,2000.0
Tata,Nexon,2000,90568,Electric,Manual,4329,362,Second Hand,10.4,2000.0
Audi,Q3,2020,75623,Diesel,Manual,3853,562,Second Hand,32.4,46931.91
Volkswagen,Passat,2003,220780,Hybrid,Automatic,2975,586,Second Hand,16.5,2000.0
Land Rover,Range Rover,1994,0,Electric,Manual,1814,255,Brand New,18.0,66706.01
Land Rover,Range Rover,2016,0,Hybrid,Automatic,2558,245,Brand New,32.3,90122.13
Rolls-Royce,Ghost,1993,0,Petrol,Manual,4627,596,Brand New,19.3,124739.19
Honda,Accord,2003,89396,Electric,Manual,3227,483,Second Hand,12.9,2000.0
Ferrari,488,2007,0,Diesel,Automatic,2764,694,Brand New,30.8,152702.54
Volvo,XC40,2013,0,Hybrid,Manual,933,460,Brand New,26.2,67111.92
Volvo,S60,1993,128535,Diesel,Manual,4260,237,Second Hand,12.2,2000.0
Nissan,Magnite,2022,0,Petrol,Automatic,3352,406,Brand New,10.7,10570.1
Tesla,Model Y,1993,154196,Hybrid,Manual,1587,93,Second Hand,17.7,2000.0
Honda,CRV,2002,0,Electric,Manual,1910,649,Brand New,26.7,27564.66
Ford,Figo,2024,0,Petrol,Automatic,1614,273,Brand New,8.7,33465.19
Tata,Safari,1990,127654,Hybrid,Manual,1194,655,Second Hand,16.0,2000.0
Audi,Q3,1996,66894,Petrol,Automatic,2980,337,Second Hand,22.1,2000.0
Hyundai,Elantra,2009,0,Diesel,Manual,3677,257,Brand New,31.5,28661.96
BMW,X5,2004,131929,Hybrid,Automatic,1322,212,Second Hand,30.6,2000.0
Tata,Safari,2000,0,Diesel,Manual,3104,584,Brand New,29.5,36312.34
Mahindra,Scorpio,2009,0,Diesel,Manual,1671,699,Brand New,11.3,16331.03
Ferrari,488,2016,39514,Electric,Automatic,4507,514,Second Hand,16.3,185095.66
Tata,Safari,1997,0,Petrol,Automatic,2060,521,Brand New,14.6,26684.31
Nissan,Kicks,1986,0,Petrol,Manual,4152,183,Brand New,31.9,12172.04
Ferrari,Roma,1985,45471,Hybrid,Automatic,4925,681,Second Hand,24.7,2000.0
Rolls-Royce,Phantom,1993,0,Petrol,Automatic,3806,624,Brand New,12.2,276327.07
Rolls-Royce,Phantom,2014,53004,Diesel,Automatic,3596,613,Second Hand,20.9,77973.06
Lamborghini,Huracan,1990,182782,Electric,Manual,1249,191,Second Hand,17.1,2000.0
Land Rover,Range Rover,1997,190651,Petrol,Manual,4188,309,Second Hand,30.0,2000.0
Land Rover,Range Rover,2023,141261,Hybrid,Manual,3809,270,Second Hand,23.8,70601.58
Toyota,Camry,1999,0,Hybrid,Manual,1496,508,Brand New,27.5,15256.46
Toyota,RAV4,2016,231015,Electric,Automatic,3904,681,Second Hand,32.5,5211.37
Mercedes-Benz,GLA,2020,0,Hybrid,Automatic,2749,529,Brand New,10.4,85966.04
Ferrari,Roma,2019,0,Petrol,Manual,2520,297,Brand New,16.6,377282.81
Toyota,RAV4,1986,233138,Petrol,Manual,2928,264,Second Hand,20.7,2000.0
BMW,5 Series,2010,0,Electric,Automatic,4507,265,Brand New,11.2,55403.05
Ferrari,Roma,1995,0,Petrol,Automatic,2285,152,Brand New,13.6,94267.45
Kia,Carnival,2001,0,Hybrid,Manual,3654,166,Brand New,19.5,8834.22
Tata,Harrier,2006,0,Electric,Manual,3535,429,Brand New,18.9,32839.9
Tata,Safari,2021,175825,Electric,Manual,2113,145,Second Hand,19.8,9097.66
Porsche,Cayenne,2004,0,Hybrid,Manual,4367,411,Brand New,13.5,52832.42
Audi,Q5,1997,0,Diesel,Manual,3977,576,Brand New,32.9,41201.77
Kia,Seltos,1988,54190,Hybrid,Automatic,2342,501,Second Hand,29.9,2000.0
Volkswagen,Vento,1997,168688,Diesel,Manual,2652,645,Second Hand,26.5,2000.0
BMW,X3,2008,53417,Petrol,Automatic,3562,160,Second Hand,14.4,13028.87
Kia,Seltos,1998,0,Electric,Manual,2128,233,Brand New,22.8,20888.91
Mahindra,Scorpio,1990,0,Diesel,Manual,3759,520,Brand New,32.0,32376.34
BMW,X5,2020,0,Petrol,Automatic,3736,260,Brand New,32.4,73942.2
Toyota,Corolla,2023,159593,Diesel,Manual,2119,183,Second Hand,28.3,12319.39
Porsche,911,2010,126604,Petrol,Automatic,4920,648,Second Hand,27.7,20916.36
Ford,Mustang,1997,138450,Hybrid,Manual,3519,553,Second Hand,32.5,2000.0
Ford,Endeavour,2012,145353,Hybrid,Manual,4537,87,Second Hand,14.7,8750.44
BMW,X5,2000,160666,Hybrid,Automatic,1249,66,Second Hand,23.4,2000.0
Honda,CRV,1996,0,Petrol,Manual,2271,352,Brand New,28.6,18210.64
Lamborghini,Huracan,1988,157437,Diesel,Automatic,3689,508,Second Hand,27.6,2000.0
McLaren,720S,2008,0,Electric,Manual,2390,489,Brand New,22.6,244745.84
Ferrari,Roma,1999,0,Diesel,Manual,2094,671,Brand New,16.3,197009.82
Kia,Seltos,1985,0,Petrol,Manual,4422,520,Brand New,29.3,9562.0
Volvo,XC40,2017,0,Petrol,Automatic,4657,199,Brand New,9.2,75795.07
Ferrari,488,2017,61752,Petrol,Automatic,1740,632,Second Hand,19.7,176611.4
McLaren,570S,2017,220132,Petrol,Automatic,956,288,Second Hand,11.7,72548.06
Rolls-Royce,Phantom,1999,221514,Petrol,Automatic,3764,148,Second Hand,16.5,11548.48
Mercedes-Benz,C-Class,2018,11466,Diesel,Automatic,2709,277,Second Hand,25.0,43886.93
Land Rover,Discovery,2017,180878,Hybrid,Automatic,3810,62,Second Hand,29.4,31983.34
Rolls-Royce,Ghost,1995,56839,Electric,Manual,4321,478,Second Hand,14.9,7665.75
Volkswagen,Polo,2014,71307,Electric,Automatic,4534,416,Second Hand,17.5,5218.83
Tesla,Model S,2004,0,Diesel,Manual,2345,246,Brand New,11.7,318983.32
Tesla,Model X,2018,113044,Hybrid,Automatic,2557,275,Second Hand,31.3,114938.39
Nissan,Micra,2012,0,Diesel,Automatic,2162,190,Brand New,9.1,22165.67
Nissan,Magnite,1996,42949,Electric,Manual,3586,607,Second Hand,19.6,2000.0
Mercedes-Benz,GLC,2011,168151,Hybrid,Manual,1786,91,Second Hand,10.6,24639.33
Volkswagen,Vento,1991,0,Hybrid,Manual,3153,631,Brand New,15.0,32549.47
Kia,Seltos,1993,164599,Hybrid,Automatic,1097,563,Second Hand,30.9,2000.0
Hyundai,Elantra,2013,13930,Hybrid,Automatic,2587,429,Second Hand,22.2,6714.46
Land Rover,Range Rover,2006,0,Hybrid,Manual,3454,133,Brand New,9.1,99212.77
Hyundai,Creta,2005,154870,Petrol,Automatic,2008,435,Second Hand,32.8,2000.0
Ford,Figo,2022,0,Diesel,Manual,4670,432,Brand New,32.9,33902.69
Honda,City,2024,0,Hybrid,Automatic,2508,172,Brand New,34.9,41306.85
Tata,Nexon,1997,0,Hybrid,Manual,3294,101,Brand New,25.0,38442.23
Mahindra,Thar,2022,145146,Hybrid,Manual,4509,655,Second Hand,9.3,21191.43
Volvo,XC40,2016,192826,Diesel,Manual,3783,600,Second Hand,14.4,45683.48
Hyundai,Elantra,2016,0,Electric,Automatic,1821,457,Brand New,18.4,28386.47
Nissan,Magnite,1991,36179,Electric,Manual,2871,210,Second Hand,24.5,2000.0
Ferrari,488,1995,0,Hybrid,Automatic,1957,696,Brand New,13.9,181315.92
Audi,A6,1994,0,Electric,Manual,1310,479,Brand New,8.1,109111.67
Porsche,Macan,1987,177953,Petrol,Automatic,3626,257,Second Hand,20.1,2000.0
Tata,Safari,1985,37249,Diesel,Automatic,3772,638,Second Hand,16.9,2000.0
Hyundai,Verna,2010,186313,Hybrid,Automatic,2443,227,Second Hand,34.1,2000.0
Audi,A6,2009,195675,Electric,Manual,3528,644,Second Hand,29.4,2000.0
Ford,Endeavour,1988,41181,Hybrid,Automatic,3261,248,Second Hand,20.4,2000.0
Ferrari,488,2021,0,Electric,Automatic,1963,75,Brand New,33.2,263359.98
McLaren,720S,2000,0,Petrol,Automatic,3869,317,Brand New,33.0,399122.13
Volkswagen,Polo,2000,0,Petrol,Automatic,2304,249,Brand New,24.6,11843.11
Ford,Mustang,1987,109890,Diesel,Automatic,3674,613,Second Hand,13.5,2000.0
McLaren,720S,2004,0,Hybrid,Manual,2714,484,Brand New,18.6,246161.16
Ford,Figo,1992,0,Electric,Manual,2334,613,Brand New,20.8,34504.93
Toyota,Corolla,1995,0,Hybrid,Manual,4261,575,Brand New,27.8,17106.07
Lamborghini,Huracan,2004,0,Diesel,Manual,4533,159,Brand New,25.0,361125.69
Volvo,XC60,2007,0,Petrol,Automatic,872,433,Brand New,18.5,69028.56
Kia,Sonet,1992,56297,Diesel,Manual,4428,475,Second Hand,21.3,2000.0
Hyundai,Verna,2007,197462,Electric,Manual,3918,575,Second Hand,22.6,2000.0
BMW,3 Series,2007,0,Hybrid,Manual,3736,309,Brand New,30.8,66729.06
Tesla,Model 3,2009,104100,Electric,Manual,4307,356,Second Hand,16.3,44753.41
BMW,X5,1992,0,Petrol,Automatic,2950,282,Brand New,21.6,90283.27
Hyundai,Elantra,2014,29374,Petrol,Manual,806,98,Second Hand,14.7,19507.33
Land Rover,Discovery,1991,0,Diesel,Automatic,2780,653,Brand New,24.9,73738.71
Mercedes-Benz,GLA,1985,92284,Petrol,Automatic,1366,409,Second Hand,12.5,2000.0
Porsche,911,2007,0,Diesel,Automatic,4947,289,Brand New,34.6,88514.95
Honda,CRV,2021,152161,Hybrid,Manual,4057,691,Second Hand,28.6,20713.33
Ferrari,488,2013,0,Petrol,Manual,1154,387,Brand New,20.5,111403.88
Toyota,RAV4,1999,0,Diesel,Automatic,4524,321,Brand New,11.5,36072.65
Kia,Seltos,2009,188370,Electric,Automatic,4894,67,Second Hand,16.5,2000.0
Honda,Civic,2014,0,Electric,Manual,2234,179,Brand New,14.7,19055.6
Volkswagen,Polo,2024,118810,Petrol,Manual,4600,416,Second Hand,16.4,20146.52
Volkswagen,Vento,2002,116845,Hybrid,Automatic,1266,245,Second Hand,8.7,2000.0
BMW,5 Series,2002,215381,Diesel,Manual,1472,318,Second Hand,8.7,2000.0
Ferrari,488,2005,0,Electric,Automatic,4260,608,Brand New,18.6,157828.18
Kia,Sonet,1999,0,Electric,Manual,3152,619,Brand New,14.8,23355.99
BMW,3 Series,2017,0,Diesel,Manual,3392,525,Brand New,25.3,88804.25
Rolls-Royce,Phantom,2022,77240,Hybrid,Manual,4238,234,Second Hand,8.4,203683.38
Porsche,911,2016,27133,Diesel,Automatic,4114,132,Second Hand,24.1,24893.63
Tata,Safari,1994,167117,Petrol,Manual,1627,546,Second Hand,31.5,2000.0
Tata,Safari,2021,156166,Diesel,Automatic,1750,278,Second Hand,8.6,12122.8
Mercedes-Benz,GLA,2014,0,Diesel,Manual,997,85,Brand New,15.8,73640.47
Ferrari,488,2012,0,Electric,Automatic,1079,670,Brand New,19.2,207519.33
Ford,Mustang,1996,0,Diesel,Manual,3812,381,Brand New,13.2,23660.41
Nissan,Magnite,2006,101679,Hybrid,Automatic,2658,79,Second Hand,11.3,2000.0
Audi,A4,1996,216880,Petrol,Automatic,1976,548,Second Hand,16.3,2000.0
Rolls-Royce,Ghost,2013,74723,Electric,Manual,1172,331,Second Hand,8.3,69109.26
Mahindra,Scorpio,2009,0,Petrol,Manual,2684,688,Brand New,31.5,11487.09
Ford,Mustang,2003,71118,Hybrid,Automatic,814,207,Second Hand,25.1,2054.36
Mercedes-Benz,GLC,1993,0,Diesel,Manual,1919,235,Brand New,32.4,93081.41
Tesla,Model Y,2000,132560,Petrol,Manual,1253,185,Second Hand,16.9,2000.0
Hyundai,Creta,2019,0,Diesel,Automatic,1840,97,Brand New,16.5,27813.84
Mercedes-Benz,E-Class,1998,0,Petrol,Automatic,1946,373,Brand New,22.4,61349.01
Rolls-Royce,Phantom,2011,165224,Diesel,Manual,1988,224,Second Hand,11.3,119032.16
BMW,5 Series,1985,20667,Hybrid,Manual,2283,487,Second Hand,21.4,2000.0
Lamborghini,Huracan,1991,130474,Hybrid,Manual,2322,146,Second Hand,22.8,2000.0
Mahindra,Thar,1996,0,Electric,Manual,4252,424,Brand New,34.9,30702.93
Porsche,Cayenne,1999,85454,Electric,Manual,4538,85,Second Hand,8.5,7613.61
Volvo,XC40,2014,118873,Petrol,Automatic,3161,428,Second Hand,20.2,36028.9
Mercedes-Benz,C-Class,2005,16528,Diesel,Manual,2212,222,Second Hand,22.2,7139.86
Volvo,XC60,2006,208968,Diesel,Automatic,4053,591,Second Hand,20.3,17330.33
Mercedes-Benz,C-Class,2003,198907,Diesel,Automatic,3645,452,Second Hand,11.7,2000.0
Porsche,Macan,2018,63295,Hybrid,Manual,3633,245,Second Hand,23.8,32024.62
Hyundai,i20,2003,0,Petrol,Automatic,2543,529,Brand New,30.5,13772.77
Honda,CRV,2008,223626,Diesel,Manual,3628,363,Second Hand,24.5,2000.0
Honda,City,2013,157958,Electric,Automatic,1612,455,Second Hand,29.2,5613.74
BMW,3 Series,2008,161099,Electric,Automatic,2576,237,Second Hand,13.4,2000.0
Ferrari,Roma,1992,36410,Diesel,Automatic,3939,443,Second Hand,29.7,2000.0
Mahindra,Thar,1987,211363,Petrol,Automatic,2968,146,Second Hand,15.9,2000.0
Mercedes-Benz,GLC,2020,213628,Hybrid,Automatic,4407,68,Second Hand,17.7,61476.19
Ford,Mustang,2008,0,Electric,Manual,3671,624,Brand New,12.3,31275.75
Mercedes-Benz,GLA,2015,231914,Petrol,Automatic,4786,220,Second Hand,23.7,36179.91
Mercedes-Benz,GLC,1998,0,Electric,Manual,1145,151,Brand New,29.1,65739.67
Lamborghini,Huracan,2015,0,Diesel,Manual,4893,163,Brand New,11.2,251933.94
Audi,Q5,1990,174832,Diesel,Automatic,1847,580,Second Hand,24.5,2000.0
Volkswagen,Passat,2013,0,Petrol,Manual,2431,358,Brand New,18.6,12707.76
Ford,Mustang,1995,0,Petrol,Automatic,1454,74,Brand New,28.9,29813.86
Audi,Q3,2024,0,Electric,Manual,1857,190,Brand New,22.9,75221.18
Mahindra,Thar,1997,245757,Electric,Manual,3733,349,Second Hand,8.8,2000.0
Audi,A4,1985,0,Electric,Manual,822,104,Brand New,16.4,110585.39
Ferrari,Roma,2022,0,Hybrid,Automatic,3981,440,Brand New,29.4,221701.83
Tata,Nexon,2002,72090,Petrol,Automatic,2789,554,Second Hand,21.1,2000.0
Rolls-Royce,Phantom,2021,0,Diesel,Automatic,2706,689,Brand New,23.3,413707.65
Lamborghini,Huracan,2007,0,Petrol,Automatic,2738,351,Brand New,8.8,318697.69
Ferrari,Roma,1994,212572,Diesel,Automatic,3856,412,Second Hand,32.8,2000.0
BMW,5 Series,2015,0,Diesel,Automatic,4184,427,Brand New,20.6,56232.03
Porsche,Macan,1986,0,Electric,Automatic,2075,415,Brand New,34.6,49953.02
Nissan,Magnite,1999,0,Petrol,Automatic,1604,598,Brand New,25.6,21429.42
Toyota,RAV4,2001,227159,Diesel,Manual,1823,554,Second Hand,28.9,2000.0
Mercedes-Benz,GLA,1993,9746,Hybrid,Automatic,4737,270,Second Hand,16.1,2000.0
Nissan,Magnite,1995,0,Electric,Manual,2664,529,Brand New,12.3,39846.98
Mahindra,XUV500,1997,0,Diesel,Manual,2445,193,Brand New,32.6,14219.56
Honda,Accord,2015,33068,Electric,Automatic,4935,250,Second Hand,15.2,3294.04
Volvo,S60,1985,97946,Hybrid,Automatic,4461,118,Second Hand,28.3,2000.0
Mahindra,XUV500,2005,0,Petrol,Manual,1378,338,Brand New,10.5,28132.05
Ferrari,488,2010,204950,Diesel,Automatic,1571,166,Second Hand,8.1,84390.9
BMW,X3,1987,0,Diesel,Manual,1165,159,Brand New,15.0,78742.19
Ford,Mustang,1987,9884,Electric,Manual,4815,497,Second Hand,34.4,2000.0
Mahindra,Scorpio,1990,41526,Petrol,Manual,2752,247,Second Hand,22.2,2000.0
Ferrari,Roma,2007,36452,Diesel,Manual,4474,344,Second Hand,29.1,4027.22
Honda,City,1998,0,Electric,Automatic,2582,466,Brand New,16.8,16494.13
Nissan,Micra,1989,13644,Diesel,Manual,1682,212,Second Hand,18.3,2000.0
Porsche,911,2020,0,Hybrid,Automatic,3990,289,Brand New,19.7,45803.76
Hyundai,Elantra,2018,0,Electric,Manual,4591,686,Brand New,32.5,12338.03
Audi,Q5,2005,0,Petrol,Manual,1669,66,Brand New,8.6,88816.48
Lamborghini,Huracan,1993,0,Hybrid,Manual,3425,670,Brand New,29.3,105269.64
Land Rover,Discovery,1993,0,Electric,Automatic,3234,293,Brand New,17.2,85982.16
Porsche,Macan,2015,0,Electric,Manual,4175,438,Brand New,10.9,51446.41
Ford,Figo,1994,81646,Petrol,Manual,4142,384,Second Hand,29.9,2000.0
Tata,Nexon,2014,110697,Hybrid,Automatic,4725,250,Second Hand,26.4,7923.33
Toyota,RAV4,2006,177310,Diesel,Automatic,3578,204,Second Hand,27.4,2000.0
Kia,Sonet,2002,0,Electric,Automatic,4954,300,Brand New,8.7,27699.78
Volkswagen,Passat,2017,56509,Diesel,Automatic,3454,227,Second Hand,17.5,10847.53
Toyota,Camry,2007,0,Hybrid,Manual,4142,256,Brand New,29.9,9416.49
Hyundai,Elantra,1994,0,Hybrid,Automatic,3336,501,Brand New,23.0,35376.41
Lamborghini,Huracan,1989,115116,Petrol,Manual,2341,360,Second Hand,27.2,2000.0
Mercedes-Benz,E-Class,2000,0,Electric,Manual,4500,424,Brand New,17.1,108415.62
Volvo,XC40,2008,49697,Electric,Automatic,4106,487,Second Hand,17.7,2158.94
Honda,CRV,2006,16234,Diesel,Manual,3086,368,Second Hand,10.7,3922.32
Honda,City,2009,53723,Diesel,Automatic,1517,655,Second Hand,13.3,4441.9
Audi,Q5,2007,0,Electric,Manual,956,89,Brand New,14.2,46382.32
Mahindra,XUV500,2006,121127,Hybrid,Manual,4090,321,Second Hand,14.2,2000.0
Volkswagen,Passat,2019,130379,Electric,Manual,1440,578,Second Hand,15.3,16667.32
Porsche,Cayenne,1997,0,Hybrid,Automatic,1636,637,Brand New,9.0,45964.3
Mercedes-Benz,C-Class,2006,76556,Diesel,Automatic,2928,228,Second Hand,31.9,2000.0
Volkswagen,Vento,1987,144923,Petrol,Manual,3058,127,Second Hand,25.2,2000.0
Audi,A6,2017,0,Petrol,Manual,3219,365,Brand New,31.0,92168.38
Toyota,Fortuner,1998,0,Electric,Manual,1872,374,Brand New,9.6,28629.89
McLaren,720S,2009,0,Hybrid,Manual,2118,379,Brand New,8.2,428487.25
Volvo,S60,2021,0,Diesel,Manual,944,286,Brand New,9.2,54683.41
Volvo,S60,2000,0,Hybrid,Manual,2009,250,Brand New,28.1,72829.08
Mercedes-Benz,GLA,2010,128628,Hybrid,Manual,4099,172,Second Hand,23.0,2000.0
Nissan,Kicks,2006,21229,Hybrid,Manual,4766,249,Second Hand,21.7,4671.05
Volvo,XC60,1993,0,Electric,Manual,1522,329,Brand New,34.3,43315.6
Volvo,S60,1991,0,Hybrid,Manual,820,157,Brand New,24.4,45509.16
Ferrari,Roma,2018,109496,Petrol,Automatic,2247,305,Second Hand,19.1,75113.74
Volvo,XC40,2024,112275,Petrol,Manual,2826,678,Second Hand,10.1,66208.61
Mahindra,Thar,2009,0,Petrol,Automatic,4091,133,Brand New,19.1,29172.58
Audi,Q3,2016,0,Petrol,Manual,1804,126,Brand New,18.3,59939.86
Honda,City,2000,0,Petrol,Manual,2783,662,Brand New,16.1,28847.86
Toyota,Corolla,2018,0,Diesel,Manual,2839,318,Brand New,17.1,23513.71
Lamborghini,Aventador,1996,58017,Diesel,Automatic,1587,539,Second Hand,32.3,13329.37
Ferrari,488,2015,0,Electric,Automatic,1985,530,Brand New,13.4,215815.46
Lamborghini,Huracan,2008,0,Petrol,Manual,1540,303,Brand New,21.2,225248.78
Mahindra,Scorpio,2015,144431,Petrol,Automatic,4776,581,Second Hand,27.2,6595.35
Mahindra,Thar,2016,0,Hybrid,Automatic,3486,313,Brand New,28.8,28848.96
Kia,Carnival,1988,89310,Diesel,Automatic,1420,194,Second Hand,25.9,2000.0
Lamborghini,Huracan,2016,103833,Electric,Manual,1979,607,Second Hand,22.4,138669.87
Nissan,Micra,2017,0,Hybrid,Automatic,1578,623,Brand New,21.4,33232.22
Nissan,Kicks,2007,0,Electric,Automatic,3609,378,Brand New,29.0,32102.01
Volkswagen,Polo,2019,0,Petrol,Automatic,4899,97,Brand New,34.7,24487.66
Mercedes-Benz,C-Class,1985,29486,Hybrid,Automatic,4740,138,Second Hand,19.8,2000.0
Porsche,Cayenne,2008,0,Electric,Automatic,2877,213,Brand New,9.5,55748.04
Hyundai,i20,2002,0,Diesel,Manual,2194,436,Brand New,11.2,43171.49
Ferrari,488,2021,0,Petrol,Automatic,1246,674,Brand New,32.5,195806.88
Audi,A6,1999,0,Diesel,Manual,4944,268,Brand New,26.6,63718.23
Rolls-Royce,Ghost,2020,0,Hybrid,Manual,4681,301,Brand New,13.8,275501.38
Audi,A6,1987,0,Petrol,Manual,2065,249,Brand New,18.3,85415.4
Ford,Figo,1999,162900,Petrol,Manual,3493,629,Second Hand,25.8,2000.0
Mercedes-Benz,GLC,2023,207644,Hybrid,Manual,2726,509,Second Hand,21.5,68686.27
Lamborghini,Huracan,1997,223202,Diesel,Manual,1182,293,Second Hand,34.3,2000.0
Kia,Carnival,2011,0,Electric,Manual,4375,63,Brand New,19.5,36349.28
Mahindra,Scorpio,1998,0,Hybrid,Manual,2765,267,Brand New,14.5,13187.23
Tata,Harrier,2003,0,Petrol,Automatic,4598,452,Brand New,23.8,14033.55
McLaren,570S,2000,0,Hybrid,Manual,2432,359,Brand New,20.5,155850.4
Rolls-Royce,Ghost,1994,0,Hybrid,Automatic,4956,682,Brand New,12.4,393836.59
Audi,Q5,1994,0,Hybrid,Manual,4890,359,Brand New,19.0,52309.36
Ford,Mustang,2000,0,Diesel,Manual,2942,196,Brand New,23.9,17372.23
Hyundai,Creta,2018,0,Electric,Manual,1643,285,Brand New,29.5,11909.68
Ferrari,Roma,2010,119435,Electric,Automatic,1912,72,Second Hand,14.1,54589.49
Land Rover,Range Rover,1995,22041,Hybrid,Manual,4440,215,Second Hand,19.3,2000.0
Toyota,RAV4,2018,14639,Hybrid,Manual,4126,508,Second Hand,18.7,12824.62
Tata,Nexon,1988,47517,Electric,Manual,3507,261,Second Hand,17.6,2000.0
Lamborghini,Huracan,2010,128689,Petrol,Automatic,1906,316,Second Hand,33.5,2000.0
Hyundai,Creta,1985,0,Diesel,Manual,4212,508,Brand New,15.5,30712.55
Tesla,Model S,2017,0,Diesel,Manual,2871,356,Brand New,23.6,362405.91
BMW,X3,2012,105886,Diesel,Automatic,3895,630,Second Hand,8.0,5540.79
Audi,A4,2022,0,Diesel,Automatic,3429,440,Brand New,8.9,68715.48
Rolls-Royce,Phantom,1988,222153,Diesel,Manual,2779,539,Second Hand,32.9,2000.0
Ferrari,Roma,2022,46865,Electric,Manual,3466,416,Second Hand,27.6,240074.94
Mahindra,Scorpio,2005,0,Petrol,Manual,2072,236,Brand New,27.2,18248.72
Hyundai,i20,2014,232408,Diesel,Manual,2732,349,Second Hand,11.0,6477.97
Toyota,Fortuner,2023,224767,Petrol,Manual,1264,258,Second Hand,34.7,19315.46
Hyundai,Creta,2004,238223,Electric,Automatic,4727,638,Second Hand,9.7,2000.0
Nissan,Micra,2020,246912,Petrol,Automatic,913,71,Second Hand,19.2,4118.34
Volvo,XC60,1993,78032,Hybrid,Manual,3807,252,Second Hand,28.3,2000.0
Honda,Accord,1990,0,Diesel,Automatic,4950,553,Brand New,12.5,33548.19
Ferrari,Roma,2014,0,Electric,Manual,3134,358,Brand New,33.4,355677.85
Rolls-Royce,Ghost,1987,0,Diesel,Automatic,2937,103,Brand New,8.4,205780.32
Tesla,Model S,2004,0,Electric,Manual,1871,197,Brand New,15.9,136014.01
Mercedes-Benz,GLC,2018,0,Petrol,Manual,3808,678,Brand New,15.4,82606.58
Ferrari,488,2009,76217,Hybrid,Manual,4669,411,Second Hand,20.3,38457.62
Mercedes-Benz,GLC,1995,119060,Hybrid,Manual,850,507,Second Hand,33.8,2000.0
Audi,Q3,1997,0,Diesel,Automatic,4543,178,Brand New,31.5,92503.69
Ford,Endeavour,2002,48602,Diesel,Automatic,3522,465,Second Hand,10.6,2000.0
Mercedes-Benz,C-Class,2001,0,Electric,Manual,1913,478,Brand New,14.8,72648.21
Tesla,Model X,1985,0,Hybrid,Automatic,2869,663,Brand New,10.0,144399.97
Porsche,Cayenne,2003,203074,Petrol,Automatic,3405,84,Second Hand,20.9,2000.0
Porsche,Macan,2009,60182,Electric,Automatic,3970,663,Second Hand,14.7,8563.85
Mercedes-Benz,E-Class,1998,0,Electric,Manual,2846,182,Brand New,8.2,53965.79
Ford,Mustang,2015,81050,Diesel,Automatic,2811,657,Second Hand,33.7,9568.72
Mahindra,Scorpio,1995,0,Electric,Manual,2615,288,Brand New,18.3,40631.61
Ford,Mustang,2014,0,Hybrid,Automatic,1023,365,Brand New,32.5,30342.85
Ferrari,488,1991,0,Diesel,Manual,3383,92,Brand New,30.4,280227.0
Land Rover,Range Rover,2010,195883,Electric,Manual,2611,461,Second Hand,30.9,30176.22
Toyota,Fortuner,2018,194522,Petrol,Manual,3410,137,Second Hand,27.5,12175.61
Ferrari,488,1991,57815,Hybrid,Manual,4996,380,Second Hand,25.2,2000.0
Land Rover,Discovery,1997,0,Hybrid,Manual,4094,291,Brand New,13.2,84906.42
Kia,Seltos,1998,0,Electric,Automatic,3966,581,Brand New,29.5,28294.81
Tata,Nexon,2002,44123,Petrol,Manual,2796,98,Second Hand,23.6,2000.0
Toyota,Fortuner,1988,152926,Hybrid,Automatic,1206,108,Second Hand,11.1,2000.0
Ford,Mustang,1992,29123,Diesel,Manual,3525,658,Second Hand,17.6,2000.0
Volvo,S60,1994,143433,Hybrid,Manual,3567,409,Second Hand,9.3,2000.0
McLaren,720S,1996,151996,Hybrid,Automatic,1992,340,Second Hand,17.1,2000.0
Ford,Endeavour,1986,0,Hybrid,Manual,3893,679,Brand New,29.3,26628.18
Kia,Sonet,2015,226633,Electric,Manual,2417,462,Second Hand,24.1,2000.0
Ferrari,Roma,1986,48789,Diesel,Automatic,1641,433,Second Hand,28.8,2000.0
Lamborghini,Huracan,1995,0,Petrol,Automatic,1774,567,Brand New,25.7,163959.0
BMW,X3,2003,29581,Electric,Manual,3487,304,Second Hand,8.2,2000.0
Mercedes-Benz,GLC,2024,240800,Electric,Automatic,4227,400,Second Hand,34.2,42821.63
Hyundai,Verna,1987,213382,Diesel,Automatic,2297,508,Second Hand,30.1,2000.0
Rolls-Royce,Ghost,1988,33778,Hybrid,Automatic,3550,73,Second Hand,18.1,2000.0
Toyota,Corolla,2008,25921,Hybrid,Manual,1719,425,Second Hand,17.0,9163.08
Honda,City,1999,241235,Petrol,Automatic,4181,172,Second Hand,11.6,2000.0
Mercedes-Benz,GLC,2018,0,Hybrid,Automatic,1916,98,Brand New,28.0,67971.78
Land Rover,Range Rover,1992,75526,Hybrid,Manual,2503,622,Second Hand,17.9,2000.0
Hyundai,Verna,2024,36289,Diesel,Automatic,1155,168,Second Hand,27.6,9910.19
Mahindra,XUV500,2018,0,Diesel,Automatic,3384,86,Brand New,29.8,27944.88
Porsche,911,2015,166993,Hybrid,Manual,4104,395,Second Hand,31.5,30008.03
Mercedes-Benz,C-Class,2010,117947,Petrol,Automatic,1718,250,Second Hand,9.8,5754.05
Ford,Mustang,1993,0,Diesel,Automatic,2065,457,Brand New,14.1,25611.99
Volkswagen,Passat,2009,34204,Electric,Manual,3229,387,Second Hand,21.0,2000.0
Toyota,Corolla,2010,0,Petrol,Manual,2929,366,Brand New,11.9,9215.61
Land Rover,Range Rover,1999,0,Petrol,Automatic,4367,341,Brand New,12.8,99353.07
Land Rover,Discovery,2012,115274,Electric,Manual,803,290,Second Hand,10.5,9364.3
Audi,A6,1992,160925,Hybrid,Manual,3058,297,Second Hand,12.0,2000.0
Toyota,Fortuner,1997,0,Diesel,Manual,1052,451,Brand New,13.4,11062.39
Volkswagen,Polo,1996,0,Diesel,Automatic,2877,575,Brand New,9.1,13447.84
Honda,Accord,2015,36367,Electric,Manual,3181,251,Second Hand,8.8,14885.31
Toyota,Fortuner,1993,157279,Petrol,Automatic,4498,639,Second Hand,29.9,2000.0
Kia,Sonet,2017,0,Diesel,Automatic,3613,609,Brand New,17.8,28917.89
Mahindra,Thar,1995,145931,Diesel,Manual,3541,195,Second Hand,30.8,2000.0
Lamborghini,Aventador,2014,0,Petrol,Automatic,1798,446,Brand New,25.7,166715.66
Nissan,Micra,2023,137780,Diesel,Automatic,2939,661,Second Hand,18.0,25387.26
Rolls-Royce,Ghost,2011,0,Petrol,Automatic,1313,359,Brand New,30.8,361891.31
Hyundai,Elantra,2001,24696,Electric,Manual,3291,252,Second Hand,24.6,2000.0
Ferrari,488,1996,0,Petrol,Manual,2690,622,Brand New,21.6,344837.85
Hyundai,Elantra,1990,0,Electric,Manual,1419,211,Brand New,18.9,22318.07
Land Rover,Discovery,2003,166069,Hybrid,Automatic,1011,356,Second Hand,10.0,3708.6
Ferrari,488,1989,173782,Hybrid,Automatic,3923,120,Second Hand,27.9,2000.0
Volkswagen,Polo,1998,134325,Electric,Manual,3069,392,Second Hand,18.1,2000.0
Land Rover,Range Rover,1992,0,Electric,Automatic,1748,274,Brand New,16.5,53912.92
Porsche,911,1998,183497,Petrol,Automatic,2325,205,Second Hand,24.8,2000.0
Hyundai,Elantra,2007,188909,Electric,Automatic,844,538,Second Hand,9.8,2000.0
Volkswagen,Passat,1996,0,Electric,Manual,3325,164,Brand New,23.9,26519.25
Toyota,Corolla,1991,0,Petrol,Automatic,1374,553,Brand New,13.8,17389.65
Nissan,Micra,2007,0,Electric,Manual,4047,662,Brand New,30.6,18207.22
Tata,Nexon,1990,0,Petrol,Manual,2933,360,Brand New,8.9,17715.36
BMW,3 Series,2017,53945,Diesel,Manual,3200,190,Second Hand,31.7,35835.52
Audi,A4,1990,5633,Hybrid,Automatic,4866,517,Second Hand,22.1,2000.0
Nissan,Micra,1998,238762,Electric,Manual,3050,281,Second Hand,17.8,2000.0
Ford,Figo,2020,185943,Petrol,Manual,3898,428,Second Hand,21.2,15859.61
Nissan,Magnite,2000,116120,Diesel,Manual,2220,294,Second Hand,13.3,2000.0
Mercedes-Benz,GLC,2015,141825,Diesel,Automatic,4151,146,Second Hand,26.5,42356.31
McLaren,570S,2021,194281,Electric,Automatic,3187,692,Second Hand,20.9,134782.0
Hyundai,Elantra,2008,0,Hybrid,Automatic,4452,541,Brand New,23.2,24298.54
Porsche,Macan,2023,110824,Hybrid,Manual,2591,141,Second Hand,9.1,34289.44
BMW,5 Series,2011,0,Diesel,Automatic,4678,630,Brand New,23.7,95238.58
BMW,X5,1991,5561,Electric,Automatic,1040,286,Second Hand,34.2,2000.0
Tata,Harrier,2005,0,Petrol,Manual,4980,511,Brand New,34.7,30150.09
Mercedes-Benz,E-Class,2016,20857,Diesel,Automatic,4913,424,Second Hand,28.2,58326.83
Ferrari,488,1995,0,Hybrid,Automatic,2056,532,Brand New,22.8,213630.09
Volkswagen,Polo,2024,0,Electric,Manual,2874,560,Brand New,26.0,33775.53
McLaren,570S,2002,0,Electric,Manual,1399,87,Brand New,29.1,428391.08
Tata,Nexon,1999,0,Electric,Automatic,4613,74,Brand New,25.4,14272.64
Tesla,Model 3,1993,154926,Diesel,Manual,3487,115,Second Hand,14.8,2000.0
Nissan,Micra,2020,112439,Electric,Manual,4436,340,Second Hand,18.6,23234.59
Tesla,Model S,2013,0,Petrol,Manual,1689,94,Brand New,31.6,207572.89
Volvo,XC40,2022,0,Hybrid,Automatic,1354,315,Brand New,33.3,73539.78
Toyota,RAV4,2004,79321,Hybrid,Manual,1004,247,Second Hand,34.3,2000.0
BMW,5 Series,1994,189534,Diesel,Manual,2218,151,Second Hand,8.2,2000.0
McLaren,720S,2007,0,Petrol,Automatic,1492,467,Brand New,22.6,151532.77
Mercedes-Benz,E-Class,2023,0,Diesel,Manual,3316,153,Brand New,16.3,82024.57
Toyota,Camry,1998,0,Diesel,Manual,1843,373,Brand New,27.1,23799.87
Volkswagen,Polo,1991,216634,Diesel,Manual,4033,147,Second Hand,11.1,2000.0
Volkswagen,Polo,2018,0,Hybrid,Automatic,804,531,Brand New,28.4,10594.02
McLaren,570S,2014,0,Electric,Manual,4138,670,Brand New,18.5,177459.75
McLaren,720S,2019,89130,Hybrid,Automatic,1150,355,Second Hand,24.2,209515.26
Lamborghini,Huracan,1997,217305,Diesel,Manual,2653,133,Second Hand,27.1,2000.0
Mercedes-Benz,E-Class,2009,170296,Petrol,Manual,1325,504,Second Hand,10.2,10340.62
Ford,Figo,2018,0,Electric,Manual,2298,593,Brand New,31.5,36514.47
Mercedes-Benz,GLC,2000,0,Petrol,Automatic,2304,634,Brand New,8.6,58222.89
Ferrari,488,2006,119355,Petrol,Manual,4549,236,Second Hand,33.1,62874.41
Honda,Accord,1986,112578,Petrol,Manual,3081,156,Second Hand,8.4,2000.0
Lamborghini,Aventador,2024,30962,Hybrid,Manual,1133,575,Second Hand,20.6,236687.03
Mercedes-Benz,E-Class,2023,143812,Hybrid,Automatic,1472,137,Second Hand,11.0,55598.86
Volkswagen,Vento,2014,179792,Electric,Manual,2883,88,Second Hand,12.7,12826.69
Tata,Nexon,1993,55080,Petrol,Automatic,1998,103,Second Hand,19.3,2000.0
Mahindra,Scorpio,2014,203741,Electric,Automatic,1433,455,Second Hand,27.5,2000.0
BMW,X3,2011,216896,Diesel,Automatic,3447,474,Second Hand,34.1,3610.58
Land Rover,Discovery,2014,0,Petrol,Manual,1276,450,Brand New,15.3,64416.45
Ferrari,Roma,2009,0,Electric,Automatic,1056,407,Brand New,18.2,323461.72
Audi,A6,2002,0,Diesel,Automatic,1880,420,Brand New,27.8,81327.92
Hyundai,Verna,2020,219624,Hybrid,Manual,1195,571,Second Hand,16.3,15083.74
BMW,X3,1998,0,Hybrid,Automatic,1510,360,Brand New,14.0,44536.15
Mahindra,Thar,1994,0,Hybrid,Manual,4965,627,Brand New,17.0,23721.62
Volvo,XC60,2007,0,Diesel,Automatic,4732,369,Brand New,30.4,64537.94
Volvo,XC60,1987,0,Electric,Automatic,2302,648,Brand New,20.6,59682.23
Toyota,Camry,2007,118044,Petrol,Automatic,1877,515,Second Hand,16.0,2000.0
Honda,Accord,1990,185097,Electric,Automatic,3399,209,Second Hand,13.5,2000.0
McLaren,570S,2020,0,Petrol,Automatic,4487,290,Brand New,33.1,241749.58
Tata,Harrier,1997,0,Electric,Automatic,1787,191,Brand New,11.6,10007.52
Mahindra,XUV500,2020,0,Petrol,Automatic,2648,487,Brand New,27.2,12402.01
McLaren,570S,1989,178076,Petrol,Automatic,1524,544,Second Hand,8.7,2000.0
Tata,Safari,1991,0,Electric,Automatic,4431,194,Brand New,30.1,31296.75
Audi,A6,1991,0,Diesel,Automatic,982,307,Brand New,34.6,84528.22
Audi,A6,2003,186150,Electric,Manual,3057,416,Second Hand,28.6,7542.79
Hyundai,Creta,2022,53691,Petrol,Manual,4942,222,Second Hand,19.0,5459.2
Porsche,Macan,2020,135148,Petrol,Automatic,2885,136,Second Hand,12.6,43393.23
Honda,CRV,2013,0,Hybrid,Manual,1211,345,Brand New,13.0,19770.05
Hyundai,i20,2012,0,Diesel,Manual,1922,569,Brand New,31.9,29639.72
Audi,Q5,2019,99057,Electric,Automatic,1629,220,Second Hand,22.3,35338.08
Nissan,Kicks,2005,0,Hybrid,Automatic,1687,241,Brand New,27.2,15311.53
Tata,Harrier,1994,0,Electric,Automatic,2763,268,Brand New,34.0,37412.72
Tata,Safari,2002,50815,Hybrid,Automatic,1731,411,Second Hand,10.1,2000.0
Audi,Q5,2002,179267,Hybrid,Automatic,2793,577,Second Hand,13.6,2000.0
Nissan,Magnite,2010,0,Petrol,Automatic,1535,171,Brand New,28.3,29160.54
Kia,Sonet,2000,0,Diesel,Automatic,1542,504,Brand New,19.5,37639.91
Porsche,Macan,2020,136366,Diesel,Automatic,4871,450,Second Hand,24.5,65361.16
Rolls-Royce,Ghost,1994,0,Electric,Manual,2975,608,Brand New,30.4,204520.38
Honda,CRV,1999,66477,Petrol,Manual,4665,251,Second Hand,22.7,2000.0
Land Rover,Range Rover,2010,7285,Hybrid,Manual,2159,684,Second Hand,11.8,16162.71
Tata,Harrier,1992,0,Diesel,Manual,3071,214,Brand New,12.5,35050.97
Lamborghini,Huracan,1993,0,Hybrid,Manual,2228,689,Brand New,12.7,268439.49
Lamborghini,Huracan,2023,226834,Diesel,Automatic,4337,531,Second Hand,34.7,173177.07
Tata,Safari,2006,11391,Electric,Automatic,1657,517,Second Hand,23.3,6135.76
Audi,A6,2022,0,Hybrid,Automatic,4141,623,Brand New,32.0,87566.93
Nissan,Magnite,1987,0,Diesel,Automatic,2806,685,Brand New,24.6,13089.96
BMW,X3,1989,228759,Petrol,Automatic,3136,353,Second Hand,10.3,2000.0
Ferrari,Roma,1993,0,Hybrid,Manual,4882,448,Brand New,22.0,412098.58
Honda,Civic,1994,199496,Diesel,Manual,1588,109,Second Hand,13.2,2000.0
Honda,CRV,1988,0,Hybrid,Automatic,1137,449,Brand New,21.5,41590.88
McLaren,720S,2000,159824,Hybrid,Automatic,1377,74,Second Hand,11.4,2000.0
Volkswagen,Vento,1997,0,Hybrid,Manual,1872,281,Brand New,20.5,27659.19
Mahindra,Thar,1998,0,Petrol,Manual,3193,78,Brand New,31.0,21408.17
Audi,Q5,2011,0,Petrol,Manual,1399,440,Brand New,26.1,52792.23
Nissan,Magnite,1991,0,Hybrid,Automatic,4003,151,Brand New,14.9,14092.62
Tata,Nexon,1998,211684,Petrol,Manual,2772,71,Second Hand,19.3,2000.0
Tesla,Model Y,2014,225472,Electric,Automatic,2410,67,Second Hand,14.9,63482.14
Mercedes-Benz,C-Class,2016,180803,Hybrid,Automatic,3810,660,Second Hand,33.7,54343.03
Nissan,Kicks,2020,0,Electric,Automatic,2490,555,Brand New,21.1,35458.96
Tesla,Model Y,1995,0,Hybrid,Automatic,2916,265,Brand New,31.1,208767.12
Mercedes-Benz,C-Class,1997,158825,Electric,Manual,4669,365,Second Hand,13.5,2000.0
Lamborghini,Aventador,2000,0,Diesel,Manual,3494,78,Brand New,19.9,380425.45
Audi,Q3,1993,157221,Electric,Automatic,3835,601,Second Hand,12.4,2000.0
BMW,5 Series,2010,0,Diesel,Manual,1532,71,Brand New,27.5,61831.95
Mercedes-Benz,C-Class,2007,212298,Hybrid,Automatic,4937,548,Second Hand,22.4,5572.7
Ford,Figo,2004,136090,Hybrid,Automatic,1752,301,Second Hand,13.2,2000.0
Volvo,XC60,2008,0,Diesel,Manual,828,292,Brand New,30.7,103964.53
Porsche,Macan,1998,0,Petrol,Manual,3737,660,Brand New,12.8,105779.98
Mahindra,Thar,2020,62429,Electric,Automatic,2710,129,Second Hand,21.6,10419.8
Volvo,XC40,2003,242326,Electric,Automatic,2734,428,Second Hand,11.3,2000.0
McLaren,570S,2008,0,Petrol,Automatic,3320,236,Brand New,20.3,202123.69
Tesla,Model S,2023,14750,Hybrid,Automatic,3691,304,Second Hand,12.0,106654.71
Kia,Seltos,2011,139765,Hybrid,Automatic,3235,489,Second Hand,29.4,6122.39
Ferrari,Roma,1998,83266,Petrol,Automatic,2944,268,Second Hand,22.4,2000.0
Mahindra,XUV500,2006,0,Diesel,Manual,1012,606,Brand New,9.1,18694.5
Audi,Q3,2007,82016,Electric,Automatic,3988,556,Second Hand,18.3,2647.43
Mahindra,Thar,2016,10822,Diesel,Automatic,1447,69,Second Hand,34.3,6273.66
Kia,Seltos,2013,0,Diesel,Automatic,4263,175,Brand New,20.4,23360.06
Rolls-Royce,Phantom,2021,0,Hybrid,Automatic,2879,547,Brand New,15.5,222742.2
Tata,Nexon,2013,161831,Petrol,Automatic,3843,244,Second Hand,31.7,2000.0
Hyundai,Verna,1998,67023,Diesel,Manual,4909,671,Second Hand,8.1,2000.0
Audi,A6,2007,206808,Electric,Manual,1032,483,Second Hand,27.3,2000.0
Tata,Safari,1987,239758,Electric,Manual,1070,423,Second Hand,29.8,2000.0
Volvo,S60,2008,233096,Electric,Manual,4648,133,Second Hand,14.7,10580.1
Mahindra,Thar,1992,0,Petrol,Manual,1619,130,Brand New,22.0,11847.08
McLaren,570S,1991,0,Petrol,Automatic,3686,354,Brand New,23.7,316264.96
Porsche,911,2002,97575,Petrol,Manual,1164,253,Second Hand,17.3,12880.0
Mahindra,Scorpio,2003,0,Diesel,Automatic,1996,65,Brand New,12.6,24547.8
Kia,Carnival,2016,0,Hybrid,Automatic,3891,101,Brand New,32.9,24292.16
Porsche,Macan,1993,180232,Electric,Automatic,803,165,Second Hand,31.2,2000.0
Tesla,Model S,2013,0,Hybrid,Manual,4712,169,Brand New,12.0,290667.99
Ford,Mustang,2012,124463,Electric,Automatic,2049,148,Second Hand,14.6,2000.0
Volvo,XC60,2016,0,Hybrid,Automatic,3254,135,Brand New,15.0,89220.79
Mercedes-Benz,C-Class,1996,22150,Diesel,Automatic,1856,299,Second Hand,9.6,2000.0
Mahindra,Scorpio,2001,0,Petrol,Manual,3909,586,Brand New,16.9,42241.56
Hyundai,i20,1985,0,Petrol,Automatic,1881,429,Brand New,14.5,28255.88
Rolls-Royce,Ghost,1987,36212,Petrol,Automatic,2499,81,Second Hand,27.9,2000.0
Hyundai,Verna,2014,222829,Diesel,Automatic,2509,374,Second Hand,24.7,16983.73
Ferrari,Roma,2021,53451,Hybrid,Manual,3418,194,Second Hand,31.2,248180.43
Mahindra,XUV500,2022,249445,Diesel,Automatic,4640,388,Second Hand,21.4,5218.54
Ferrari,488,2005,94646,Electric,Automatic,1421,319,Second Hand,26.6,129194.58
Tesla,Model Y,2017,91203,Petrol,Manual,4734,607,Second Hand,25.5,167357.3
Volvo,XC40,2012,0,Petrol,Automatic,926,604,Brand New,27.4,104639.42
Ferrari,Roma,2011,0,Electric,Automatic,2438,68,Brand New,23.6,307266.39
Ferrari,Roma,2022,50646,Hybrid,Automatic,4526,276,Second Hand,29.4,270858.79
Ford,Endeavour,2020,154173,Diesel,Automatic,3907,129,Second Hand,26.7,6972.43
Land Rover,Discovery,1994,0,Hybrid,Manual,4335,88,Brand New,18.7,94865.36
Land Rover,Discovery,2024,178171,Hybrid,Automatic,3595,304,Second Hand,22.5,59289.62
Ford,Mustang,1990,243097,Diesel,Manual,1389,597,Second Hand,23.8,2000.0
Kia,Sonet,2017,0,Hybrid,Automatic,3776,529,Brand New,17.3,38295.7
Honda,CRV,2024,119963,Electric,Automatic,2258,325,Second Hand,19.8,17443.65
Tesla,Model S,1986,0,Petrol,Manual,1632,427,Brand New,18.9,316142.64
Ford,Endeavour,2021,0,Electric,Automatic,3347,144,Brand New,32.3,10621.51
Rolls-Royce,Phantom,2017,0,Petrol,Manual,2513,137,Brand New,28.1,162028.36
Rolls-Royce,Phantom,2020,0,Electric,Automatic,4975,132,Brand New,11.9,197512.04
Volvo,XC40,2017,0,Petrol,Manual,1431,486,Brand New,23.1,97402.14
Rolls-Royce,Phantom,1992,0,Hybrid,Automatic,1276,445,Brand New,8.8,109458.52
BMW,X5,2024,0,Electric,Automatic,1887,588,Brand New,13.7,104318.58
Volkswagen,Polo,2016,0,Diesel,Automatic,2759,523,Brand New,29.7,18665.33
Honda,City,2010,240322,Hybrid,Manual,2688,153,Second Hand,18.2,2000.0
Lamborghini,Aventador,1986,214650,Electric,Automatic,4466,327,Second Hand,23.3,2000.0
Audi,Q3,2008,0,Hybrid,Automatic,1100,368,Brand New,13.6,90827.27
McLaren,570S,2006,246584,Hybrid,Manual,2797,656,Second Hand,14.8,28366.11
Mercedes-Benz,GLC,1996,0,Hybrid,Automatic,3093,656,Brand New,33.8,89172.4
Nissan,Magnite,2018,0,Petrol,Automatic,3979,574,Brand New,16.0,10667.69
Tesla,Model S,2024,192518,Electric,Automatic,4797,499,Second Hand,8.8,320133.01
Porsche,911,1996,0,Hybrid,Automatic,819,61,Brand New,23.4,67819.58
Tata,Harrier,2002,0,Petrol,Automatic,2413,426,Brand New,15.5,41595.87
Nissan,Micra,2003,161274,Electric,Manual,1754,89,Second Hand,17.0,2000.0
McLaren,720S,1992,0,Electric,Automatic,2332,349,Brand New,10.7,205976.33
Audi,A4,2012,172919,Diesel,Manual,2305,86,Second Hand,33.7,20355.84
BMW,X3,1997,131064,Petrol,Manual,4520,339,Second Hand,34.6,9689.04
Nissan,Magnite,1988,29695,Electric,Automatic,4994,303,Second Hand,10.7,2000.0
Tata,Nexon,1990,237013,Petrol,Automatic,3688,528,Second Hand,30.4,2000.0
BMW,3 Series,1991,0,Diesel,Manual,935,210,Brand New,15.2,77511.18
Mahindra,Scorpio,1988,14829,Diesel,Automatic,973,480,Second Hand,14.4,2000.0
BMW,X3,2002,0,Petrol,Automatic,1689,470,Brand New,19.5,59422.1
Porsche,911,1996,0,Hybrid,Automatic,4019,194,Brand New,30.8,98785.49
Tesla,Model 3,2016,0,Electric,Manual,2270,123,Brand New,13.3,374136.14
Ferrari,Roma,1990,0,Hybrid,Automatic,3598,202,Brand New,19.3,281892.82
Porsche,Cayenne,1991,98191,Petrol,Automatic,3972,158,Second Hand,18.8,2000.0
Volkswagen,Polo,2012,0,Hybrid,Automatic,1531,304,Brand New,9.9,28832.18
Toyota,Fortuner,2010,100878,Electric,Automatic,3939,237,Second Hand,9.8,2000.0
Audi,A4,2021,230173,Hybrid,Automatic,4724,541,Second Hand,18.1,54822.34
Volkswagen,Vento,2011,0,Electric,Manual,2595,584,Brand New,25.8,25611.75
Tesla,Model S,1996,230438,Petrol,Automatic,1738,556,Second Hand,11.7,15870.36
Audi,A6,2019,142204,Hybrid,Automatic,1555,133,Second Hand,28.0,27474.98
Porsche,Cayenne,2019,0,Electric,Manual,3271,466,Brand New,22.8,64729.78
Rolls-Royce,Ghost,1998,0,Hybrid,Automatic,2735,498,Brand New,25.8,247830.77
Tesla,Model Y,1985,0,Hybrid,Manual,3273,324,Brand New,13.3,198410.38
Porsche,Cayenne,2022,0,Diesel,Automatic,4176,286,Brand New,32.4,68134.96
BMW,5 Series,2022,23555,Hybrid,Manual,861,219,Second Hand,15.9,57171.22
McLaren,720S,2003,197548,Petrol,Manual,2669,209,Second Hand,12.8,2000.0
McLaren,570S,2000,216725,Diesel,Automatic,835,597,Second Hand,34.7,21973.61
Volkswagen,Vento,1998,118931,Electric,Manual,4363,147,Second Hand,29.3,2000.0
Ford,Endeavour,1991,0,Electric,Automatic,1236,349,Brand New,11.0,41077.76
Toyota,Corolla,1999,51780,Electric,Automatic,1925,162,Second Hand,17.0,3981.05
Toyota,RAV4,2010,62391,Petrol,Manual,4947,125,Second Hand,23.9,2000.0
Tata,Harrier,1995,16121,Petrol,Automatic,4383,501,Second Hand,19.5,2000.0
Mahindra,Scorpio,1991,25695,Hybrid,Automatic,3978,636,Second Hand,10.2,2000.0
Volkswagen,Vento,2001,74735,Diesel,Manual,3855,217,Second Hand,17.2,2000.0
Porsche,911,2009,203207,Petrol,Manual,3561,435,Second Hand,12.5,17016.17
Volvo,XC60,1989,0,Hybrid,Manual,4409,480,Brand New,34.6,96887.01
Ford,Mustang,2000,220690,Diesel,Manual,4029,669,Second Hand,24.2,2000.0
Land Rover,Discovery,2001,8564,Diesel,Automatic,4834,204,Second Hand,16.5,13323.72
Volkswagen,Polo,1995,0,Diesel,Automatic,4454,438,Brand New,16.1,31650.84
Lamborghini,Aventador,1988,0,Petrol,Manual,1578,599,Brand New,13.1,215947.79
Volkswagen,Vento,2018,74198,Electric,Manual,2343,444,Second Hand,28.0,7436.62
BMW,X3,2010,0,Diesel,Manual,3231,515,Brand New,12.8,88537.26
Tesla,Model Y,1985,0,Petrol,Manual,1399,304,Brand New,15.8,233667.51
Land Rover,Discovery,1990,0,Electric,Automatic,1129,286,Brand New,33.6,106911.45
Mahindra,XUV500,2022,174959,Hybrid,Automatic,3562,337,Second Hand,19.3,21905.07
Ford,Endeavour,2006,0,Diesel,Automatic,3206,686,Brand New,14.5,19450.14
Tata,Nexon,2004,60377,Diesel,Manual,4212,230,Second Hand,12.9,2885.13
Tesla,Model S,1989,186540,Hybrid,Manual,3447,371,Second Hand,14.7,2000.0
Ford,Endeavour,2001,57045,Electric,Manual,4262,139,Second Hand,31.7,2000.0
Volkswagen,Vento,1998,0,Hybrid,Manual,2576,663,Brand New,15.2,33103.85
Ford,Endeavour,2004,0,Hybrid,Automatic,1941,82,Brand New,19.7,32789.9
Rolls-Royce,Ghost,2017,0,Hybrid,Manual,3879,527,Brand New,16.3,121003.19
Tata,Harrier,2016,0,Electric,Manual,901,306,Brand New,31.7,33853.53
Tata,Nexon,2006,23933,Electric,Automatic,2043,552,Second Hand,16.4,2000.0
BMW,X5,1988,0,Diesel,Manual,4914,481,Brand New,12.8,71350.42
Toyota,RAV4,2005,0,Electric,Manual,3485,269,Brand New,13.7,34278.06
Rolls-Royce,Ghost,2007,0,Electric,Automatic,3848,685,Brand New,23.7,330242.31
Tesla,Model Y,1998,15163,Diesel,Automatic,3301,571,Second Hand,14.0,2000.0
Toyota,Fortuner,2021,0,Petrol,Automatic,1895,102,Brand New,8.1,10883.2
Land Rover,Range Rover,2022,0,Diesel,Automatic,4432,510,Brand New,19.0,51707.72
Audi,Q3,1987,0,Petrol,Automatic,3059,119,Brand New,24.4,90758.25
Kia,Sonet,2022,125178,Diesel,Manual,1919,512,Second Hand,14.5,12074.05
McLaren,570S,2011,120673,Electric,Automatic,2986,578,Second Hand,29.4,44768.7
Ford,Mustang,1987,112606,Petrol,Manual,4152,476,Second Hand,29.6,2000.0
Lamborghini,Huracan,2020,104922,Petrol,Automatic,3178,136,Second Hand,30.5,122762.22
Hyundai,Creta,1988,112142,Electric,Manual,4257,295,Second Hand,10.4,2000.0
Mercedes-Benz,E-Class,2009,174292,Electric,Automatic,1090,643,Second Hand,9.5,25588.83
BMW,X5,2005,34059,Diesel,Manual,2688,93,Second Hand,24.4,2000.0
Toyota,Camry,2001,0,Petrol,Automatic,3945,544,Brand New,14.0,22061.97
Honda,CRV,2000,0,Electric,Manual,1564,512,Brand New,16.1,29451.63
Ferrari,488,1987,76098,Electric,Automatic,4695,249,Second Hand,8.1,2000.0
Ford,Mustang,2010,245307,Diesel,Automatic,2115,368,Second Hand,26.0,2901.85
Lamborghini,Huracan,2024,0,Electric,Automatic,3127,220,Brand New,15.0,199667.5
Nissan,Magnite,2001,223067,Petrol,Manual,4947,397,Second Hand,20.6,2000.0
Volkswagen,Passat,1999,0,Electric,Automatic,3892,190,Brand New,30.8,18149.03
Hyundai,Elantra,2012,0,Petrol,Automatic,4357,479,Brand New,26.0,32474.13
Lamborghini,Aventador,2006,12367,Hybrid,Manual,2624,629,Second Hand,30.5,4010.73
Tesla,Model Y,2011,0,Petrol,Manual,4936,214,Brand New,27.5,418309.81
McLaren,570S,2021,101202,Diesel,Automatic,2753,352,Second Hand,21.3,299703.0
Ford,Figo,1992,237909,Hybrid,Automatic,3651,680,Second Hand,19.3,2000.0
Rolls-Royce,Phantom,2012,83381,Electric,Manual,1664,578,Second Hand,34.1,21539.81
Land Rover,Range Rover,2007,0,Petrol,Automatic,4496,186,Brand New,25.9,101430.89
Ferrari,488,2022,164606,Electric,Automatic,4857,501,Second Hand,8.6,79921.48
Volkswagen,Vento,2017,132845,Petrol,Manual,4091,464,Second Hand,34.3,4178.42
Honda,City,1986,0,Hybrid,Manual,1510,144,Brand New,28.6,37346.29
Audi,A6,1995,150575,Electric,Manual,3434,217,Second Hand,8.6,2000.0
Mahindra,XUV500,2006,217309,Hybrid,Automatic,1807,339,Second Hand,9.8,2000.0
Tesla,Model Y,2007,0,Petrol,Manual,805,254,Brand New,12.8,120120.67
Porsche,911,2009,0,Hybrid,Automatic,3067,411,Brand New,13.8,57149.4
Kia,Seltos,2024,5981,Diesel,Automatic,3893,258,Second Hand,27.0,28398.29
Toyota,Corolla,2016,217019,Petrol,Automatic,1241,132,Second Hand,13.8,13129.05
Mahindra,Thar,2013,0,Diesel,Manual,3280,517,Brand New,26.2,21667.77
Land Rover,Range Rover,2008,106667,Electric,Automatic,2454,309,Second Hand,34.7,11160.08
Tesla,Model S,2003,0,Petrol,Manual,1158,493,Brand New,13.3,179644.02
Tata,Safari,1989,87630,Hybrid,Manual,2361,362,Second Hand,17.3,2000.0
Volkswagen,Passat,2015,0,Hybrid,Manual,1692,411,Brand New,19.0,28490.61
McLaren,720S,1985,245913,Hybrid,Manual,4111,516,Second Hand,24.2,2000.0
Rolls-Royce,Ghost,1993,0,Petrol,Manual,1133,465,Brand New,30.8,262283.78
Mahindra,XUV500,2020,151027,Petrol,Manual,1514,315,Second Hand,12.9,19931.72
Toyota,Corolla,2007,0,Electric,Automatic,2726,261,Brand New,27.2,40609.09
Ford,Figo,2015,78699,Hybrid,Automatic,1944,279,Second Hand,23.8,2735.12
Porsche,Cayenne,2013,129282,Electric,Automatic,3580,115,Second Hand,29.3,21583.21
Volvo,S60,2022,0,Hybrid,Automatic,3326,167,Brand New,10.9,86575.4
Porsche,Cayenne,2017,109930,Electric,Manual,1632,677,Second Hand,21.8,21011.63
Rolls-Royce,Ghost,2016,0,Electric,Manual,3973,80,Brand New,24.4,327490.23
Audi,Q3,2018,11246,Electric,Manual,4441,305,Second Hand,32.7,31446.55
Honda,Civic,2021,157153,Electric,Manual,3449,417,Second Hand,24.2,20418.09
Kia,Seltos,2018,206400,Hybrid,Automatic,1611,681,Second Hand,10.1,12965.76
Tata,Safari,2020,0,Electric,Automatic,3202,281,Brand New,16.7,25734.94
Ford,Endeavour,2010,149883,Hybrid,Automatic,1077,623,Second Hand,32.6,2000.0
BMW,5 Series,2014,0,Hybrid,Automatic,4852,121,Brand New,15.8,94870.92
Tesla,Model X,2010,72208,Diesel,Automatic,3349,500,Second Hand,12.2,39483.89
Porsche,911,2001,0,Electric,Manual,2663,278,Brand New,8.4,72677.4
Hyundai,Verna,1988,0,Electric,Manual,3014,130,Brand New,24.5,25068.43
Mahindra,Thar,2015,0,Hybrid,Automatic,2045,189,Brand New,33.2,31425.72
Porsche,Cayenne,2009,89132,Diesel,Manual,1359,291,Second Hand,20.8,2000.0
Kia,Seltos,2000,18670,Electric,Automatic,4290,384,Second Hand,19.6,2000.0
Nissan,Kicks,2020,148969,Hybrid,Automatic,1250,478,Second Hand,12.4,21249.34
Nissan,Micra,2009,0,Hybrid,Automatic,1304,689,Brand New,21.7,21547.78
Porsche,911,1991,0,Petrol,Automatic,1468,165,Brand New,18.0,73869.64
Mahindra,XUV500,1987,0,Petrol,Manual,4688,577,Brand New,14.3,27829.27
Audi,A4,2019,0,Hybrid,Automatic,2805,497,Brand New,26.2,49709.72
Kia,Seltos,2024,150297,Hybrid,Manual,2669,242,Second Hand,11.3,6049.07
Land Rover,Range Rover,2022,184863,Petrol,Manual,875,387,Second Hand,25.1,72245.95
Tesla,Model S,1986,44036,Electric,Automatic,2171,535,Second Hand,11.4,2000.0
Nissan,Kicks,2009,0,Petrol,Automatic,2162,112,Brand New,17.1,18156.12
Mercedes-Benz,GLC,1990,77310,Petrol,Automatic,2664,413,Second Hand,32.7,2000.0
Honda,Accord,2011,84872,Hybrid,Automatic,1446,439,Second Hand,31.9,9577.1
BMW,5 Series,1993,5248,Electric,Automatic,3855,624,Second Hand,19.3,2000.0
Porsche,Macan,1995,126426,Petrol,Automatic,4181,244,Second Hand,20.8,2000.0
Mercedes-Benz,C-Class,2011,0,Petrol,Manual,1667,60,Brand New,8.4,94205.2
BMW,X3,2000,147813,Hybrid,Manual,2636,594,Second Hand,13.1,2000.0
Honda,CRV,2012,0,Hybrid,Manual,1833,551,Brand New,9.3,21618.24
McLaren,720S,2014,0,Petrol,Manual,3283,672,Brand New,23.1,268956.11
Tata,Nexon,2010,189938,Petrol,Automatic,3807,591,Second Hand,32.1,7423.91
BMW,X5,2002,0,Electric,Manual,3486,170,Brand New,18.3,86092.24
BMW,X3,2014,116652,Hybrid,Manual,1826,150,Second Hand,15.6,35775.61
BMW,X5,1985,0,Hybrid,Manual,2240,499,Brand New,16.3,76338.85
BMW,3 Series,2013,0,Electric,Automatic,2718,249,Brand New,19.6,71741.25
Land Rover,Discovery,2015,188725,Diesel,Automatic,2108,128,Second Hand,23.1,14449.6
Tata,Nexon,1988,142953,Diesel,Automatic,3257,664,Second Hand,20.9,2000.0
Rolls-Royce,Ghost,2015,0,Diesel,Manual,1286,622,Brand New,20.3,288858.15
Land Rover,Range Rover,2011,50325,Diesel,Manual,4045,244,Second Hand,26.7,6942.79
Ford,Figo,1997,0,Diesel,Automatic,1112,100,Brand New,28.2,28564.42
McLaren,570S,2017,156615,Petrol,Automatic,4232,549,Second Hand,10.3,77381.74
Mercedes-Benz,GLA,2009,0,Petrol,Automatic,831,154,Brand New,17.8,108628.7
Toyota,Corolla,2019,95522,Electric,Automatic,4054,200,Second Hand,12.8,14549.73
BMW,X3,1991,187338,Electric,Automatic,3857,502,Second Hand,32.7,2000.0
Honda,CRV,2011,161454,Diesel,Automatic,3972,239,Second Hand,31.7,3578.49
Ford,Mustang,1996,0,Electric,Manual,1270,676,Brand New,8.7,37583.14
Toyota,Corolla,2023,103338,Electric,Manual,3441,328,Second Hand,12.0,17759.59
Rolls-Royce,Ghost,2011,60982,Petrol,Automatic,3274,347,Second Hand,12.4,15634.45
Mahindra,Scorpio,1989,0,Hybrid,Manual,1191,574,Brand New,8.1,30291.35
Ferrari,488,2015,0,Petrol,Automatic,4513,559,Brand New,34.9,158867.04
Tesla,Model 3,2004,0,Petrol,Automatic,2883,660,Brand New,34.5,245857.86
Ford,Figo,1987,18515,Electric,Manual,3242,694,Second Hand,28.4,2000.0
BMW,5 Series,1986,0,Electric,Manual,4678,213,Brand New,8.6,99098.44
Volkswagen,Polo,2023,81160,Hybrid,Automatic,1458,560,Second Hand,16.4,26404.62
Honda,City,1996,42849,Hybrid,Manual,2296,518,Second Hand,19.6,2000.0
Volvo,XC60,1999,69976,Diesel,Manual,2727,344,Second Hand,17.7,2000.0
Volkswagen,Passat,1987,108290,Diesel,Manual,3943,379,Second Hand,30.1,2000.0
Lamborghini,Huracan,2016,118712,Petrol,Automatic,1197,506,Second Hand,33.5,132812.17
Honda,CRV,2003,0,Diesel,Manual,4223,85,Brand New,30.5,28428.61
Mercedes-Benz,GLA,2019,0,Diesel,Manual,1790,682,Brand New,34.2,67916.4
Porsche,Cayenne,1985,0,Diesel,Manual,1705,591,Brand New,10.0,86608.54
Ford,Endeavour,2023,114175,Hybrid,Automatic,3721,146,Second Hand,33.6,2885.79
Honda,Civic,1992,122048,Electric,Automatic,4819,458,Second Hand,29.5,2000.0
Volkswagen,Passat,2004,181801,Diesel,Automatic,2379,648,Second Hand,27.8,2000.0
Honda,CRV,1994,14180,Hybrid,Manual,4901,501,Second Hand,30.9,2000.0
Mercedes-Benz,E-Class,1991,220668,Electric,Automatic,2636,582,Second Hand,18.9,2000.0
Nissan,Micra,2013,0,Hybrid,Automatic,2973,415,Brand New,28.2,23743.34
Lamborghini,Huracan,1991,26107,Diesel,Manual,2874,700,Second Hand,28.2,2000.0
Audi,Q5,2012,121568,Diesel,Automatic,4343,137,Second Hand,18.1,12599.19
Nissan,Micra,2005,153118,Diesel,Automatic,2805,220,Second Hand,15.0,2000.0
McLaren,720S,2001,197954,Electric,Manual,3780,657,Second Hand,24.9,2000.0
Audi,Q3,2014,204118,Electric,Automatic,2847,463,Second Hand,12.9,34590.96
Kia,Seltos,2019,146680,Diesel,Manual,3098,169,Second Hand,33.3,6096.45
Lamborghini,Aventador,2002,144239,Petrol,Manual,1876,221,Second Hand,16.3,2000.0
Honda,CRV,2019,0,Hybrid,Manual,3439,97,Brand New,12.5,31040.23
Tesla,Model 3,2002,248540,Hybrid,Automatic,2150,498,Second Hand,20.7,10846.96
Lamborghini,Huracan,1998,0,Petrol,Automatic,2185,668,Brand New,14.8,94385.99
McLaren,720S,2021,40517,Electric,Manual,4098,82,Second Hand,26.1,167618.32
Tata,Safari,2017,138002,Petrol,Automatic,3205,428,Second Hand,31.2,8220.99
McLaren,570S,2005,0,Diesel,Automatic,4549,365,Brand New,16.1,205341.21
Hyundai,i20,2006,138458,Diesel,Automatic,2221,583,Second Hand,22.2,2000.0
Audi,Q5,2014,0,Petrol,Manual,3542,62,Brand New,18.8,97601.13
Audi,A6,2013,176701,Electric,Automatic,2961,570,Second Hand,21.7,13514.33
Ford,Figo,1985,0,Diesel,Automatic,1667,436,Brand New,13.6,17581.23
BMW,5 Series,2013,83065,Diesel,Automatic,1439,202,Second Hand,13.4,8692.93
Volvo,S60,2011,0,Hybrid,Automatic,4997,410,Brand New,22.4,71850.83
Kia,Carnival,1991,90686,Hybrid,Manual,2469,564,Second Hand,19.2,2000.0
Volvo,XC60,1995,65829,Diesel,Automatic,2950,395,Second Hand,19.6,2000.0
Audi,Q5,1986,0,Diesel,Manual,1998,681,Brand New,27.3,109957.5
Lamborghini,Huracan,2013,168619,Electric,Manual,1290,354,Second Hand,20.8,128505.68
McLaren,570S,1994,0,Diesel,Automatic,4798,501,Brand New,17.4,133076.25
Nissan,Micra,1994,0,Diesel,Automatic,2311,378,Brand New,9.6,10814.44
Volkswagen,Passat,2003,0,Electric,Manual,2992,289,Brand New,19.1,14020.13
Nissan,Magnite,2013,0,Diesel,Automatic,3718,233,Brand New,30.5,20087.83
Audi,Q3,2009,122810,Hybrid,Automatic,3638,227,Second Hand,14.5,13173.23
Audi,A6,2010,32521,Petrol,Automatic,3868,178,Second Hand,12.9,26895.31
Tata,Nexon,2012,0,Electric,Automatic,3863,417,Brand New,8.7,14866.97
McLaren,720S,2024,202583,Hybrid,Automatic,3831,66,Second Hand,28.7,103934.74
Mahindra,Thar,2006,0,Diesel,Automatic,4920,411,Brand New,18.0,30928.24
Porsche,Cayenne,1992,147337,Electric,Manual,3070,503,Second Hand,26.4,2000.0
Mahindra,XUV500,2018,0,Electric,Automatic,809,237,Brand New,15.9,23690.26
Ford,Mustang,1995,0,Petrol,Manual,3250,582,Brand New,14.2,12519.02
McLaren,570S,1985,197236,Hybrid,Automatic,1938,328,Second Hand,33.6,2000.0
Nissan,Magnite,1989,0,Hybrid,Automatic,3381,594,Brand New,25.9,41091.79
Rolls-Royce,Ghost,2001,128512,Petrol,Automatic,2531,114,Second Hand,12.2,3090.57
Nissan,Micra,2021,149292,Petrol,Automatic,4244,622,Second Hand,34.9,11614.92
Ferrari,Roma,1996,245899,Petrol,Automatic,3950,546,Second Hand,14.8,2000.0
Land Rover,Range Rover,2015,242334,Hybrid,Manual,2278,690,Second Hand,23.6,34403.48
Volkswagen,Passat,2009,0,Electric,Manual,4006,242,Brand New,8.4,14742.51
Ferrari,Roma,2012,0,Electric,Manual,4859,240,Brand New,24.2,250125.44
Mercedes-Benz,GLC,2023,0,Diesel,Manual,3570,77,Brand New,29.4,56573.2
Land Rover,Range Rover,2005,0,Diesel,Manual,2755,211,Brand New,18.5,57346.0
Mahindra,XUV500,1985,201985,Diesel,Automatic,3700,340,Second Hand,23.1,2000.0
Ferrari,Roma,2015,0,Petrol,Automatic,1374,515,Brand New,33.7,340207.77
Mercedes-Benz,GLC,1993,0,Petrol,Automatic,3301,361,Brand New,22.8,95948.72
Audi,Q5,1991,160295,Petrol,Manual,4866,70,Second Hand,24.8,2000.0
Volvo,XC40,2003,0,Electric,Manual,4357,224,Brand New,15.7,80074.44
Porsche,Cayenne,2010,35638,Diesel,Automatic,3996,157,Second Hand,29.6,3362.36
Lamborghini,Aventador,1989,100755,Diesel,Automatic,1636,591,Second Hand,10.5,2000.0
Mercedes-Benz,GLA,1999,110493,Petrol,Automatic,3892,311,Second Hand,15.7,2000.0
Mercedes-Benz,E-Class,2016,160890,Hybrid,Automatic,2847,518,Second Hand,14.2,24471.37
McLaren,570S,1987,0,Electric,Manual,3560,522,Brand New,23.9,175536.53
Mahindra,Scorpio,1997,0,Hybrid,Automatic,1916,436,Brand New,8.8,24035.55
Mercedes-Benz,GLA,2020,0,Diesel,Manual,4738,89,Brand New,29.0,72228.9
Tata,Safari,2001,0,Hybrid,Manual,1142,220,Brand New,33.5,13355.95
Mercedes-Benz,GLA,1989,147755,Petrol,Automatic,2479,256,Second Hand,8.5,2000.0
Lamborghini,Huracan,2023,0,Diesel,Manual,867,242,Brand New,24.2,369417.92
McLaren,570S,1999,0,Hybrid,Automatic,2950,344,Brand New,18.0,112350.59
Volkswagen,Polo,2012,0,Diesel,Manual,4513,364,Brand New,15.6,32102.76
BMW,X3,1996,193074,Hybrid,Automatic,2753,284,Second Hand,24.9,2000.0
Ford,Figo,2010,0,Petrol,Manual,932,301,Brand New,33.5,35902.25
Porsche,Cayenne,2012,0,Hybrid,Manual,2371,413,Brand New,27.6,73659.72
Land Rover,Range Rover,1987,0,Hybrid,Manual,3945,460,Brand New,9.7,92232.19
Rolls-Royce,Ghost,2016,139479,Diesel,Manual,3774,492,Second Hand,8.4,191625.9
McLaren,570S,1990,0,Electric,Automatic,1683,194,Brand New,19.1,133513.87
Tesla,Model 3,1994,0,Petrol,Manual,1266,295,Brand New,15.0,177544.83
Nissan,Micra,2014,210978,Diesel,Manual,877,323,Second Hand,11.3,5566.83
Ford,Figo,2015,225198,Diesel,Manual,2613,666,Second Hand,14.1,9038.94
BMW,3 Series,1989,0,Electric,Manual,4289,164,Brand New,30.2,85227.14
Audi,A6,2015,0,Diesel,Automatic,3663,557,Brand New,32.2,63327.13
Volkswagen,Polo,2001,93113,Diesel,Automatic,896,99,Second Hand,11.4,2000.0
Tesla,Model 3,2007,98955,Diesel,Manual,3595,343,Second Hand,29.7,2000.0
BMW,X5,1988,84987,Diesel,Automatic,3808,340,Second Hand,31.1,2000.0
Audi,Q3,2001,0,Petrol,Automatic,2637,460,Brand New,27.7,81276.41
Mahindra,Thar,2014,0,Electric,Manual,2429,284,Brand New,12.7,16910.81
Rolls-Royce,Ghost,2003,0,Petrol,Manual,1110,61,Brand New,33.9,159269.84
Ford,Endeavour,2022,126478,Electric,Automatic,825,635,Second Hand,26.6,7175.49
Nissan,Kicks,2016,51536,Electric,Automatic,4113,246,Second Hand,34.3,11377.07
Mahindra,XUV500,2002,159788,Electric,Automatic,3775,114,Second Hand,29.1,2000.0
Audi,A4,2010,0,Petrol,Automatic,1352,622,Brand New,17.0,59535.92
Tata,Nexon,1987,0,Electric,Automatic,4034,173,Brand New,22.0,16221.71
Tesla,Model X,1998,72125,Diesel,Manual,3574,693,Second Hand,8.6,2000.0
Tata,Safari,2000,102683,Hybrid,Automatic,2627,60,Second Hand,10.1,2000.0
Land Rover,Discovery,2017,76171,Hybrid,Automatic,3131,226,Second Hand,22.2,27724.84
BMW,X5,1993,55867,Petrol,Automatic,1371,197,Second Hand,32.3,2000.0
Mahindra,XUV500,2016,94517,Petrol,Automatic,2238,118,Second Hand,29.7,16409.57
Porsche,911,1996,0,Hybrid,Manual,3954,507,Brand New,8.6,90142.64
Volvo,S60,2008,112222,Hybrid,Manual,847,645,Second Hand,28.3,2000.0
Audi,A4,2004,89172,Electric,Automatic,4324,110,Second Hand,31.9,2000.0
Hyundai,Elantra,2012,0,Diesel,Manual,2080,534,Brand New,27.9,37633.75
McLaren,720S,2016,0,Petrol,Automatic,3551,541,Brand New,13.4,198664.55
Mahindra,Thar,1988,0,Electric,Automatic,3126,226,Brand New,12.5,25935.13
McLaren,720S,2004,124791,Hybrid,Automatic,3208,418,Second Hand,33.7,2000.0
Volvo,S60,1995,0,Electric,Manual,4679,440,Brand New,22.1,96522.25
Volvo,XC40,2015,222139,Hybrid,Manual,1051,699,Second Hand,21.7,29884.97
Porsche,Macan,2006,0,Electric,Manual,3694,355,Brand New,19.6,92948.01
Mahindra,Scorpio,1994,0,Hybrid,Manual,4202,196,Brand New,29.9,29719.15
Rolls-Royce,Phantom,2022,0,Diesel,Manual,2305,398,Brand New,22.1,286716.49
Volkswagen,Vento,2006,107553,Diesel,Automatic,3854,374,Second Hand,30.2,2000.0
Rolls-Royce,Ghost,2013,0,Diesel,Automatic,3085,650,Brand New,21.0,245538.69
Toyota,Corolla,2018,238081,Petrol,Manual,1009,73,Second Hand,33.2,12965.35
Lamborghini,Huracan,2011,139200,Hybrid,Manual,3620,465,Second Hand,20.2,73297.63
Volvo,S60,2016,0,Electric,Automatic,2769,170,Brand New,10.8,56783.21
McLaren,570S,2017,0,Electric,Automatic,3948,197,Brand New,9.7,415287.22
Mahindra,Scorpio,1991,0,Electric,Automatic,2158,699,Brand New,19.3,22921.67
Volvo,XC40,1997,23947,Diesel,Manual,2010,459,Second Hand,27.9,2000.0
Tata,Harrier,2010,69660,Diesel,Automatic,1487,186,Second Hand,34.0,2000.0
McLaren,570S,2008,134535,Petrol,Manual,3280,333,Second Hand,21.1,2000.0
Kia,Seltos,2014,193908,Diesel,Automatic,2173,638,Second Hand,25.2,2000.0
Tata,Nexon,2002,142479,Diesel,Manual,1036,258,Second Hand,13.3,2000.0
McLaren,570S,1989,98691,Hybrid,Manual,3208,299,Second Hand,13.3,2000.0
Volkswagen,Polo,2010,0,Electric,Manual,3296,580,Brand New,17.9,24369.9
Audi,A6,2022,43085,Diesel,Automatic,3325,490,Second Hand,35.0,57815.8
Volvo,XC40,2010,225351,Petrol,Automatic,1210,162,Second Hand,27.6,11571.64
Tata,Nexon,1987,117002,Petrol,Manual,3700,266,Second Hand,21.3,2000.0
Mercedes-Benz,GLA,1999,238601,Diesel,Automatic,4763,336,Second Hand,34.7,2000.0
BMW,X3,2023,100005,Diesel,Automatic,1404,156,Second Hand,20.6,69136.89
Rolls-Royce,Phantom,2001,0,Diesel,Manual,3694,304,Brand New,24.2,303504.13
Volkswagen,Passat,2002,52986,Petrol,Manual,2699,134,Second Hand,14.2,2000.0
Ferrari,488,2020,22388,Hybrid,Manual,1905,87,Second Hand,24.3,106406.9
Audi,A4,1995,0,Electric,Manual,2828,595,Brand New,17.4,68816.64
Mahindra,XUV500,2002,181656,Petrol,Manual,2272,649,Second Hand,8.0,2000.0
Land Rover,Range Rover,2004,0,Petrol,Automatic,3572,647,Brand New,31.5,50362.51
Land Rover,Range Rover,1999,173523,Hybrid,Manual,4598,257,Second Hand,31.6,10596.67
Volkswagen,Vento,2019,48858,Hybrid,Manual,2921,684,Second Hand,23.1,10488.22
Toyota,RAV4,2008,225382,Petrol,Manual,3242,361,Second Hand,16.2,2000.0
Tata,Safari,1995,22530,Diesel,Manual,4207,436,Second Hand,10.1,2000.0
Tata,Nexon,2007,65844,Electric,Manual,2369,582,Second Hand,26.4,2000.0
Tata,Nexon,2016,246997,Petrol,Automatic,1020,107,Second Hand,11.2,2000.0
Volkswagen,Vento,2017,0,Hybrid,Manual,4170,74,Brand New,26.4,38131.73
Tata,Harrier,2001,0,Hybrid,Manual,1525,483,Brand New,29.6,16868.74
Porsche,Cayenne,1990,40704,Diesel,Automatic,4431,665,Second Hand,33.1,2000.0
Rolls-Royce,Ghost,2015,0,Electric,Automatic,4771,642,Brand New,20.6,173027.04
Tata,Nexon,2018,61402,Electric,Automatic,1642,127,Second Hand,11.1,8373.2
Toyota,RAV4,2000,0,Electric,Automatic,3314,413,Brand New,18.7,36755.95
Land Rover,Discovery,2008,0,Hybrid,Manual,1266,625,Brand New,13.1,72444.42
Rolls-Royce,Phantom,2009,226017,Electric,Automatic,4436,415,Second Hand,9.4,17718.04
Volkswagen,Vento,1993,87927,Diesel,Automatic,1533,141,Second Hand,33.9,2000.0
Volkswagen,Vento,2001,0,Electric,Manual,3432,456,Brand New,15.3,21425.19
Ford,Mustang,2008,0,Diesel,Automatic,1081,602,Brand New,14.3,15548.46
Nissan,Magnite,1987,0,Petrol,Manual,1053,423,Brand New,15.1,38143.35
Nissan,Magnite,1998,197137,Electric,Automatic,3096,365,Second Hand,25.3,2000.0
Toyota,Corolla,2017,213938,Petrol,Manual,2479,325,Second Hand,10.7,2000.0
Kia,Seltos,2017,101915,Diesel,Automatic,3137,164,Second Hand,12.6,9762.25
Volkswagen,Polo,2002,116379,Petrol,Automatic,3205,679,Second Hand,13.2,2000.0
Volvo,XC60,2004,166058,Petrol,Manual,2696,631,Second Hand,30.6,2000.0
Mahindra,XUV500,2013,12210,Hybrid,Manual,3070,367,Second Hand,27.3,15395.78
Kia,Carnival,1985,0,Hybrid,Automatic,3379,345,Brand New,25.6,28219.67
Audi,Q5,2012,0,Hybrid,Manual,1499,335,Brand New,9.0,72388.62
Volkswagen,Polo,2023,0,Diesel,Automatic,3431,283,Brand New,14.3,37642.1
Rolls-Royce,Phantom,2021,0,Electric,Manual,3392,469,Brand New,29.3,393250.11
McLaren,570S,2009,0,Electric,Automatic,1395,60,Brand New,11.2,200378.68
McLaren,570S,2007,0,Diesel,Automatic,4618,658,Brand New,30.3,124481.36
Mahindra,Scorpio,2009,96970,Hybrid,Automatic,2336,567,Second Hand,26.4,2000.0
Kia,Seltos,2018,213578,Diesel,Automatic,1043,615,Second Hand,8.0,5740.46
Ford,Endeavour,1991,246651,Hybrid,Automatic,2635,251,Second Hand,31.5,2000.0
Rolls-Royce,Ghost,2023,16279,Hybrid,Manual,2956,314,Second Hand,10.5,206737.1
Ferrari,Roma,2020,0,Electric,Automatic,2419,604,Brand New,15.3,378767.93
Tata,Safari,1987,28769,Diesel,Manual,906,214,Second Hand,29.0,2000.0
Hyundai,i20,2012,0,Petrol,Automatic,1453,491,Brand New,33.7,24436.16
Honda,City,1989,69333,Petrol,Manual,2594,543,Second Hand,33.1,2000.0
Toyota,RAV4,1998,5081,Diesel,Manual,1263,266,Second Hand,31.3,2000.0
Nissan,Kicks,1998,156014,Diesel,Automatic,1229,676,Second Hand,30.4,2000.0
Mahindra,Thar,1997,0,Petrol,Manual,2480,219,Brand New,9.1,32982.88
Hyundai,i20,1990,167236,Hybrid,Manual,3944,107,Second Hand,23.1,2000.0
Tata,Safari,2015,221374,Diesel,Automatic,4333,174,Second Hand,25.7,3038.58
Ferrari,488,1996,0,Petrol,Manual,1218,512,Brand New,17.1,347328.02
Audi,Q3,2005,0,Diesel,Manual,965,93,Brand New,15.7,90203.81
Tesla,Model X,1992,0,Hybrid,Manual,3681,458,Brand New,33.8,148454.46
BMW,3 Series,2016,0,Petrol,Manual,4266,648,Brand New,25.3,72692.87
Kia,Carnival,1994,0,Petrol,Automatic,2081,272,Brand New,28.3,8477.52
Mahindra,Scorpio,2002,223814,Diesel,Automatic,2224,657,Second Hand,22.1,2000.0
Tesla,Model 3,2009,213079,Diesel,Automatic,801,560,Second Hand,15.5,22879.05
Rolls-Royce,Phantom,2020,132981,Petrol,Automatic,3065,149,Second Hand,26.4,226374.62
Volvo,XC60,2002,0,Petrol,Automatic,1879,674,Brand New,19.4,104080.07
Mahindra,XUV500,1995,0,Petrol,Manual,4768,155,Brand New,16.7,38118.29
Rolls-Royce,Ghost,2014,164948,Diesel,Automatic,4340,572,Second Hand,13.7,143658.01
Ferrari,Roma,2005,0,Hybrid,Manual,3227,531,Brand New,19.2,330245.47
Lamborghini,Huracan,1987,0,Hybrid,Automatic,4477,293,Brand New,22.3,147784.72
Kia,Seltos,1990,0,Hybrid,Manual,2627,141,Brand New,18.7,22133.56
Toyota,Camry,1992,51442,Diesel,Manual,870,632,Second Hand,18.8,2000.0
Ford,Figo,1995,0,Petrol,Automatic,1432,168,Brand New,27.7,12102.18
Kia,Seltos,1998,16584,Petrol,Manual,3771,552,Second Hand,11.6,2000.0
Tesla,Model 3,2012,0,Hybrid,Manual,4753,176,Brand New,22.9,134962.83
Toyota,Camry,1993,136354,Electric,Automatic,4032,573,Second Hand,25.2,2000.0
Porsche,911,2011,0,Petrol,Manual,1192,331,Brand New,16.7,44176.03
Porsche,Macan,2021,0,Hybrid,Manual,4905,624,Brand New,9.8,82187.02
Ferrari,488,2023,0,Electric,Automatic,2974,153,Brand New,25.2,156909.97
Audi,A6,1999,189320,Petrol,Automatic,1520,505,Second Hand,10.1,7392.75
Volkswagen,Polo,1993,213283,Hybrid,Manual,4178,655,Second Hand,28.2,2000.0
Mercedes-Benz,E-Class,2014,0,Electric,Manual,4520,182,Brand New,20.9,55856.38
Hyundai,Elantra,2013,178773,Diesel,Manual,2353,134,Second Hand,12.4,4234.95
Rolls-Royce,Ghost,2008,0,Diesel,Manual,2302,580,Brand New,23.6,244802.09
Tesla,Model X,1998,115683,Hybrid,Manual,1118,496,Second Hand,30.2,2000.0
Volkswagen,Polo,2017,0,Electric,Manual,3654,260,Brand New,27.1,23219.77
Lamborghini,Aventador,2016,150969,Diesel,Automatic,2399,375,Second Hand,24.2,197919.12
Kia,Seltos,1990,113683,Electric,Manual,4286,116,Second Hand,20.6,2000.0
Mahindra,Thar,2001,0,Hybrid,Manual,2957,204,Brand New,14.8,14440.97
Mahindra,Scorpio,2023,0,Hybrid,Automatic,1967,305,Brand New,31.9,33555.83
Audi,Q5,1988,55012,Hybrid,Automatic,2344,60,Second Hand,28.8,2000.0
Hyundai,Creta,2004,0,Diesel,Automatic,2323,430,Brand New,20.7,18390.86
Volkswagen,Polo,1989,35835,Diesel,Automatic,3938,390,Second Hand,22.2,2000.0
Porsche,911,1995,0,Diesel,Automatic,4013,531,Brand New,9.2,101023.11
McLaren,570S,1985,0,Electric,Manual,4988,646,Brand New,33.2,265976.98
Porsche,Cayenne,1986,25249,Petrol,Automatic,2301,235,Second Hand,23.0,2000.0
Kia,Carnival,2009,0,Diesel,Manual,3134,274,Brand New,27.2,29117.11
BMW,X3,1993,122618,Hybrid,Automatic,976,486,Second Hand,22.1,2000.0
Nissan,Magnite,1990,71374,Diesel,Automatic,880,590,Second Hand,12.6,2000.0
BMW,X5,2014,0,Petrol,Automatic,1848,659,Brand New,34.1,72172.81
Tata,Nexon,1985,0,Hybrid,Automatic,1790,567,Brand New,8.6,24317.8
Volvo,XC60,1989,240870,Diesel,Manual,4860,395,Second Hand,16.7,2000.0
McLaren,570S,2014,110762,Electric,Manual,3061,661,Second Hand,31.9,47906.55
Volkswagen,Passat,2023,0,Petrol,Manual,2566,74,Brand New,20.2,32789.71
Toyota,Fortuner,2000,30400,Petrol,Automatic,1089,696,Second Hand,11.5,2000.0
Honda,Accord,2022,0,Diesel,Manual,2823,673,Brand New,18.3,15345.17
Tesla,Model S,1989,188945,Diesel,Automatic,3331,577,Second Hand,19.3,2000.0
Porsche,Cayenne,2014,199616,Electric,Automatic,4812,599,Second Hand,10.0,12763.37
Volkswagen,Vento,1990,0,Petrol,Automatic,992,426,Brand New,28.7,16425.58
Hyundai,Elantra,1999,0,Petrol,Manual,4516,125,Brand New,29.9,18839.51
Honda,CRV,1991,0,Petrol,Manual,3196,177,Brand New,25.0,13441.35
Mercedes-Benz,GLA,1988,238022,Hybrid,Automatic,3078,569,Second Hand,31.6,2000.0
Tesla,Model Y,2008,0,Electric,Automatic,1716,526,Brand New,22.2,318660.78
Volkswagen,Vento,2002,79832,Hybrid,Automatic,2950,615,Second Hand,10.1,2000.0
Tata,Nexon,2005,0,Petrol,Manual,2473,637,Brand New,30.7,23940.34
Audi,Q3,1989,249401,Petrol,Automatic,4623,146,Second Hand,12.5,2000.0
Mahindra,XUV500,1989,0,Diesel,Automatic,4246,541,Brand New,29.6,28338.58
Ferrari,488,2024,0,Diesel,Automatic,1385,569,Brand New,13.7,295506.27
BMW,X5,2002,95176,Diesel,Automatic,4829,530,Second Hand,12.6,2000.0
Mercedes-Benz,GLC,1994,0,Diesel,Automatic,1361,462,Brand New,32.6,51825.47
Honda,CRV,1988,169764,Electric,Automatic,4676,312,Second Hand,28.1,2000.0
Tesla,Model 3,2008,0,Electric,Automatic,4197,612,Brand New,27.5,197749.07
Land Rover,Range Rover,2010,0,Petrol,Automatic,3771,321,Brand New,20.3,68754.6
McLaren,570S,2000,206108,Hybrid,Automatic,3599,460,Second Hand,25.3,2000.0
Land Rover,Discovery,1988,73493,Petrol,Manual,3383,119,Second Hand,17.8,2000.0
Tata,Safari,1996,231949,Hybrid,Automatic,1298,679,Second Hand,17.8,2000.0
Ford,Mustang,2009,0,Petrol,Automatic,4108,120,Brand New,13.3,22405.87
Nissan,Kicks,1999,231280,Diesel,Automatic,4833,363,Second Hand,32.5,2000.0
Volvo,XC40,1991,0,Petrol,Automatic,1693,523,Brand New,29.6,88183.44
BMW,X5,2017,231759,Diesel,Automatic,4689,340,Second Hand,18.6,28332.22
McLaren,570S,2005,0,Hybrid,Manual,4014,265,Brand New,23.9,141880.74
Tata,Nexon,2001,185096,Petrol,Manual,4314,672,Second Hand,21.3,2000.0
Tesla,Model Y,2017,154463,Diesel,Manual,1496,587,Second Hand,20.0,127974.68
Ferrari,Roma,2007,0,Petrol,Manual,2153,629,Brand New,18.6,120418.57
Toyota,Camry,2016,0,Diesel,Automatic,3089,415,Brand New,12.7,38324.38
Lamborghini,Aventador,1998,210145,Electric,Automatic,817,645,Second Hand,14.0,17164.63
Ford,Mustang,2019,0,Electric,Automatic,2008,448,Brand New,9.7,41090.04
Mercedes-Benz,GLA,2018,12676,Diesel,Manual,4645,559,Second Hand,27.3,49944.94
Audi,A4,2022,28338,Hybrid,Automatic,4801,495,Second Hand,27.3,64764.02
Kia,Sonet,2010,174511,Hybrid,Automatic,1814,695,Second Hand,14.1,5323.06
Volkswagen,Vento,2018,0,Diesel,Automatic,1559,522,Brand New,13.1,15929.31
Hyundai,i20,2014,0,Diesel,Manual,2223,64,Brand New,20.0,28992.82
Tesla,Model X,1988,0,Petrol,Automatic,4875,188,Brand New,15.3,162044.79
Porsche,911,2002,0,Diesel,Automatic,4132,638,Brand New,34.2,64214.02
Ferrari,Roma,2002,25035,Electric,Automatic,2587,567,Second Hand,20.9,2000.0
Tesla,Model 3,1992,162374,Diesel,Automatic,4228,378,Second Hand,17.5,2000.0
Tesla,Model 3,2012,0,Electric,Automatic,4869,146,Brand New,16.5,304651.59
Tata,Safari,1997,0,Diesel,Manual,3842,451,Brand New,31.0,25710.12
Toyota,Camry,1988,0,Electric,Automatic,2113,227,Brand New,32.2,20882.93
Porsche,Cayenne,2023,0,Hybrid,Manual,1104,577,Brand New,12.9,88070.88
Lamborghini,Aventador,2010,0,Hybrid,Manual,2499,691,Brand New,24.2,218667.5
Land Rover,Range Rover,1998,0,Hybrid,Manual,2367,523,Brand New,12.0,93755.27
Ferrari,Roma,2019,247231,Diesel,Automatic,3992,245,Second Hand,27.9,143738.38
Porsche,911,1989,0,Petrol,Automatic,2296,386,Brand New,14.5,73625.22
Tata,Nexon,2000,0,Electric,Automatic,2681,691,Brand New,11.3,18441.06
McLaren,720S,2005,0,Electric,Automatic,1105,492,Brand New,24.7,234400.35
Kia,Sonet,1985,122738,Petrol,Automatic,3551,264,Second Hand,33.5,2000.0
McLaren,720S,1999,0,Petrol,Automatic,4566,587,Brand New,32.6,133219.33
Hyundai,Creta,2012,0,Diesel,Manual,2976,500,Brand New,23.9,39650.88
Ferrari,488,2005,0,Hybrid,Manual,3289,257,Brand New,30.7,243014.01
Porsche,Cayenne,2008,186906,Hybrid,Automatic,2366,352,Second Hand,20.6,16619.89
Tesla,Model 3,2022,244353,Petrol,Manual,1046,623,Second Hand,12.8,267447.35
McLaren,720S,1995,88611,Diesel,Automatic,4102,227,Second Hand,8.3,2000.0
Mahindra,XUV500,2022,0,Petrol,Manual,4408,132,Brand New,34.0,22150.97
Mercedes-Benz,GLC,1985,0,Electric,Manual,2364,496,Brand New,34.1,62789.97
Hyundai,Verna,1989,245548,Diesel,Automatic,4595,529,Second Hand,19.6,2000.0
Toyota,RAV4,2007,113187,Electric,Automatic,3176,310,Second Hand,31.4,2000.0
Mahindra,XUV500,2020,0,Electric,Automatic,2770,500,Brand New,22.0,40517.06
Mahindra,Scorpio,1987,0,Diesel,Manual,4391,123,Brand New,14.7,41476.23
BMW,X3,2001,0,Diesel,Automatic,3303,257,Brand New,22.6,60365.72
Lamborghini,Aventador,2017,0,Electric,Automatic,4961,161,Brand New,12.8,399035.72
Lamborghini,Huracan,1991,232656,Electric,Automatic,3448,302,Second Hand,23.3,2000.0
Hyundai,i20,2017,46194,Hybrid,Automatic,3939,563,Second Hand,10.3,11497.21
Land Rover,Discovery,1988,97326,Diesel,Manual,2675,66,Second Hand,33.3,2000.0
Lamborghini,Huracan,2009,0,Diesel,Manual,1146,667,Brand New,23.7,377251.12
McLaren,570S,1990,173046,Hybrid,Manual,2849,120,Second Hand,25.5,2000.0
Ford,Figo,1990,189524,Diesel,Manual,4127,379,Second Hand,28.0,2000.0
Mahindra,Thar,1998,89664,Electric,Automatic,3888,417,Second Hand,12.9,2000.0
Ford,Mustang,2006,83572,Hybrid,Automatic,829,245,Second Hand,27.8,2000.0
Land Rover,Discovery,2020,56567,Diesel,Automatic,2134,444,Second Hand,23.6,55610.38
Audi,Q3,2012,0,Electric,Automatic,1287,167,Brand New,33.7,45390.7
Porsche,Cayenne,2010,228538,Petrol,Automatic,1047,89,Second Hand,9.9,31546.39
Honda,Civic,2008,118220,Hybrid,Automatic,3518,636,Second Hand,29.2,2000.0
Volkswagen,Passat,2002,0,Electric,Automatic,4454,685,Brand New,8.2,29722.85
Kia,Sonet,1993,153786,Diesel,Manual,1043,395,Second Hand,17.4,2000.0
Volvo,XC60,2010,0,Hybrid,Manual,1657,167,Brand New,9.0,87529.28
Ferrari,488,2017,0,Electric,Manual,3276,584,Brand New,16.5,359544.11
Porsche,Macan,1992,0,Hybrid,Manual,4288,89,Brand New,19.0,111892.66
BMW,X3,1989,0,Petrol,Manual,4571,144,Brand New,23.1,80925.98
Mercedes-Benz,GLC,2019,87077,Diesel,Manual,1956,67,Second Hand,13.2,31127.37
McLaren,720S,2019,154405,Hybrid,Automatic,1096,394,Second Hand,27.8,64824.07
Toyota,Fortuner,2000,0,Petrol,Manual,4556,387,Brand New,12.1,15025.11
Rolls-Royce,Phantom,2015,106928,Electric,Automatic,3439,255,Second Hand,11.5,96466.61
Hyundai,Creta,2021,0,Electric,Manual,4731,159,Brand New,16.4,33424.45
Volkswagen,Vento,1985,0,Diesel,Manual,1269,614,Brand New,15.0,37459.07
Mahindra,Thar,2015,0,Electric,Manual,3511,254,Brand New,18.5,17956.19
BMW,X5,2009,248639,Electric,Manual,1210,273,Second Hand,30.5,20207.72
Ferrari,Roma,2014,75286,Electric,Automatic,2445,180,Second Hand,14.6,110016.56
Toyota,Camry,2023,196756,Diesel,Automatic,919,470,Second Hand,16.0,3898.13
Tesla,Model Y,1990,68945,Hybrid,Automatic,4684,364,Second Hand,34.4,2000.0
BMW,X5,2005,0,Electric,Manual,2446,567,Brand New,14.5,76263.72
Ford,Figo,1992,130678,Petrol,Automatic,4323,95,Second Hand,17.2,2000.0
Mercedes-Benz,GLC,1990,5198,Electric,Automatic,1484,363,Second Hand,13.7,2000.0
Honda,Accord,2005,102972,Petrol,Manual,1839,130,Second Hand,23.5,2000.0
Mercedes-Benz,C-Class,1987,18328,Electric,Automatic,2519,689,Second Hand,17.0,2000.0
Rolls-Royce,Phantom,2010,24623,Hybrid,Automatic,2853,576,Second Hand,17.5,54016.48
Mahindra,Thar,2004,241910,Petrol,Manual,4385,679,Second Hand,19.9,2000.0
Mahindra,Thar,1993,241644,Petrol,Automatic,4240,622,Second Hand,13.3,2000.0
BMW,X3,1985,221781,Hybrid,Automatic,4819,649,Second Hand,27.1,2000.0
Ferrari,488,2011,0,Diesel,Manual,1516,111,Brand New,10.5,405643.15
Kia,Seltos,1998,0,Electric,Automatic,1724,174,Brand New,9.1,37763.98
Volkswagen,Polo,1990,0,Diesel,Manual,3029,356,Brand New,23.6,19478.69
Kia,Carnival,2017,0,Diesel,Manual,1382,561,Brand New,15.6,32395.5
Hyundai,Creta,2006,191235,Diesel,Automatic,3115,575,Second Hand,18.4,2000.0
Porsche,Macan,1999,95046,Petrol,Manual,3334,624,Second Hand,30.5,2000.0
Mercedes-Benz,E-Class,1995,0,Hybrid,Manual,3903,682,Brand New,10.2,45065.64
Porsche,Macan,1988,0,Hybrid,Manual,3474,436,Brand New,13.3,66836.31
Mahindra,XUV500,2013,166824,Hybrid,Manual,1208,191,Second Hand,12.3,2000.0
Hyundai,Creta,2017,216190,Petrol,Manual,1823,486,Second Hand,14.8,8097.71
Tata,Harrier,1989,0,Diesel,Manual,1950,481,Brand New,12.7,15555.34
Rolls-Royce,Ghost,1989,0,Petrol,Automatic,1736,507,Brand New,30.8,241403.44
Honda,Accord,1992,0,Hybrid,Manual,1047,180,Brand New,10.1,18327.2
Ferrari,488,2000,37718,Electric,Manual,2989,155,Second Hand,17.1,2000.0
Ford,Endeavour,1988,0,Petrol,Automatic,934,108,Brand New,18.6,30928.18
Kia,Sonet,2013,117944,Petrol,Automatic,4092,478,Second Hand,9.9,3266.47
Hyundai,i20,1998,161634,Petrol,Manual,3959,281,Second Hand,8.9,2000.0
Honda,City,2001,18868,Hybrid,Manual,823,392,Second Hand,24.3,2000.0
Tata,Safari,1992,0,Diesel,Manual,885,333,Brand New,20.3,38236.71
Lamborghini,Aventador,2024,164911,Hybrid,Automatic,1129,371,Second Hand,27.9,152533.38
Lamborghini,Aventador,1995,0,Hybrid,Manual,2831,304,Brand New,13.6,277220.19
Ford,Figo,2019,22183,Petrol,Manual,4246,469,Second Hand,27.9,12792.94
Hyundai,Verna,2019,0,Hybrid,Automatic,2557,538,Brand New,25.2,28960.77
Lamborghini,Aventador,2000,136598,Electric,Manual,4268,326,Second Hand,32.7,2000.0
McLaren,570S,1987,65465,Hybrid,Automatic,2352,380,Second Hand,24.9,2000.0
Ferrari,Roma,2002,0,Diesel,Automatic,3484,443,Brand New,20.3,115490.46
Porsche,Macan,2023,246175,Petrol,Manual,3708,671,Second Hand,27.2,35855.01
Hyundai,Verna,2007,0,Hybrid,Automatic,827,637,Brand New,8.2,42040.69
Rolls-Royce,Phantom,1987,230857,Petrol,Automatic,2676,620,Second Hand,10.2,2000.0
Honda,City,1987,0,Electric,Manual,1389,501,Brand New,17.1,33767.97
McLaren,570S,2013,164046,Hybrid,Automatic,801,621,Second Hand,11.4,176564.05
Audi,Q3,2011,0,Hybrid,Automatic,1144,187,Brand New,27.2,69577.01
Tata,Harrier,1991,77862,Diesel,Manual,4883,615,Second Hand,28.7,2000.0
Ford,Figo,2024,0,Petrol,Automatic,3895,602,Brand New,20.8,20811.27
Rolls-Royce,Phantom,2019,0,Petrol,Automatic,4681,226,Brand New,17.5,147344.72
Volvo,S60,2019,168177,Diesel,Automatic,1654,307,Second Hand,31.8,42986.17
Honda,Civic,2003,0,Diesel,Automatic,3641,284,Brand New,9.5,23823.12
Tata,Harrier,1998,189265,Electric,Automatic,2987,210,Second Hand,33.8,2000.0
Nissan,Kicks,1997,0,Petrol,Manual,2863,81,Brand New,21.2,39120.19
McLaren,720S,2003,43303,Petrol,Manual,1406,414,Second Hand,31.8,35277.32
McLaren,720S,1986,143820,Electric,Automatic,2124,108,Second Hand,33.0,2000.0
Hyundai,i20,1996,0,Hybrid,Manual,3403,567,Brand New,9.9,34076.75
Kia,Seltos,1986,202128,Diesel,Automatic,2294,277,Second Hand,24.8,2000.0
Hyundai,Elantra,2001,0,Diesel,Automatic,3679,119,Brand New,22.8,33063.64
Lamborghini,Huracan,2022,163732,Petrol,Manual,4960,287,Second Hand,20.1,148248.11
Land Rover,Discovery,2014,0,Electric,Automatic,1137,151,Brand New,16.9,90271.85
Honda,Civic,2008,0,Petrol,Automatic,2690,652,Brand New,14.7,34644.74
Rolls-Royce,Phantom,2010,245808,Electric,Automatic,2180,533,Second Hand,8.9,32699.81
Mercedes-Benz,C-Class,2008,0,Petrol,Automatic,1831,113,Brand New,16.2,77353.8
Volvo,XC40,2005,69742,Hybrid,Manual,3564,76,Second Hand,9.5,2000.0
Honda,CRV,2022,0,Petrol,Manual,2878,385,Brand New,22.8,21038.46
McLaren,570S,2003,236253,Hybrid,Manual,1459,396,Second Hand,16.4,2000.0
Mahindra,Thar,1993,0,Electric,Automatic,3787,192,Brand New,8.1,42953.68
Tesla,Model X,2021,126955,Diesel,Automatic,4776,698,Second Hand,25.4,278093.16
Nissan,Micra,2020,0,Electric,Manual,1208,361,Brand New,14.0,10985.39
Toyota,Camry,2019,23313,Hybrid,Automatic,1465,134,Second Hand,33.9,20776.45
Tata,Safari,2018,0,Electric,Manual,1237,620,Brand New,24.3,36904.89
Toyota,Fortuner,1986,155855,Diesel,Manual,4726,563,Second Hand,21.7,2000.0
Porsche,911,2023,0,Petrol,Manual,1348,201,Brand New,32.3,79873.79
Mahindra,XUV500,2004,0,Petrol,Automatic,2213,635,Brand New,12.8,34855.01
Porsche,Cayenne,2003,106040,Hybrid,Manual,4171,473,Second Hand,16.3,18257.84
BMW,X5,1989,0,Petrol,Automatic,2116,691,Brand New,16.2,90455.71
McLaren,720S,2007,0,Electric,Manual,1856,650,Brand New,8.2,331088.55
Kia,Seltos,2015,233114,Diesel,Manual,4583,386,Second Hand,29.8,2000.0
Tata,Safari,2003,23164,Electric,Manual,4153,581,Second Hand,18.3,2803.72
Audi,Q5,2012,0,Hybrid,Manual,2525,238,Brand New,20.6,88058.16
Rolls-Royce,Phantom,2001,0,Electric,Automatic,1598,653,Brand New,8.5,293697.09
McLaren,720S,1989,0,Petrol,Manual,1705,634,Brand New,31.2,135032.83
Rolls-Royce,Phantom,2017,178031,Electric,Manual,3752,460,Second Hand,21.2,136722.78
Audi,A4,2014,32382,Petrol,Manual,1711,199,Second Hand,30.0,40223.18
Lamborghini,Huracan,1997,118530,Petrol,Automatic,3362,501,Second Hand,34.9,2000.0
Nissan,Magnite,2023,0,Diesel,Automatic,3651,63,Brand New,28.9,29813.22
Land Rover,Range Rover,1989,188862,Hybrid,Manual,4996,382,Second Hand,32.4,2000.0
Lamborghini,Aventador,2021,0,Diesel,Automatic,1094,619,Brand New,27.9,120677.53
Volkswagen,Passat,1998,0,Petrol,Automatic,2180,586,Brand New,17.9,27473.76
Ferrari,Roma,2020,0,Hybrid,Automatic,3648,370,Brand New,16.9,139960.25
Honda,CRV,2001,0,Petrol,Manual,1353,606,Brand New,22.8,34875.7
Tata,Harrier,1991,173014,Petrol,Manual,4035,500,Second Hand,21.7,2000.0
BMW,X5,2010,158878,Electric,Automatic,2544,634,Second Hand,25.3,2320.66
Volkswagen,Passat,2017,105697,Petrol,Automatic,2851,239,Second Hand,9.3,3904.78
Tesla,Model X,1989,0,Electric,Manual,1531,151,Brand New,23.2,127161.15
Ford,Mustang,2015,67159,Petrol,Manual,4329,199,Second Hand,11.7,8850.54
Mahindra,Thar,2001,206826,Petrol,Automatic,2821,203,Second Hand,16.3,2000.0
Kia,Seltos,2000,238301,Electric,Automatic,2129,647,Second Hand,27.7,2000.0
Tata,Nexon,2000,146583,Hybrid,Manual,2147,60,Second Hand,15.4,2000.0
McLaren,720S,2009,248263,Electric,Automatic,926,416,Second Hand,31.4,25799.79
Hyundai,i20,2018,0,Petrol,Manual,3044,400,Brand New,13.4,23841.03
Tata,Nexon,2016,0,Electric,Automatic,3057,271,Brand New,33.9,32785.16
Mercedes-Benz,E-Class,1998,0,Hybrid,Manual,1896,658,Brand New,32.9,55996.99
Land Rover,Range Rover,2016,0,Petrol,Manual,3388,516,Brand New,10.7,115388.13
Porsche,911,1990,0,Electric,Manual,2970,361,Brand New,14.9,87353.24
Toyota,Fortuner,1991,75997,Hybrid,Automatic,4632,384,Second Hand,12.2,2000.0
McLaren,570S,2024,0,Electric,Automatic,4091,660,Brand New,8.9,333126.81
Porsche,911,2019,248154,Hybrid,Manual,4792,657,Second Hand,28.9,37327.69
Nissan,Kicks,2018,0,Hybrid,Manual,4961,280,Brand New,29.9,19657.98
Hyundai,Elantra,2019,0,Electric,Manual,4705,246,Brand New,13.9,34627.0
Volvo,XC60,2002,0,Electric,Automatic,1737,284,Brand New,33.5,75535.77
Honda,CRV,2000,42957,Diesel,Automatic,988,568,Second Hand,12.5,2000.0
Volkswagen,Polo,1999,180569,Diesel,Automatic,1924,320,Second Hand,14.7,2000.0
Ford,Mustang,2020,194065,Hybrid,Automatic,1241,355,Second Hand,27.6,24128.16
Kia,Sonet,2017,42219,Hybrid,Automatic,2879,135,Second Hand,24.2,4514.1
Hyundai,Elantra,2023,114875,Hybrid,Automatic,3107,118,Second Hand,30.6,26498.84
BMW,3 Series,2008,240407,Diesel,Manual,4679,72,Second Hand,12.8,23700.43
McLaren,570S,1996,208572,Hybrid,Automatic,1276,248,Second Hand,32.1,9568.62
McLaren,570S,1986,0,Petrol,Manual,4150,213,Brand New,24.4,395404.38
Mahindra,Thar,1996,0,Petrol,Automatic,1895,486,Brand New,33.9,11824.39
Tesla,Model Y,1999,51527,Diesel,Manual,2804,516,Second Hand,10.5,25672.7
Toyota,Fortuner,2005,217279,Electric,Manual,1041,318,Second Hand,26.3,2000.0
Kia,Sonet,2023,0,Hybrid,Manual,1429,370,Brand New,27.8,15019.72
McLaren,720S,2003,0,Hybrid,Automatic,3461,97,Brand New,26.2,178758.42
Tesla,Model S,1993,0,Electric,Manual,3889,353,Brand New,8.2,188863.58
Audi,A4,1995,145024,Hybrid,Automatic,1652,415,Second Hand,10.2,2000.0
Honda,City,2003,0,Diesel,Automatic,2695,127,Brand New,33.4,39428.67
Ford,Mustang,1998,0,Diesel,Manual,2228,254,Brand New,23.6,20213.36
Rolls-Royce,Ghost,2012,0,Hybrid,Manual,2723,325,Brand New,21.0,393968.77
Volvo,XC40,2010,0,Diesel,Manual,3633,601,Brand New,25.3,73259.42
Volvo,XC40,2010,0,Hybrid,Manual,3309,316,Brand New,31.0,80667.21
Tesla,Model 3,1996,0,Diesel,Automatic,4494,698,Brand New,17.7,221828.64
Hyundai,Elantra,2019,0,Hybrid,Automatic,4014,190,Brand New,19.2,25780.54
Honda,Civic,2014,169805,Diesel,Manual,2956,120,Second Hand,30.6,9678.31
Volkswagen,Polo,1989,0,Diesel,Manual,1682,494,Brand New,24.8,22165.28
Audi,Q5,2007,185427,Electric,Manual,2359,80,Second Hand,16.6,2000.0
Tesla,Model Y,2013,0,Diesel,Manual,3979,414,Brand New,26.0,373358.35
Rolls-Royce,Ghost,1989,0,Hybrid,Manual,3814,700,Brand New,34.0,151529.37
Honda,City,2017,51705,Hybrid,Manual,3215,607,Second Hand,18.5,17500.85
Land Rover,Range Rover,2021,0,Hybrid,Automatic,4713,456,Brand New,22.0,67049.38
Porsche,911,2008,95309,Electric,Manual,2497,594,Second Hand,20.2,5442.59
Land Rover,Discovery,2013,0,Diesel,Automatic,1084,363,Brand New,28.9,45021.97
Lamborghini,Huracan,2013,0,Hybrid,Automatic,4102,81,Brand New,11.5,122538.96
Volvo,S60,2014,0,Petrol,Manual,1115,675,Brand New,25.4,47198.96
Nissan,Magnite,1996,160383,Hybrid,Manual,1685,230,Second Hand,10.9,2000.0
Volvo,S60,2022,0,Petrol,Manual,1189,646,Brand New,23.7,55102.47
Land Rover,Range Rover,2009,47220,Diesel,Automatic,1167,277,Second Hand,27.0,25714.47
Rolls-Royce,Ghost,1987,166108,Electric,Manual,2639,421,Second Hand,19.0,2000.0
Audi,Q5,2000,0,Diesel,Automatic,1279,157,Brand New,22.4,95399.34
Hyundai,Creta,1996,0,Hybrid,Manual,1664,414,Brand New,18.8,31629.71
Mercedes-Benz,C-Class,2006,0,Petrol,Automatic,3408,610,Brand New,29.3,86161.88
Nissan,Micra,1986,71720,Diesel,Automatic,3837,257,Second Hand,27.1,2000.0
Volkswagen,Polo,1990,0,Electric,Manual,3985,159,Brand New,19.1,41208.75
Volkswagen,Passat,2014,0,Diesel,Automatic,2348,543,Brand New,17.1,42660.41
Porsche,Cayenne,1987,0,Hybrid,Manual,2912,639,Brand New,9.0,108671.18
Land Rover,Discovery,2021,0,Hybrid,Manual,3082,502,Brand New,14.9,67619.29
Toyota,RAV4,1996,37427,Electric,Automatic,4388,68,Second Hand,31.1,2000.0
Audi,Q5,2016,0,Hybrid,Manual,4364,534,Brand New,31.9,55178.34
Lamborghini,Aventador,1986,0,Hybrid,Automatic,1099,481,Brand New,31.9,348863.91
Lamborghini,Huracan,1988,0,Hybrid,Manual,2381,331,Brand New,27.1,409052.22
Rolls-Royce,Phantom,2021,0,Diesel,Manual,1239,660,Brand New,24.2,348875.52
Rolls-Royce,Phantom,2012,0,Diesel,Manual,1370,699,Brand New,20.3,329630.46
Volvo,XC60,2018,55433,Petrol,Automatic,909,260,Second Hand,30.7,29287.76
Tesla,Model Y,1991,148595,Hybrid,Automatic,4944,491,Second Hand,17.7,2000.0
Ferrari,488,2006,0,Petrol,Automatic,2829,150,Brand New,26.3,275998.65
Porsche,Cayenne,2012,235119,Petrol,Manual,4609,460,Second Hand,14.8,38142.77
Tata,Safari,1995,83908,Hybrid,Manual,3398,636,Second Hand,10.4,2000.0
Ferrari,488,1995,0,Hybrid,Manual,1836,417,Brand New,11.1,230538.29
Ford,Mustang,2006,0,Petrol,Manual,2121,100,Brand New,26.7,22500.52
Hyundai,Elantra,1991,0,Petrol,Automatic,4991,247,Brand New,24.5,11598.14
Hyundai,Elantra,2008,70543,Hybrid,Manual,3284,336,Second Hand,26.2,5092.27
Volvo,XC40,2013,16593,Electric,Manual,2006,614,Second Hand,23.2,27350.17
BMW,X5,2006,0,Electric,Automatic,2253,67,Brand New,32.7,89471.96
Lamborghini,Aventador,1991,141753,Electric,Manual,1340,502,Second Hand,11.4,2000.0
Porsche,911,1993,176322,Electric,Automatic,4298,487,Second Hand,8.9,2000.0
Mahindra,Scorpio,1988,0,Petrol,Manual,4552,113,Brand New,13.4,28016.44
Volkswagen,Vento,2005,195448,Electric,Automatic,3148,507,Second Hand,17.9,2000.0
Tata,Safari,1986,0,Hybrid,Automatic,3119,544,Brand New,31.6,30268.23
Land Rover,Range Rover,2007,0,Electric,Manual,2572,632,Brand New,23.5,68890.53
Tata,Nexon,1991,51205,Diesel,Automatic,2756,418,Second Hand,15.8,2000.0
Toyota,RAV4,2005,128330,Hybrid,Automatic,4704,298,Second Hand,13.7,2000.0
Rolls-Royce,Ghost,2011,0,Petrol,Automatic,2340,219,Brand New,10.4,347097.08
Mahindra,Scorpio,1990,0,Electric,Automatic,4018,258,Brand New,26.8,37134.15
Tesla,Model X,2002,28903,Hybrid,Manual,3751,187,Second Hand,27.6,2000.0
Porsche,911,2015,0,Electric,Automatic,3547,466,Brand New,13.2,41614.37
Volvo,S60,2001,0,Electric,Manual,3085,264,Brand New,22.7,65075.23
Toyota,Camry,2003,99424,Petrol,Automatic,3849,323,Second Hand,18.4,2732.47
Mahindra,XUV500,2003,0,Diesel,Manual,1668,677,Brand New,11.7,30132.57
Volkswagen,Vento,2004,41024,Hybrid,Manual,2090,643,Second Hand,17.7,3548.87
Lamborghini,Aventador,2009,0,Petrol,Automatic,3360,165,Brand New,17.1,177028.56
Honda,Civic,1988,0,Hybrid,Manual,3680,520,Brand New,26.6,34966.91
Ferrari,Roma,1989,164157,Diesel,Automatic,2058,309,Second Hand,23.9,2000.0
Honda,City,2002,0,Electric,Manual,4785,259,Brand New,19.9,19141.22
Mercedes-Benz,GLA,2008,0,Hybrid,Manual,2986,497,Brand New,8.6,54046.06
Volkswagen,Polo,2008,119046,Electric,Automatic,3286,349,Second Hand,19.7,2000.0
Mercedes-Benz,C-Class,2015,0,Electric,Manual,2864,603,Brand New,12.8,94841.94
Tesla,Model S,1998,0,Diesel,Manual,1293,166,Brand New,18.4,331497.1
Volvo,XC40,1985,175395,Diesel,Manual,4225,307,Second Hand,9.3,2000.0
Tesla,Model S,1997,0,Hybrid,Manual,1313,183,Brand New,29.2,373804.71
BMW,X5,2003,156541,Petrol,Automatic,3146,343,Second Hand,24.2,12402.12
Tesla,Model 3,2008,0,Hybrid,Automatic,4804,189,Brand New,8.6,429322.28
Honda,CRV,2024,245129,Hybrid,Automatic,2800,468,Second Hand,14.5,14140.67
Land Rover,Range Rover,2024,0,Electric,Manual,3018,62,Brand New,20.8,50065.55
Volvo,XC60,2018,237439,Hybrid,Manual,1792,568,Second Hand,27.6,25303.74
Rolls-Royce,Phantom,2004,0,Diesel,Automatic,3074,658,Brand New,20.8,371004.45
Toyota,Fortuner,2019,0,Diesel,Automatic,4983,658,Brand New,17.0,21392.03
Ford,Mustang,2007,0,Diesel,Automatic,2604,396,Brand New,16.4,27246.57
Lamborghini,Huracan,1985,0,Hybrid,Automatic,4884,494,Brand New,15.1,260795.52
Honda,Civic,1991,174940,Petrol,Manual,1934,134,Second Hand,11.1,2000.0
BMW,X5,2019,0,Electric,Automatic,1679,361,Brand New,28.1,66202.57
Mercedes-Benz,GLC,2006,0,Petrol,Automatic,2087,99,Brand New,21.5,57178.79
Kia,Seltos,1992,133263,Electric,Manual,4970,249,Second Hand,13.5,2000.0
Ferrari,Roma,2022,53345,Electric,Manual,3931,316,Second Hand,18.4,93436.84
Tesla,Model 3,1996,247421,Hybrid,Manual,1235,339,Second Hand,27.5,2000.0
Hyundai,Elantra,1992,0,Diesel,Manual,3161,484,Brand New,30.8,29886.51
Ferrari,488,2015,122350,Hybrid,Automatic,3046,650,Second Hand,23.3,150081.58
Tesla,Model 3,2008,0,Petrol,Manual,3982,79,Brand New,8.0,244007.73
Volkswagen,Passat,2013,0,Petrol,Manual,4805,600,Brand New,31.8,31907.18
BMW,5 Series,2006,120906,Diesel,Automatic,1860,608,Second Hand,15.1,26612.51
Rolls-Royce,Phantom,2014,28126,Diesel,Manual,2018,81,Second Hand,30.0,93945.87
BMW,X5,1999,0,Petrol,Automatic,2558,341,Brand New,19.6,76176.25
BMW,5 Series,1994,0,Electric,Automatic,2323,209,Brand New,20.5,77056.19
Rolls-Royce,Phantom,2024,0,Hybrid,Automatic,4826,469,Brand New,14.6,143498.75
Lamborghini,Aventador,2003,182780,Diesel,Automatic,3499,476,Second Hand,34.1,2000.0
Volkswagen,Passat,1989,0,Petrol,Manual,2622,64,Brand New,20.9,15668.39
Land Rover,Discovery,1994,0,Petrol,Manual,1686,306,Brand New,10.4,64698.64
BMW,5 Series,2012,230649,Electric,Automatic,4982,212,Second Hand,11.2,4733.94
Ford,Mustang,2003,247307,Petrol,Automatic,2926,300,Second Hand,9.2,2000.0
McLaren,720S,2005,153041,Hybrid,Manual,3489,281,Second Hand,8.3,38013.77
Tata,Nexon,2001,9436,Electric,Manual,1415,368,Second Hand,16.9,2000.0
Ford,Figo,1987,145765,Hybrid,Automatic,1681,102,Second Hand,22.4,2000.0
Mercedes-Benz,GLC,1989,229870,Petrol,Automatic,3270,312,Second Hand,19.2,2000.0
Ford,Figo,1997,17888,Hybrid,Automatic,1081,545,Second Hand,11.3,2000.0
Audi,A4,2014,149990,Electric,Automatic,2523,426,Second Hand,22.1,19160.84
Volkswagen,Passat,2005,0,Hybrid,Automatic,1863,499,Brand New,10.4,8665.97
Land Rover,Range Rover,2018,200545,Petrol,Automatic,4759,594,Second Hand,31.8,21433.5
McLaren,570S,2016,0,Hybrid,Manual,3575,520,Brand New,28.6,324192.85
Kia,Sonet,1993,138079,Electric,Automatic,2429,559,Second Hand,30.0,2000.0
Tesla,Model 3,2022,0,Petrol,Manual,1361,679,Brand New,22.7,197531.93
Volkswagen,Polo,2022,158180,Hybrid,Automatic,2976,381,Second Hand,21.2,16272.36
Lamborghini,Huracan,2016,0,Hybrid,Automatic,1556,247,Brand New,32.6,390676.93
Ferrari,488,1998,0,Electric,Manual,2011,154,Brand New,34.0,119400.15
Honda,CRV,2024,203919,Electric,Automatic,4577,294,Second Hand,31.1,9087.41
Toyota,Camry,2002,0,Petrol,Automatic,1359,668,Brand New,10.6,19299.04
Land Rover,Discovery,2020,0,Petrol,Automatic,4715,386,Brand New,26.8,66104.43
Porsche,Cayenne,1988,0,Petrol,Manual,4501,591,Brand New,20.5,64836.19
McLaren,570S,1993,0,Diesel,Manual,1829,429,Brand New,28.0,216931.16
Porsche,Macan,1994,9661,Electric,Manual,4812,489,Second Hand,14.6,2000.0
Mercedes-Benz,C-Class,2019,0,Diesel,Automatic,2814,366,Brand New,28.7,81520.25
Tata,Safari,2016,0,Electric,Manual,2560,151,Brand New,25.0,29822.28
Lamborghini,Huracan,2005,242697,Petrol,Automatic,3652,98,Second Hand,22.6,2000.0
Volvo,XC60,1989,0,Petrol,Manual,1643,549,Brand New,25.0,97141.94
Audi,A6,2013,160423,Electric,Manual,2459,368,Second Hand,18.5,39851.54
Audi,Q3,1991,56948,Electric,Automatic,3892,184,Second Hand,14.4,2000.0
Rolls-Royce,Phantom,2020,235050,Electric,Manual,2972,67,Second Hand,34.4,263921.9
Rolls-Royce,Phantom,2011,173974,Diesel,Manual,4713,217,Second Hand,21.0,42583.27
Tata,Safari,2000,6768,Diesel,Automatic,4370,349,Second Hand,11.4,2000.0
BMW,5 Series,1988,0,Hybrid,Manual,1908,153,Brand New,15.1,81426.11
Volkswagen,Passat,2005,0,Diesel,Automatic,4047,528,Brand New,32.0,26809.08
Mercedes-Benz,C-Class,1996,90095,Diesel,Automatic,3500,232,Second Hand,19.8,2000.0
BMW,5 Series,1987,8105,Hybrid,Automatic,4917,582,Second Hand,11.5,2000.0
Land Rover,Range Rover,1986,200644,Diesel,Automatic,3205,366,Second Hand,25.3,2000.0
Tata,Harrier,2007,60908,Petrol,Automatic,4705,378,Second Hand,24.4,2000.0
Mahindra,Scorpio,2005,0,Diesel,Automatic,1431,510,Brand New,15.3,33741.87
Mahindra,Scorpio,1997,0,Petrol,Automatic,4762,568,Brand New,20.2,25913.09
Lamborghini,Huracan,2022,169510,Electric,Manual,2961,79,Second Hand,32.1,250462.73
Tesla,Model 3,2023,197258,Electric,Manual,2238,73,Second Hand,19.7,86119.57
Honda,CRV,1988,132374,Diesel,Automatic,4776,166,Second Hand,15.6,2000.0
Ferrari,488,2010,148825,Electric,Manual,3963,298,Second Hand,11.6,152926.32
Tesla,Model 3,2013,208736,Electric,Automatic,4147,321,Second Hand,24.1,118852.0
Tesla,Model Y,1998,52221,Diesel,Automatic,2228,82,Second Hand,27.5,2000.0
Mahindra,Scorpio,2000,24650,Electric,Automatic,1403,644,Second Hand,12.0,2000.0
Honda,CRV,2009,104679,Petrol,Automatic,3758,264,Second Hand,21.0,2000.0
Ferrari,Roma,1998,217420,Petrol,Manual,3107,429,Second Hand,8.1,2000.0
Land Rover,Range Rover,1996,226990,Petrol,Automatic,3839,584,Second Hand,23.4,2000.0
Honda,Accord,2014,168477,Hybrid,Manual,2579,210,Second Hand,19.4,2000.0
Porsche,Macan,2008,117422,Hybrid,Manual,1065,557,Second Hand,14.0,2000.0
Kia,Sonet,2001,58238,Hybrid,Manual,4067,186,Second Hand,20.9,6997.84
Rolls-Royce,Ghost,1991,129794,Petrol,Manual,2859,352,Second Hand,12.8,2000.0
Tesla,Model Y,2015,29181,Diesel,Automatic,1243,182,Second Hand,23.9,229589.77
Toyota,Camry,1998,0,Diesel,Automatic,2123,553,Brand New,20.5,13887.16
Tesla,Model S,2013,148839,Diesel,Manual,4718,100,Second Hand,22.3,142701.03
Honda,Accord,2021,0,Hybrid,Automatic,3127,359,Brand New,24.0,37791.76
Ferrari,Roma,2014,28750,Electric,Automatic,3959,73,Second Hand,29.8,178131.3
Rolls-Royce,Phantom,1994,0,Hybrid,Automatic,4946,483,Brand New,8.8,199273.64
Tata,Harrier,2004,122080,Diesel,Automatic,1682,672,Second Hand,27.1,2000.0
Tata,Harrier,1986,172529,Electric,Manual,4502,378,Second Hand,30.5,2000.0
Honda,CRV,2005,0,Hybrid,Manual,1900,335,Brand New,16.6,10297.32
Ford,Mustang,1996,0,Electric,Automatic,2866,667,Brand New,14.1,18141.94
Honda,City,2024,0,Petrol,Automatic,4094,575,Brand New,14.7,24226.84
Lamborghini,Aventador,2001,0,Petrol,Manual,3755,409,Brand New,26.2,292242.35
BMW,5 Series,1993,242619,Petrol,Manual,3725,456,Second Hand,17.5,2000.0
Mahindra,XUV500,2013,9210,Petrol,Automatic,3312,371,Second Hand,28.0,6899.47
Mercedes-Benz,C-Class,2019,6448,Petrol,Automatic,2386,407,Second Hand,19.4,57241.33
Audi,A4,1985,117197,Electric,Automatic,4966,275,Second Hand,11.0,2000.0
Tesla,Model Y,1989,0,Hybrid,Automatic,2068,488,Brand New,26.5,210218.36
Toyota,Fortuner,2011,147645,Petrol,Manual,4559,244,Second Hand,15.6,2000.0
Mahindra,Thar,1998,147826,Hybrid,Automatic,4725,76,Second Hand,31.4,2000.0
Ford,Figo,2000,0,Petrol,Automatic,2081,429,Brand New,11.0,32207.18
Tata,Safari,2012,0,Electric,Automatic,4145,202,Brand New,31.6,26631.34
McLaren,720S,1986,0,Diesel,Automatic,4893,467,Brand New,14.4,372883.61
Volkswagen,Vento,1990,0,Hybrid,Manual,1452,69,Brand New,20.8,24263.51
Kia,Sonet,2018,248778,Electric,Manual,2667,439,Second Hand,8.5,3850.95
Mercedes-Benz,GLA,2012,82250,Electric,Automatic,1953,666,Second Hand,26.3,17729.37
Volvo,XC60,2002,0,Electric,Manual,1396,389,Brand New,18.5,103777.26
McLaren,720S,2001,90891,Diesel,Automatic,3546,574,Second Hand,33.3,2000.0
Honda,Civic,2019,0,Petrol,Manual,2134,401,Brand New,22.7,21505.45
Nissan,Magnite,2019,0,Hybrid,Manual,2719,426,Brand New,20.5,18660.72
Honda,Accord,2004,0,Petrol,Manual,2773,688,Brand New,14.1,24411.56
Land Rover,Discovery,1997,0,Petrol,Manual,4965,316,Brand New,8.0,113515.95
Hyundai,Creta,1992,0,Petrol,Manual,3694,565,Brand New,33.9,10754.92
Rolls-Royce,Phantom,2022,0,Diesel,Automatic,2305,309,Brand New,25.5,336369.08
Lamborghini,Aventador,1994,0,Petrol,Automatic,1625,97,Brand New,13.7,332525.69
Land Rover,Discovery,1985,77988,Electric,Manual,4016,429,Second Hand,9.6,2000.0
Toyota,Corolla,2012,141112,Petrol,Automatic,1325,500,Second Hand,20.3,2000.0
Porsche,Cayenne,1985,131952,Diesel,Manual,4626,167,Second Hand,10.3,2000.0
Ferrari,488,2004,0,Hybrid,Automatic,3280,571,Brand New,33.0,141683.24
BMW,X5,2022,0,Petrol,Manual,1901,675,Brand New,34.3,103023.79
Ford,Endeavour,2023,202391,Petrol,Automatic,1553,682,Second Hand,18.9,21977.57
Land Rover,Discovery,2024,0,Diesel,Manual,2214,688,Brand New,13.3,94085.1
Ford,Mustang,1996,0,Diesel,Automatic,2469,557,Brand New,21.8,23090.36
Honda,Accord,2020,233064,Hybrid,Automatic,3405,297,Second Hand,29.7,14055.0
Kia,Sonet,2022,0,Hybrid,Automatic,4803,191,Brand New,22.2,13584.48
Hyundai,Verna,2011,0,Hybrid,Manual,1105,383,Brand New,19.5,11057.54
Volkswagen,Passat,1989,0,Electric,Manual,4588,294,Brand New,28.9,39593.56
Rolls-Royce,Ghost,1988,0,Diesel,Manual,2987,412,Brand New,27.5,388661.01
Volkswagen,Polo,1990,0,Electric,Manual,1599,141,Brand New,12.1,13992.92
Volkswagen,Vento,2018,68631,Diesel,Automatic,4177,238,Second Hand,19.1,4866.94
Lamborghini,Aventador,2018,0,Electric,Manual,4132,225,Brand New,31.8,369276.89
Ferrari,Roma,2017,138354,Diesel,Manual,4003,307,Second Hand,13.4,149021.75
Porsche,Macan,1992,108921,Petrol,Automatic,3878,281,Second Hand,34.7,2000.0
Porsche,911,2023,0,Diesel,Automatic,3378,380,Brand New,24.8,86829.63
McLaren,570S,2012,0,Electric,Automatic,2117,607,Brand New,9.6,335480.53
Mercedes-Benz,E-Class,1997,213326,Electric,Automatic,2441,622,Second Hand,9.3,2000.0
Volvo,XC40,2024,32410,Diesel,Automatic,2994,408,Second Hand,9.3,55209.37
Hyundai,Elantra,2018,0,Petrol,Automatic,1932,607,Brand New,34.2,33811.84
Tesla,Model Y,2023,172488,Diesel,Manual,1366,627,Second Hand,32.9,134631.41
McLaren,570S,2022,178278,Electric,Automatic,3701,222,Second Hand,31.9,226477.8
Rolls-Royce,Phantom,2001,111205,Petrol,Manual,3895,106,Second Hand,32.2,2000.0
Nissan,Kicks,2021,137229,Electric,Manual,3129,386,Second Hand,28.8,5433.74
Tesla,Model 3,1990,215885,Hybrid,Automatic,4412,660,Second Hand,26.5,2000.0
Toyota,Fortuner,2013,0,Diesel,Manual,3610,493,Brand New,25.0,33695.23
Tesla,Model S,2013,44863,Electric,Manual,1129,600,Second Hand,22.8,176658.17
BMW,3 Series,2023,115164,Hybrid,Manual,3084,694,Second Hand,29.0,78211.09
Honda,CRV,2022,0,Diesel,Automatic,1868,82,Brand New,10.0,32469.97
Tata,Harrier,1987,101622,Petrol,Automatic,4352,267,Second Hand,19.8,2000.0
Lamborghini,Aventador,2006,0,Electric,Automatic,3973,282,Brand New,12.6,203786.63
Kia,Sonet,1992,0,Hybrid,Manual,4406,270,Brand New,18.3,28067.51
Honda,CRV,1994,246216,Petrol,Automatic,1429,695,Second Hand,11.3,2000.0
Mercedes-Benz,E-Class,1987,70977,Diesel,Manual,1755,612,Second Hand,31.0,2000.0
Mercedes-Benz,GLC,1999,29801,Petrol,Automatic,3159,329,Second Hand,15.3,2000.0
Rolls-Royce,Phantom,2018,0,Electric,Automatic,2129,509,Brand New,18.0,248148.91
Ford,Mustang,2022,0,Hybrid,Automatic,2685,392,Brand New,14.9,26260.23
Honda,City,2024,45544,Petrol,Manual,1550,156,Second Hand,26.6,17536.43
McLaren,720S,1990,0,Petrol,Manual,2415,240,Brand New,11.1,378873.98
Lamborghini,Huracan,2016,107698,Diesel,Automatic,1694,172,Second Hand,16.8,164485.63
Lamborghini,Huracan,2002,0,Hybrid,Manual,2563,66,Brand New,8.8,296397.45
Nissan,Kicks,2014,58081,Petrol,Manual,2066,320,Second Hand,25.6,12289.91
Mahindra,Scorpio,2017,0,Diesel,Manual,4089,645,Brand New,20.9,12099.72
Mercedes-Benz,GLA,2020,0,Electric,Manual,952,687,Brand New,13.7,98079.26
Audi,A4,2020,0,Hybrid,Manual,1153,600,Brand New,32.9,82458.93
Honda,CRV,1988,0,Hybrid,Automatic,4239,214,Brand New,20.0,44571.1
Rolls-Royce,Phantom,2004,0,Diesel,Automatic,2802,517,Brand New,33.7,192813.64
Audi,Q5,1988,0,Electric,Manual,4973,169,Brand New,9.0,90407.64
Hyundai,Elantra,2007,0,Diesel,Automatic,3624,293,Brand New,19.3,25618.63
Volkswagen,Vento,2003,0,Petrol,Automatic,1748,386,Brand New,32.9,35291.52
Land Rover,Discovery,2003,0,Hybrid,Automatic,4784,192,Brand New,13.3,60039.89
Kia,Carnival,2016,0,Hybrid,Automatic,2047,625,Brand New,9.2,33838.92
Rolls-Royce,Ghost,2006,0,Electric,Automatic,3671,645,Brand New,19.4,266012.36
Volkswagen,Passat,2016,0,Electric,Automatic,3358,415,Brand New,24.1,32096.69
Land Rover,Discovery,2006,244305,Diesel,Automatic,2262,666,Second Hand,30.7,5421.12
BMW,X5,2008,0,Diesel,Automatic,4491,679,Brand New,15.5,101140.98
Ford,Figo,1987,0,Petrol,Automatic,851,420,Brand New,17.4,15592.01
Audi,Q3,1998,92604,Hybrid,Automatic,4257,65,Second Hand,31.5,2000.0
BMW,X5,2004,109708,Electric,Automatic,1084,616,Second Hand,20.7,2000.0
Volvo,XC60,2021,75565,Petrol,Automatic,3721,514,Second Hand,20.5,65842.64
Nissan,Micra,1991,75534,Petrol,Automatic,2450,501,Second Hand,31.6,2000.0
Volvo,XC60,2015,85160,Hybrid,Automatic,2293,523,Second Hand,12.9,13944.99
Mahindra,Scorpio,2022,0,Hybrid,Manual,2754,209,Brand New,24.5,25279.26
Toyota,Fortuner,2007,0,Diesel,Manual,3851,412,Brand New,18.2,26076.19
Nissan,Kicks,2018,0,Petrol,Automatic,1077,369,Brand New,12.4,21729.42
Land Rover,Discovery,1996,197818,Hybrid,Manual,2172,559,Second Hand,26.3,2000.0
Mahindra,Scorpio,2016,0,Electric,Manual,3048,647,Brand New,24.2,16771.54
Honda,Civic,2017,0,Diesel,Automatic,1474,467,Brand New,21.5,32325.73
Mercedes-Benz,GLA,1993,0,Electric,Manual,2294,186,Brand New,13.0,54532.99
Kia,Carnival,2003,135613,Diesel,Automatic,3755,376,Second Hand,11.6,2000.0
McLaren,720S,2017,174227,Electric,Manual,4776,602,Second Hand,13.5,158367.06
Mercedes-Benz,GLC,1989,0,Diesel,Manual,986,482,Brand New,22.6,60519.47
Toyota,Fortuner,2012,159035,Hybrid,Manual,3243,119,Second Hand,33.0,5359.88
BMW,X3,1987,0,Hybrid,Automatic,4624,226,Brand New,15.5,79759.84
Honda,Civic,1988,0,Petrol,Automatic,1424,152,Brand New,26.3,42353.91
Volvo,S60,2008,0,Electric,Automatic,2432,434,Brand New,32.4,71690.7
Nissan,Magnite,2015,0,Hybrid,Manual,4964,405,Brand New,32.7,25943.32
Toyota,Fortuner,1992,150757,Diesel,Automatic,3148,665,Second Hand,13.6,2000.0
Volkswagen,Vento,2021,103713,Diesel,Manual,2273,256,Second Hand,11.5,26321.94
Tata,Safari,2022,0,Diesel,Automatic,4280,161,Brand New,28.0,12648.49
Audi,A4,2009,0,Electric,Automatic,2468,609,Brand New,22.4,61018.19
Ferrari,488,2017,0,Diesel,Manual,3654,402,Brand New,10.0,265490.09
Kia,Sonet,2003,124313,Petrol,Automatic,1437,226,Second Hand,31.4,2000.0
Mercedes-Benz,C-Class,1989,0,Petrol,Manual,2130,227,Brand New,12.5,107834.4
Land Rover,Discovery,2016,68609,Electric,Automatic,4003,684,Second Hand,27.1,17461.85
Audi,A4,2012,0,Electric,Automatic,4413,85,Brand New,11.5,102981.28
Nissan,Kicks,2019,0,Hybrid,Manual,4294,222,Brand New,30.8,31182.6
Volkswagen,Polo,2013,0,Electric,Automatic,2191,607,Brand New,33.4,35262.46
Ford,Endeavour,1997,130857,Hybrid,Automatic,3072,323,Second Hand,10.9,2000.0
Nissan,Magnite,2019,0,Diesel,Manual,2861,95,Brand New,23.6,23932.03
Ferrari,Roma,2013,138051,Diesel,Automatic,4042,191,Second Hand,25.0,66197.12
Honda,City,1996,99649,Petrol,Automatic,3598,547,Second Hand,22.5,2000.0
Tata,Safari,2020,148138,Petrol,Manual,3551,196,Second Hand,32.8,9637.84
Volvo,XC40,2021,0,Diesel,Manual,843,530,Brand New,28.9,67434.38
Nissan,Kicks,2024,162193,Petrol,Manual,1809,317,Second Hand,22.7,4185.4
Tesla,Model S,2003,0,Diesel,Manual,3699,454,Brand New,31.6,246435.44
Volvo,S60,2001,0,Petrol,Automatic,3818,593,Brand New,8.4,68495.07
Rolls-Royce,Ghost,2003,95953,Petrol,Automatic,1713,540,Second Hand,31.4,63101.91
Porsche,Macan,1999,0,Electric,Automatic,2384,173,Brand New,29.6,70011.98
Honda,City,1990,0,Diesel,Automatic,3327,160,Brand New,15.1,21149.51
BMW,5 Series,2016,238934,Electric,Automatic,3238,357,Second Hand,9.4,21892.29
Kia,Sonet,1993,131438,Electric,Manual,2679,533,Second Hand,30.3,2000.0
Nissan,Kicks,2004,0,Hybrid,Manual,970,512,Brand New,12.6,34273.68
Nissan,Kicks,2020,0,Petrol,Manual,3292,211,Brand New,15.3,27822.1
Toyota,Fortuner,2003,0,Electric,Manual,3088,634,Brand New,30.7,14992.84
Lamborghini,Huracan,2021,0,Electric,Automatic,2366,87,Brand New,29.5,214528.4
Honda,Civic,2012,220598,Hybrid,Manual,1720,146,Second Hand,19.2,6462.32
Porsche,Macan,1997,171657,Diesel,Automatic,3847,96,Second Hand,33.8,2000.0
Porsche,Macan,2024,0,Petrol,Automatic,1330,176,Brand New,34.1,64124.72
Mahindra,XUV500,2014,159655,Diesel,Manual,4399,142,Second Hand,32.5,9446.58
Tata,Safari,1993,0,Diesel,Automatic,3937,594,Brand New,8.1,25018.14
Mercedes-Benz,E-Class,2007,182256,Hybrid,Automatic,2933,219,Second Hand,26.5,13337.99
Porsche,Cayenne,1997,0,Diesel,Manual,3662,160,Brand New,12.5,85311.35
Kia,Seltos,2008,139758,Electric,Automatic,1606,356,Second Hand,34.1,2000.0
Land Rover,Discovery,2020,0,Electric,Manual,3779,526,Brand New,9.0,52568.95
BMW,5 Series,1987,224954,Electric,Automatic,2497,361,Second Hand,27.9,2000.0
Mahindra,Thar,1993,196798,Hybrid,Manual,1856,296,Second Hand,8.4,2000.0
Ferrari,Roma,1997,0,Diesel,Automatic,3791,101,Brand New,14.4,344142.82
Mercedes-Benz,E-Class,2011,0,Hybrid,Automatic,1317,427,Brand New,14.3,79055.94
Volvo,S60,2009,0,Hybrid,Manual,2385,356,Brand New,33.7,65118.52
Ford,Mustang,2018,169757,Petrol,Manual,967,568,Second Hand,10.0,11297.24
Hyundai,Elantra,2014,0,Hybrid,Automatic,1107,502,Brand New,10.5,36326.06
Ferrari,Roma,1986,183235,Diesel,Manual,4832,299,Second Hand,24.7,2000.0
Toyota,Camry,2022,33719,Hybrid,Manual,1276,556,Second Hand,20.7,24558.79
Volkswagen,Vento,1990,246403,Electric,Automatic,3670,375,Second Hand,8.0,2000.0
Rolls-Royce,Ghost,2005,185453,Petrol,Automatic,1654,215,Second Hand,19.9,17801.86
McLaren,720S,2006,248719,Diesel,Manual,1015,442,Second Hand,14.5,2000.0
Rolls-Royce,Phantom,1999,0,Diesel,Automatic,3672,452,Brand New,26.3,153403.57
BMW,X5,1996,0,Diesel,Automatic,994,337,Brand New,17.3,61868.54
Nissan,Micra,1998,98364,Petrol,Automatic,2015,473,Second Hand,17.4,2000.0
Tesla,Model Y,2021,0,Diesel,Automatic,1652,688,Brand New,23.0,200571.44
Kia,Sonet,2017,139050,Diesel,Automatic,1083,320,Second Hand,17.6,2141.78
Kia,Carnival,2022,0,Diesel,Automatic,4110,249,Brand New,24.1,14521.9
Nissan,Magnite,2001,70879,Hybrid,Automatic,2543,128,Second Hand,8.7,2288.53
Ford,Endeavour,2013,0,Petrol,Manual,1710,381,Brand New,30.6,27474.77
Tesla,Model X,1985,0,Electric,Manual,2078,608,Brand New,24.4,114992.62
Hyundai,Elantra,2004,0,Diesel,Automatic,1452,400,Brand New,9.8,10447.95
Hyundai,Verna,2016,166764,Hybrid,Manual,1877,98,Second Hand,12.5,5384.52
Volkswagen,Polo,2002,0,Electric,Manual,1751,563,Brand New,34.4,18766.01
Kia,Seltos,2022,0,Petrol,Manual,3786,672,Brand New,8.8,14363.59
Mercedes-Benz,GLA,2013,41870,Petrol,Automatic,3659,195,Second Hand,32.3,15586.74
Tesla,Model X,2019,0,Diesel,Manual,4278,473,Brand New,25.9,157384.36
Land Rover,Discovery,2021,0,Electric,Automatic,2338,286,Brand New,11.7,86249.67
McLaren,720S,1996,188411,Petrol,Manual,3028,72,Second Hand,32.0,2000.0
Ferrari,Roma,2014,218967,Hybrid,Manual,2250,112,Second Hand,11.1,91779.84
Toyota,Camry,2013,66859,Petrol,Manual,2436,612,Second Hand,14.1,5753.73
Land Rover,Range Rover,2000,0,Hybrid,Manual,1780,90,Brand New,25.9,77129.6
Ferrari,488,1998,0,Diesel,Automatic,2457,377,Brand New,11.3,276610.72
Lamborghini,Aventador,1994,38557,Electric,Automatic,2194,415,Second Hand,29.4,2000.0
Tata,Safari,2008,0,Petrol,Automatic,1402,70,Brand New,22.4,33077.11
Kia,Sonet,2004,0,Electric,Manual,2999,105,Brand New,20.5,24022.22
Volkswagen,Polo,2001,171251,Petrol,Manual,1649,678,Second Hand,21.9,2000.0
Kia,Seltos,2020,210036,Hybrid,Automatic,2229,623,Second Hand,26.4,15842.38
Ford,Endeavour,2002,160779,Hybrid,Automatic,3379,268,Second Hand,8.7,2000.0
BMW,X5,1998,0,Electric,Automatic,3595,319,Brand New,15.6,69497.93
Audi,A4,2005,0,Diesel,Manual,1787,353,Brand New,9.0,51013.36
Mahindra,XUV500,1985,0,Hybrid,Manual,2683,402,Brand New,12.6,22014.77
BMW,X5,2017,0,Petrol,Automatic,1815,619,Brand New,31.0,72351.67
Hyundai,Elantra,2009,143447,Hybrid,Automatic,2941,333,Second Hand,33.6,4751.01
Audi,Q3,2002,0,Petrol,Manual,4468,117,Brand New,24.5,72049.54
Tesla,Model X,2021,0,Petrol,Automatic,2655,474,Brand New,23.5,295674.5
BMW,5 Series,2006,241802,Petrol,Manual,1523,167,Second Hand,13.0,2000.0
Honda,City,1992,183614,Electric,Manual,4207,537,Second Hand,23.8,2000.0
Tata,Nexon,2003,195164,Petrol,Manual,1084,216,Second Hand,10.8,2000.0
Porsche,Cayenne,1988,0,Diesel,Manual,2805,264,Brand New,30.9,57623.19
Ford,Endeavour,2005,59149,Hybrid,Manual,3277,614,Second Hand,28.0,2000.0
Mahindra,Thar,2006,111707,Diesel,Manual,3196,521,Second Hand,19.6,2000.0
McLaren,570S,1999,122866,Electric,Manual,2990,657,Second Hand,13.1,2000.0
Mercedes-Benz,GLA,2011,107351,Petrol,Automatic,2368,107,Second Hand,12.8,39861.31
Ferrari,Roma,1988,0,Diesel,Automatic,2666,526,Brand New,13.4,262673.37
Rolls-Royce,Ghost,2017,0,Petrol,Manual,4912,532,Brand New,16.7,223552.32
Rolls-Royce,Ghost,1994,0,Electric,Automatic,3838,428,Brand New,20.3,318057.4
Lamborghini,Huracan,2017,79752,Hybrid,Manual,2974,330,Second Hand,14.7,53711.31
Porsche,911,2009,0,Hybrid,Manual,2702,232,Brand New,20.5,70944.31
Land Rover,Range Rover,2013,216155,Electric,Automatic,1317,190,Second Hand,25.4,38718.15
Nissan,Micra,1992,0,Diesel,Automatic,4322,519,Brand New,34.3,33799.51
Land Rover,Range Rover,2018,0,Diesel,Manual,2773,242,Brand New,33.4,85915.58
Ford,Mustang,1996,21716,Petrol,Automatic,4255,581,Second Hand,31.2,2000.0
Volvo,XC60,2018,0,Hybrid,Automatic,4482,514,Brand New,27.8,58669.21
Volvo,XC40,2019,105741,Electric,Manual,1549,270,Second Hand,25.0,42376.25
Honda,City,2007,0,Electric,Automatic,1300,639,Brand New,34.8,20907.88
Audi,Q5,1985,0,Petrol,Manual,1203,430,Brand New,14.3,46149.88
Ferrari,488,2007,0,Electric,Automatic,4601,607,Brand New,28.0,300569.22
Ferrari,488,2019,0,Electric,Manual,1277,436,Brand New,9.4,431363.59
Nissan,Magnite,2010,9110,Petrol,Manual,4223,442,Second Hand,16.3,6424.32
Audi,A4,1989,0,Hybrid,Manual,4543,178,Brand New,10.0,74765.07
Audi,Q3,2019,0,Hybrid,Manual,2685,409,Brand New,16.1,74286.92
Ford,Endeavour,1995,0,Hybrid,Manual,3593,681,Brand New,34.2,33693.98
Porsche,Cayenne,2013,0,Electric,Manual,878,164,Brand New,18.1,44950.87
Ford,Mustang,2021,248424,Hybrid,Automatic,2873,246,Second Hand,9.8,13049.25
Volvo,S60,1991,0,Electric,Automatic,2462,141,Brand New,20.0,52092.58
Ferrari,488,2011,0,Diesel,Manual,4619,597,Brand New,24.7,99966.13
McLaren,570S,1988,13274,Petrol,Automatic,1866,324,Second Hand,23.2,2000.0
Ferrari,Roma,2022,0,Electric,Automatic,3225,116,Brand New,9.7,252566.99
Audi,Q5,1990,207498,Electric,Manual,2793,529,Second Hand,27.1,2000.0
Tata,Safari,2016,188618,Hybrid,Automatic,1818,363,Second Hand,28.8,3772.42
Volvo,XC60,1991,84270,Electric,Manual,3960,189,Second Hand,11.6,2000.0
Tata,Harrier,2000,0,Hybrid,Automatic,2946,346,Brand New,27.3,21298.08
BMW,X3,2004,0,Petrol,Manual,1304,243,Brand New,10.1,93880.91
Land Rover,Range Rover,1997,37742,Hybrid,Automatic,4440,618,Second Hand,17.8,2000.0
Honda,Civic,2013,0,Electric,Automatic,1124,453,Brand New,10.5,36974.18
Porsche,Cayenne,2007,197923,Petrol,Automatic,3799,233,Second Hand,18.9,2000.0
Volkswagen,Vento,2023,185106,Petrol,Automatic,4988,617,Second Hand,26.1,22290.3
Rolls-Royce,Ghost,2009,0,Diesel,Manual,3387,243,Brand New,34.2,233228.39
Hyundai,Verna,2008,178199,Hybrid,Manual,4881,111,Second Hand,23.6,2000.0
Mercedes-Benz,E-Class,1987,0,Petrol,Automatic,4273,321,Brand New,24.0,49794.05
Mahindra,XUV500,2004,21641,Hybrid,Automatic,2310,489,Second Hand,13.1,2000.0
Ferrari,488,2014,0,Petrol,Automatic,4922,217,Brand New,31.3,444327.8
BMW,X3,2020,0,Hybrid,Automatic,1867,427,Brand New,13.2,58033.27
Land Rover,Discovery,1998,97249,Hybrid,Automatic,1311,462,Second Hand,9.4,2000.0
Hyundai,Elantra,1998,77707,Petrol,Automatic,2655,361,Second Hand,26.3,2000.0
Land Rover,Discovery,1992,0,Petrol,Automatic,1148,615,Brand New,20.6,88469.2
Mercedes-Benz,E-Class,1986,185618,Hybrid,Manual,905,445,Second Hand,31.4,2000.0
Nissan,Micra,2004,0,Electric,Automatic,2620,610,Brand New,8.3,12821.18
Lamborghini,Huracan,2020,113929,Electric,Automatic,3515,122,Second Hand,21.3,104627.09
Tesla,Model Y,2003,0,Hybrid,Automatic,3168,667,Brand New,30.4,165603.62
Mercedes-Benz,C-Class,1987,240176,Diesel,Automatic,4916,168,Second Hand,19.5,2000.0
BMW,5 Series,2012,189744,Hybrid,Manual,1400,112,Second Hand,20.1,25890.75
Volvo,XC40,2023,95536,Petrol,Manual,1660,271,Second Hand,29.8,36175.86
Volkswagen,Vento,2021,11296,Petrol,Manual,2283,666,Second Hand,10.0,14702.2
Ford,Mustang,2006,7682,Petrol,Automatic,2803,551,Second Hand,32.2,2000.0
Ferrari,Roma,2000,0,Hybrid,Manual,4789,79,Brand New,32.8,246878.27
Audi,A6,2021,26217,Petrol,Automatic,1059,644,Second Hand,17.5,44369.96
Honda,City,2003,166694,Electric,Automatic,4716,233,Second Hand,31.6,2000.0
McLaren,720S,1988,0,Diesel,Automatic,4864,230,Brand New,24.8,307836.78
Ferrari,488,2017,59722,Petrol,Automatic,4897,560,Second Hand,10.6,76780.72
Tata,Safari,2000,60279,Hybrid,Automatic,3941,222,Second Hand,35.0,2000.0
Volvo,S60,2009,242559,Diesel,Automatic,4936,241,Second Hand,25.0,2000.0
Rolls-Royce,Phantom,1989,134741,Petrol,Manual,4520,362,Second Hand,14.4,2000.0
Hyundai,Creta,2013,0,Electric,Automatic,4808,460,Brand New,16.7,15347.23
Volkswagen,Vento,2014,0,Petrol,Manual,2320,585,Brand New,27.5,20301.6
Ford,Figo,2010,92058,Diesel,Manual,4348,560,Second Hand,24.0,2775.08
Porsche,911,2007,158725,Petrol,Automatic,3017,146,Second Hand,11.1,2000.0
Mahindra,XUV500,2017,0,Petrol,Manual,4166,499,Brand New,15.2,29039.57
McLaren,570S,2006,128722,Hybrid,Manual,4834,152,Second Hand,19.0,13169.31
Porsche,Cayenne,2021,0,Petrol,Automatic,1290,170,Brand New,22.4,68081.02
Volvo,XC40,1988,0,Hybrid,Manual,4554,235,Brand New,10.3,51036.42
Land Rover,Discovery,1986,0,Electric,Manual,3673,67,Brand New,28.6,91518.57
BMW,5 Series,1997,146192,Electric,Automatic,1595,126,Second Hand,29.4,2000.0
Rolls-Royce,Phantom,2023,171801,Hybrid,Automatic,1361,88,Second Hand,27.2,126064.46
Hyundai,Elantra,2017,0,Diesel,Manual,2086,108,Brand New,12.8,29658.43
Tata,Safari,2006,0,Petrol,Manual,1208,568,Brand New,30.0,25411.81
Kia,Carnival,1997,182485,Petrol,Manual,2133,257,Second Hand,11.0,2000.0
Lamborghini,Aventador,1997,25646,Electric,Manual,2558,577,Second Hand,16.0,2000.0
Audi,Q3,2023,0,Diesel,Manual,1760,87,Brand New,34.0,95583.55
Nissan,Kicks,2007,242855,Petrol,Manual,3587,419,Second Hand,24.4,2000.0
BMW,X5,2003,183097,Petrol,Automatic,3028,308,Second Hand,8.2,2000.0
BMW,X3,1993,0,Hybrid,Automatic,1354,226,Brand New,15.1,41817.04
Ford,Mustang,1991,146899,Petrol,Manual,846,488,Second Hand,21.8,2000.0
Kia,Sonet,2000,44106,Electric,Automatic,2723,375,Second Hand,10.0,2000.0
Honda,City,2015,223334,Electric,Manual,1211,408,Second Hand,33.1,2000.0
Rolls-Royce,Phantom,2003,0,Petrol,Automatic,2087,397,Brand New,28.1,166604.72
Honda,Civic,2006,0,Hybrid,Manual,2477,610,Brand New,27.7,13333.33
Audi,A4,2016,0,Diesel,Manual,1264,226,Brand New,21.5,64240.14
Land Rover,Range Rover,2002,0,Electric,Manual,1107,440,Brand New,26.1,83145.36
Toyota,Fortuner,2002,245372,Petrol,Automatic,2914,69,Second Hand,29.6,2000.0
Ford,Endeavour,1992,245420,Petrol,Manual,4502,357,Second Hand,29.2,2000.0
Land Rover,Discovery,2019,0,Electric,Automatic,4519,88,Brand New,17.8,84665.86
Land Rover,Range Rover,2011,0,Petrol,Manual,3882,175,Brand New,22.9,81485.9
Tesla,Model 3,2024,0,Petrol,Automatic,4674,336,Brand New,15.6,250148.71
Volkswagen,Vento,2011,0,Electric,Manual,1164,233,Brand New,23.8,16359.15
Porsche,911,1987,30062,Petrol,Manual,4559,242,Second Hand,22.1,2000.0
Ford,Endeavour,2012,0,Diesel,Automatic,1488,225,Brand New,12.4,11977.35
BMW,3 Series,2008,0,Diesel,Manual,1760,78,Brand New,24.8,114604.49
Honda,Accord,2006,34445,Electric,Automatic,4255,408,Second Hand,27.5,2000.0
Kia,Sonet,2021,156360,Petrol,Manual,4321,231,Second Hand,15.6,5143.82
McLaren,570S,2000,30092,Electric,Automatic,1505,617,Second Hand,32.9,2000.0
Porsche,Macan,2003,0,Hybrid,Manual,2472,663,Brand New,23.4,49058.92
Ferrari,488,1992,164634,Hybrid,Manual,2685,595,Second Hand,34.5,2000.0
BMW,3 Series,2013,0,Hybrid,Automatic,1845,357,Brand New,29.9,44039.88
Volkswagen,Vento,2001,19240,Hybrid,Automatic,3382,489,Second Hand,20.1,2000.0
Mercedes-Benz,GLC,2004,0,Electric,Automatic,3992,427,Brand New,24.0,76031.36
Volkswagen,Polo,2005,212534,Hybrid,Automatic,1385,96,Second Hand,22.6,2000.0
Tata,Safari,2002,109633,Hybrid,Automatic,2236,553,Second Hand,25.4,2000.0
Mercedes-Benz,C-Class,2019,0,Electric,Automatic,1420,444,Brand New,32.4,86975.63
Toyota,Fortuner,2020,236854,Petrol,Automatic,3964,340,Second Hand,22.6,2000.0
Mahindra,Thar,1988,14445,Electric,Automatic,924,322,Second Hand,32.1,2000.0
Audi,A6,1987,0,Diesel,Manual,2224,488,Brand New,31.0,60683.7
Audi,Q3,1996,0,Electric,Manual,2177,348,Brand New,15.3,56214.86
Land Rover,Discovery,2011,0,Petrol,Automatic,822,661,Brand New,32.3,45316.01
Nissan,Kicks,1985,237898,Diesel,Manual,4344,612,Second Hand,19.8,2000.0
Kia,Carnival,2010,101869,Electric,Manual,4051,547,Second Hand,17.9,2000.0
McLaren,570S,2023,20253,Electric,Manual,1251,412,Second Hand,25.7,133098.74
Lamborghini,Huracan,2017,153647,Diesel,Manual,1672,302,Second Hand,27.0,142396.35
Porsche,Cayenne,1997,0,Hybrid,Manual,3595,581,Brand New,9.9,73980.28
Honda,City,2003,0,Diesel,Manual,2067,267,Brand New,20.9,11996.35
Tata,Nexon,2003,156575,Diesel,Automatic,3614,513,Second Hand,9.5,2000.0
Mahindra,Scorpio,2013,92890,Petrol,Automatic,3959,143,Second Hand,26.7,2052.44
Ferrari,488,2006,0,Petrol,Manual,1375,176,Brand New,24.2,100692.27
Honda,Civic,1991,219214,Electric,Automatic,4206,529,Second Hand,15.0,2000.0
Tesla,Model S,1986,0,Diesel,Automatic,2173,679,Brand New,11.0,254299.78
Mercedes-Benz,E-Class,2002,248804,Electric,Manual,4626,623,Second Hand,18.2,2000.0
Porsche,Cayenne,1991,137572,Hybrid,Manual,3219,605,Second Hand,19.3,2000.0
BMW,X5,1991,0,Diesel,Manual,2209,464,Brand New,27.4,63658.33
Volkswagen,Passat,2000,0,Petrol,Manual,1813,199,Brand New,16.2,10677.25
Audi,Q5,1991,174579,Hybrid,Automatic,3782,273,Second Hand,22.1,2000.0
Mahindra,Thar,1992,0,Hybrid,Automatic,2037,363,Brand New,14.1,35739.37
Nissan,Micra,2013,0,Electric,Manual,2559,557,Brand New,21.5,12376.17
Audi,A4,2000,97691,Hybrid,Automatic,3329,312,Second Hand,29.2,2000.0
Hyundai,Elantra,1993,0,Petrol,Automatic,1163,390,Brand New,27.7,9437.99
Rolls-Royce,Phantom,2002,0,Hybrid,Automatic,3112,183,Brand New,15.5,261071.76
Volvo,XC60,2018,0,Electric,Manual,1217,491,Brand New,8.7,59645.39
Honda,Accord,1986,0,Hybrid,Automatic,3425,244,Brand New,8.6,27277.27
Honda,Accord,2008,198313,Hybrid,Manual,4421,692,Second Hand,18.4,2000.0
Nissan,Micra,2001,192429,Hybrid,Manual,3692,439,Second Hand,10.5,2000.0
Lamborghini,Aventador,1995,171078,Electric,Manual,2308,447,Second Hand,12.5,2000.0
Tesla,Model 3,2010,230668,Electric,Automatic,4491,682,Second Hand,15.1,33938.38
BMW,3 Series,2003,0,Electric,Automatic,2771,586,Brand New,34.5,49561.53
Ferrari,Roma,2024,0,Diesel,Automatic,3214,349,Brand New,15.5,255849.54
Lamborghini,Huracan,2004,19989,Hybrid,Manual,1103,355,Second Hand,15.9,2000.0
Mahindra,XUV500,2009,0,Petrol,Manual,1701,220,Brand New,29.5,15735.84
Tata,Nexon,2009,145671,Petrol,Automatic,1206,643,Second Hand,13.6,8500.31
Ford,Endeavour,2024,0,Petrol,Manual,1299,622,Brand New,14.7,35701.61
Land Rover,Discovery,2012,0,Electric,Manual,962,637,Brand New,26.3,78732.69
Hyundai,Elantra,2002,27535,Electric,Automatic,2077,484,Second Hand,8.1,2000.0
Honda,CRV,1997,0,Hybrid,Automatic,2438,303,Brand New,31.5,20262.27
Hyundai,i20,1986,159899,Hybrid,Manual,1957,206,Second Hand,32.9,2000.0
Mercedes-Benz,GLA,1992,176524,Diesel,Manual,1958,224,Second Hand,31.2,2000.0
Mahindra,XUV500,1993,36506,Diesel,Automatic,4677,519,Second Hand,14.5,2000.0
Toyota,Corolla,2002,166722,Diesel,Manual,1507,253,Second Hand,16.4,2000.0
Honda,Civic,1985,0,Hybrid,Automatic,3092,302,Brand New,20.0,23238.35
Toyota,Camry,2008,66664,Hybrid,Manual,4820,485,Second Hand,22.9,2000.0
Tesla,Model Y,1985,172145,Hybrid,Automatic,2763,437,Second Hand,12.8,2000.0
Lamborghini,Aventador,1995,117668,Diesel,Manual,3202,487,Second Hand,19.3,2000.0
Mahindra,Thar,2023,175143,Petrol,Manual,2375,452,Second Hand,17.7,19041.5
Hyundai,i20,2007,0,Hybrid,Manual,3076,176,Brand New,23.6,12965.19
Tesla,Model Y,2001,0,Diesel,Automatic,3968,497,Brand New,22.3,216326.65
Porsche,Macan,2014,192407,Diesel,Automatic,1185,292,Second Hand,28.1,15029.63
Tesla,Model 3,1996,0,Diesel,Automatic,1401,514,Brand New,20.2,378854.81
BMW,X5,1987,0,Diesel,Automatic,4597,520,Brand New,21.1,78558.1
Toyota,RAV4,2009,215708,Hybrid,Automatic,1085,381,Second Hand,17.0,2000.0
Land Rover,Range Rover,2009,0,Electric,Automatic,3414,87,Brand New,29.4,45085.96
Mahindra,XUV500,2008,43991,Hybrid,Automatic,1937,274,Second Hand,30.3,2000.0
Tesla,Model S,1993,236387,Electric,Manual,2652,361,Second Hand,29.6,2000.0
Ferrari,488,2000,87461,Electric,Manual,4558,96,Second Hand,11.9,2000.0
Honda,CRV,2013,228076,Petrol,Manual,3181,598,Second Hand,33.1,2000.0
Mercedes-Benz,GLC,2023,136832,Petrol,Automatic,3398,149,Second Hand,29.9,56908.55
Tata,Safari,2006,0,Diesel,Automatic,4398,679,Brand New,17.0,18410.98
Porsche,Macan,2002,0,Electric,Manual,4560,402,Brand New,22.8,85802.17
Mahindra,Thar,2006,0,Petrol,Manual,1616,621,Brand New,30.1,24180.58
Volvo,XC40,2003,188185,Diesel,Automatic,992,596,Second Hand,18.9,2000.0
Nissan,Kicks,1991,186792,Hybrid,Manual,2051,427,Second Hand,10.8,2000.0
Volkswagen,Vento,1998,0,Hybrid,Automatic,3869,394,Brand New,15.1,13891.76
Nissan,Micra,2012,170528,Hybrid,Manual,3321,177,Second Hand,21.0,2000.0
Toyota,Corolla,2012,0,Diesel,Manual,1775,207,Brand New,28.8,16300.28
Rolls-Royce,Phantom,2007,0,Petrol,Manual,1690,386,Brand New,8.1,231096.74
Kia,Seltos,1988,0,Diesel,Manual,4863,427,Brand New,18.9,41201.51
Tata,Nexon,2007,0,Hybrid,Manual,2535,108,Brand New,18.4,23836.82
Land Rover,Range Rover,2015,0,Hybrid,Manual,3340,406,Brand New,30.2,112075.46
Audi,Q3,1995,0,Petrol,Automatic,3030,488,Brand New,19.2,77605.19
Mahindra,Scorpio,1998,0,Electric,Manual,1758,336,Brand New,34.2,18916.57
Tesla,Model 3,2010,0,Hybrid,Manual,2883,299,Brand New,27.5,150106.8
Mahindra,XUV500,2011,100056,Petrol,Manual,1537,448,Second Hand,30.5,11900.86
Land Rover,Discovery,2011,0,Diesel,Automatic,841,192,Brand New,13.1,92396.52
Land Rover,Discovery,2013,0,Petrol,Manual,3798,677,Brand New,21.4,72852.39
Tata,Safari,1993,0,Hybrid,Manual,1985,505,Brand New,17.5,11317.57
BMW,3 Series,1994,0,Hybrid,Automatic,2162,282,Brand New,18.4,47171.01
Hyundai,i20,1992,209439,Petrol,Manual,2778,183,Second Hand,30.0,2000.0
Rolls-Royce,Phantom,2015,0,Petrol,Manual,3903,557,Brand New,27.7,295009.98
Hyundai,Creta,2023,0,Hybrid,Automatic,3186,123,Brand New,9.9,25421.5
BMW,X3,2023,152191,Diesel,Automatic,1419,188,Second Hand,14.3,37950.28
Nissan,Micra,1993,215169,Petrol,Manual,3695,170,Second Hand,17.6,2000.0
BMW,X3,1985,207517,Diesel,Manual,2142,347,Second Hand,33.0,2000.0
Nissan,Micra,1994,236542,Diesel,Automatic,2487,573,Second Hand,19.8,2000.0
Tesla,Model 3,1998,0,Diesel,Manual,3606,430,Brand New,16.7,230725.15
Honda,City,2012,230155,Electric,Automatic,4699,79,Second Hand,18.8,2000.0
Toyota,Fortuner,2021,231415,Petrol,Automatic,4256,353,Second Hand,34.0,6108.32
Honda,Accord,1988,193094,Hybrid,Manual,2617,132,Second Hand,24.1,2000.0
Ford,Endeavour,1990,0,Petrol,Manual,3781,422,Brand New,33.2,18804.85
Audi,A6,2011,18418,Electric,Manual,4683,550,Second Hand,33.7,21905.93
Volkswagen,Polo,2001,0,Diesel,Automatic,2679,320,Brand New,31.4,27018.39
Toyota,Corolla,1990,0,Petrol,Manual,1538,606,Brand New,13.3,40155.51
Land Rover,Discovery,1988,0,Petrol,Manual,3847,412,Brand New,11.9,58108.36
Tesla,Model Y,1997,0,Petrol,Manual,4837,472,Brand New,8.7,278601.75
Toyota,Fortuner,2004,0,Diesel,Manual,1642,138,Brand New,18.3,32330.95
Ford,Mustang,2010,34139,Petrol,Automatic,893,453,Second Hand,20.7,4846.92
Tesla,Model Y,1994,0,Hybrid,Automatic,1168,626,Brand New,10.3,184943.23
Porsche,911,2013,0,Electric,Manual,2070,263,Brand New,10.0,83256.92
Porsche,911,2013,0,Diesel,Manual,1288,414,Brand New,32.4,76053.36
Ferrari,488,2003,117875,Electric,Manual,2315,340,Second Hand,24.0,2238.65
Lamborghini,Huracan,2021,145537,Petrol,Automatic,3750,615,Second Hand,13.4,166590.63
Toyota,Camry,2013,142803,Diesel,Automatic,1643,150,Second Hand,10.0,2000.0
Nissan,Magnite,2006,0,Petrol,Manual,1996,60,Brand New,25.9,20577.54
Land Rover,Range Rover,1992,0,Diesel,Manual,1232,536,Brand New,9.1,83401.64
Porsche,Cayenne,1989,152417,Diesel,Manual,1415,375,Second Hand,31.8,2000.0
BMW,X3,1988,0,Electric,Manual,3809,241,Brand New,16.5,57353.72
Volvo,S60,1985,9479,Diesel,Manual,2468,502,Second Hand,20.9,2000.0
Ford,Endeavour,1995,109855,Diesel,Automatic,3693,677,Second Hand,12.6,2000.0
Audi,Q3,2000,0,Hybrid,Manual,3238,174,Brand New,11.6,78134.16
Nissan,Magnite,1992,0,Diesel,Automatic,4900,159,Brand New,32.6,36792.64
Volkswagen,Vento,2014,6885,Petrol,Automatic,4889,400,Second Hand,21.8,6324.5
Audi,A4,1986,0,Hybrid,Manual,999,313,Brand New,16.4,55204.68
Mahindra,Thar,2017,224136,Hybrid,Automatic,4589,370,Second Hand,18.6,2000.0
Land Rover,Range Rover,2006,0,Electric,Manual,1740,295,Brand New,13.6,70888.94
Volvo,XC40,2011,0,Electric,Automatic,4146,571,Brand New,33.1,62994.51
Land Rover,Discovery,2006,0,Diesel,Manual,1517,476,Brand New,12.3,59507.49
Ford,Endeavour,1985,0,Diesel,Automatic,1896,297,Brand New,9.1,20976.62
Tata,Harrier,2018,201859,Diesel,Automatic,2904,99,Second Hand,29.3,15107.78
Audi,A6,1997,0,Petrol,Automatic,2766,120,Brand New,13.9,84116.07
Volvo,XC60,2015,15825,Hybrid,Manual,4375,589,Second Hand,33.2,50802.75
McLaren,720S,2012,50890,Electric,Automatic,3423,263,Second Hand,24.0,125731.19
Mercedes-Benz,GLA,2017,17181,Diesel,Automatic,2313,225,Second Hand,8.1,35307.6
Mercedes-Benz,C-Class,1996,76705,Diesel,Automatic,4911,605,Second Hand,25.1,2000.0
Nissan,Magnite,1990,144700,Electric,Automatic,1691,362,Second Hand,14.0,2000.0
Mercedes-Benz,C-Class,1985,0,Electric,Automatic,4053,444,Brand New,12.3,59165.67
Nissan,Kicks,2012,0,Petrol,Manual,3651,555,Brand New,27.9,40915.15
Ferrari,Roma,1998,186799,Diesel,Automatic,4563,284,Second Hand,15.6,26930.34
Audi,Q3,1995,197552,Hybrid,Automatic,4303,460,Second Hand,17.8,2000.0
McLaren,570S,2012,37842,Hybrid,Automatic,2814,606,Second Hand,22.3,143177.47
McLaren,570S,1999,220260,Electric,Automatic,2791,83,Second Hand,9.5,2000.0
Toyota,Fortuner,1990,0,Electric,Automatic,959,171,Brand New,26.6,29848.73
Tesla,Model S,1985,0,Petrol,Automatic,1637,105,Brand New,19.3,368817.05
Kia,Carnival,1999,222749,Petrol,Automatic,3216,416,Second Hand,15.1,2000.0
Tesla,Model Y,1994,0,Hybrid,Automatic,4712,345,Brand New,25.0,249024.86
Lamborghini,Huracan,2008,243877,Electric,Manual,2550,186,Second Hand,33.5,2000.0
Volkswagen,Passat,2013,231828,Petrol,Manual,3172,151,Second Hand,29.1,2000.0
Lamborghini,Huracan,1986,0,Diesel,Automatic,4048,143,Brand New,26.5,118352.68
Porsche,911,2002,0,Electric,Manual,4840,542,Brand New,31.1,87553.02
Nissan,Micra,2022,0,Petrol,Automatic,4997,153,Brand New,9.2,30222.11
Volvo,XC60,2005,0,Diesel,Automatic,3088,142,Brand New,29.5,62909.54
Volvo,XC60,2006,0,Hybrid,Automatic,1168,606,Brand New,26.8,78982.66
Nissan,Magnite,2021,0,Diesel,Manual,4127,593,Brand New,31.5,9651.86
Toyota,RAV4,2018,63344,Hybrid,Manual,2847,472,Second Hand,14.5,7754.33
Land Rover,Discovery,2014,245363,Hybrid,Automatic,2609,468,Second Hand,16.6,9893.22
Mercedes-Benz,C-Class,1988,16177,Diesel,Automatic,1643,143,Second Hand,34.2,2000.0
Hyundai,Verna,2017,0,Electric,Automatic,2511,405,Brand New,22.5,16552.79
Tata,Harrier,1997,213434,Hybrid,Manual,1695,178,Second Hand,32.3,2000.0
Kia,Sonet,1988,86723,Petrol,Automatic,1222,440,Second Hand,12.4,2000.0
Tata,Nexon,2013,0,Electric,Manual,3562,352,Brand New,22.3,21368.18
Honda,Civic,2008,0,Petrol,Automatic,1760,210,Brand New,30.3,22503.25
Honda,Civic,1991,23010,Diesel,Manual,2971,475,Second Hand,23.1,2000.0
Nissan,Kicks,2014,224219,Diesel,Automatic,808,70,Second Hand,31.5,5896.2
Volkswagen,Polo,2010,0,Diesel,Manual,1559,255,Brand New,15.4,24923.49
Audi,Q3,2016,0,Petrol,Automatic,3584,412,Brand New,12.5,51613.78
BMW,X5,1994,0,Hybrid,Manual,4273,225,Brand New,8.8,101876.77
Hyundai,Elantra,1989,0,Electric,Automatic,3907,267,Brand New,11.3,21924.02
Tesla,Model Y,1994,126796,Hybrid,Manual,2235,378,Second Hand,15.3,2000.0
Ford,Figo,1990,0,Electric,Automatic,4959,308,Brand New,20.6,15962.44
Mahindra,Thar,2006,223954,Diesel,Automatic,2926,626,Second Hand,27.9,2000.0
Ford,Mustang,1999,109975,Hybrid,Automatic,4679,339,Second Hand,29.8,2000.0
Nissan,Magnite,2011,0,Petrol,Automatic,1828,222,Brand New,11.2,30249.47
Volkswagen,Vento,1996,0,Electric,Automatic,3230,665,Brand New,22.6,37294.83
Hyundai,Elantra,2020,86540,Hybrid,Manual,4909,695,Second Hand,29.9,12300.92
Nissan,Micra,1993,0,Diesel,Manual,3407,655,Brand New,24.5,36344.9
Honda,CRV,2000,69568,Hybrid,Manual,894,603,Second Hand,17.4,2000.0
Nissan,Micra,2001,215558,Hybrid,Automatic,4472,169,Second Hand,25.5,2000.0
Nissan,Micra,1994,0,Hybrid,Automatic,4466,403,Brand New,10.1,9474.39
Mahindra,XUV500,2020,0,Petrol,Manual,1650,597,Brand New,26.1,22354.71
Honda,Civic,2008,0,Electric,Manual,1731,379,Brand New,11.3,16075.83
BMW,3 Series,2021,243596,Diesel,Automatic,3377,251,Second Hand,19.9,28897.39
Tesla,Model S,1986,0,Hybrid,Automatic,4317,451,Brand New,12.4,360231.53
Tesla,Model S,1994,60522,Electric,Manual,3597,578,Second Hand,32.3,2000.0
McLaren,720S,2017,0,Electric,Manual,1676,681,Brand New,21.5,293308.33
Volkswagen,Passat,1992,165358,Electric,Automatic,1028,631,Second Hand,16.7,2000.0
Nissan,Kicks,2001,79254,Diesel,Automatic,4708,92,Second Hand,18.6,2000.0
Mahindra,Scorpio,2011,0,Electric,Automatic,2189,259,Brand New,32.3,29015.37
Ford,Endeavour,2008,119019,Petrol,Automatic,3044,552,Second Hand,12.3,8046.33
Kia,Carnival,2009,218587,Hybrid,Automatic,1036,683,Second Hand,15.7,2000.0
Ford,Endeavour,2006,0,Hybrid,Manual,2037,617,Brand New,31.3,31545.56
Honda,Civic,1996,0,Electric,Automatic,5000,83,Brand New,23.3,26951.7
Kia,Sonet,2007,99199,Petrol,Manual,4942,602,Second Hand,27.9,2000.0
Ferrari,488,2014,0,Electric,Manual,1846,129,Brand New,32.8,369615.98
Toyota,RAV4,1999,0,Hybrid,Automatic,2059,542,Brand New,15.6,20191.35
Tesla,Model Y,2016,0,Diesel,Automatic,3805,166,Brand New,29.0,335673.84
Rolls-Royce,Phantom,1992,0,Electric,Manual,854,341,Brand New,33.3,359954.23
Porsche,Macan,1999,0,Petrol,Manual,4117,624,Brand New,31.9,79750.86
McLaren,570S,1985,0,Petrol,Manual,3540,301,Brand New,25.4,403683.65
BMW,X5,2020,0,Petrol,Manual,4817,224,Brand New,15.1,88426.96
Rolls-Royce,Phantom,1995,0,Hybrid,Manual,1426,479,Brand New,15.7,207182.86
Hyundai,Creta,2008,0,Hybrid,Manual,1693,398,Brand New,16.8,25011.12
Audi,A6,2013,177293,Hybrid,Manual,929,693,Second Hand,23.2,22348.88
Ferrari,Roma,1993,0,Petrol,Manual,3007,279,Brand New,22.8,341353.8
Tesla,Model Y,2014,104201,Electric,Manual,4930,689,Second Hand,14.0,170726.8
Hyundai,Elantra,1996,0,Diesel,Automatic,4764,266,Brand New,15.4,22485.14
Ford,Endeavour,2015,211054,Diesel,Manual,2887,677,Second Hand,23.3,2000.0
Audi,Q5,2004,168310,Electric,Manual,2166,431,Second Hand,11.2,2000.0
Honda,Accord,2013,0,Electric,Automatic,2332,694,Brand New,8.3,38405.08
Rolls-Royce,Phantom,2000,91798,Hybrid,Manual,2896,415,Second Hand,14.6,2000.0
Tata,Nexon,1991,0,Diesel,Automatic,1009,260,Brand New,15.6,24897.05
Mahindra,XUV500,2023,129300,Petrol,Manual,4352,83,Second Hand,19.3,26052.43
Lamborghini,Huracan,1997,0,Hybrid,Manual,2044,368,Brand New,19.3,111818.2
Rolls-Royce,Ghost,2017,100531,Electric,Automatic,2180,233,Second Hand,29.5,68086.61
Porsche,Macan,1996,69704,Diesel,Automatic,2214,520,Second Hand,25.3,2000.0
Rolls-Royce,Ghost,1996,149204,Diesel,Automatic,2052,530,Second Hand,27.3,2000.0
BMW,5 Series,2007,195211,Petrol,Automatic,4841,168,Second Hand,8.5,15164.97
Porsche,911,1989,0,Electric,Manual,4763,262,Brand New,23.4,79357.44
Honda,Civic,2015,0,Electric,Manual,3791,240,Brand New,14.3,37774.61
Land Rover,Range Rover,2000,0,Electric,Automatic,2989,294,Brand New,18.0,66911.23
Audi,A6,2004,55653,Hybrid,Automatic,2113,646,Second Hand,18.1,11375.52
Tesla,Model X,2007,0,Hybrid,Manual,3854,604,Brand New,10.8,203609.43
Nissan,Magnite,2020,186179,Hybrid,Automatic,906,87,Second Hand,32.5,8115.26
Volkswagen,Passat,1997,168120,Diesel,Automatic,4661,236,Second Hand,32.2,2000.0
Rolls-Royce,Ghost,1993,0,Hybrid,Automatic,3569,187,Brand New,9.3,121792.75
Toyota,RAV4,2024,0,Electric,Automatic,3114,687,Brand New,27.2,29640.09
McLaren,720S,1999,0,Diesel,Manual,1232,698,Brand New,28.6,360461.27
Nissan,Magnite,1994,140324,Petrol,Automatic,1243,146,Second Hand,21.8,2000.0
Nissan,Micra,2018,0,Petrol,Automatic,3780,197,Brand New,19.1,23783.21
BMW,X5,1990,228946,Diesel,Automatic,2688,408,Second Hand,32.7,2000.0
Ferrari,Roma,1998,208052,Electric,Automatic,2806,614,Second Hand,26.5,2000.0
Honda,City,2010,244794,Petrol,Automatic,3024,589,Second Hand,28.9,2000.0
Toyota,Fortuner,1996,0,Electric,Automatic,1613,612,Brand New,10.6,21287.51
BMW,X3,2003,0,Diesel,Manual,3319,220,Brand New,28.8,91086.71
Volvo,S60,2011,58825,Petrol,Automatic,1116,637,Second Hand,10.5,25050.26
Ferrari,Roma,1989,246694,Petrol,Automatic,3307,694,Second Hand,23.8,2000.0
Hyundai,Creta,2004,0,Hybrid,Automatic,1648,190,Brand New,17.1,15665.77
McLaren,720S,2015,0,Diesel,Manual,1197,375,Brand New,25.9,150720.81
Honda,Civic,2003,0,Petrol,Automatic,3447,669,Brand New,20.4,15072.27
Lamborghini,Huracan,1993,0,Petrol,Manual,3275,205,Brand New,18.1,358176.95
Kia,Sonet,1988,71138,Electric,Manual,4387,114,Second Hand,18.6,2000.0
Ford,Mustang,2005,117433,Hybrid,Automatic,2418,566,Second Hand,18.4,2000.0
Ford,Figo,2020,0,Electric,Automatic,2898,562,Brand New,31.9,18890.6
Tesla,Model X,2011,0,Electric,Automatic,3276,426,Brand New,31.1,191818.6
Volkswagen,Vento,2013,22381,Electric,Manual,1016,228,Second Hand,10.9,12763.91
Volvo,XC40,1992,151134,Electric,Manual,2523,629,Second Hand,25.6,2000.0
Hyundai,Verna,2018,71905,Hybrid,Manual,3722,544,Second Hand,14.8,15624.24
Ford,Mustang,1995,237591,Electric,Manual,4045,179,Second Hand,31.7,2000.0
Tesla,Model X,1997,0,Hybrid,Automatic,4282,234,Brand New,8.0,245365.98
McLaren,570S,1992,17672,Diesel,Manual,4803,345,Second Hand,21.7,2000.0
BMW,3 Series,2016,94996,Electric,Manual,1461,330,Second Hand,12.6,44155.78
Mercedes-Benz,E-Class,2012,0,Diesel,Manual,4807,398,Brand New,30.4,88568.89
McLaren,720S,2024,0,Diesel,Automatic,3495,302,Brand New,29.3,342854.2
Volvo,XC40,2000,227041,Petrol,Automatic,2876,224,Second Hand,20.2,2000.0
Tesla,Model 3,2024,0,Electric,Manual,1494,193,Brand New,35.0,282547.34
Ford,Mustang,1992,0,Diesel,Manual,1517,343,Brand New,26.7,20065.92
Tata,Safari,1991,0,Petrol,Manual,1555,238,Brand New,9.4,22604.58
Mercedes-Benz,E-Class,1994,165491,Electric,Manual,2017,128,Second Hand,25.2,2000.0
Tata,Harrier,2000,0,Electric,Automatic,3887,67,Brand New,26.1,11831.52
Kia,Seltos,1989,219806,Petrol,Automatic,1362,389,Second Hand,14.0,2000.0
McLaren,720S,2011,229194,Electric,Manual,2383,153,Second Hand,14.7,154818.73
Tesla,Model S,2007,0,Electric,Manual,4554,361,Brand New,18.7,109778.12
Honda,CRV,2019,0,Diesel,Manual,4222,588,Brand New,15.9,24062.56
BMW,5 Series,1992,186285,Electric,Manual,1048,150,Second Hand,34.7,2000.0
Volvo,XC60,2008,217121,Petrol,Manual,2320,527,Second Hand,9.8,28684.26
Ford,Mustang,2024,205292,Diesel,Manual,4709,233,Second Hand,25.8,2000.0
Lamborghini,Aventador,2020,196475,Hybrid,Manual,877,178,Second Hand,13.0,135799.41
Rolls-Royce,Ghost,1988,0,Petrol,Automatic,3755,686,Brand New,8.5,136663.66
Mercedes-Benz,GLC,2007,0,Electric,Automatic,1841,684,Brand New,29.8,83499.67
Rolls-Royce,Phantom,2020,0,Diesel,Manual,1850,128,Brand New,13.1,337503.3
Nissan,Micra,1985,56694,Electric,Manual,3762,693,Second Hand,17.9,2000.0
BMW,5 Series,2003,0,Petrol,Automatic,1290,650,Brand New,20.5,100161.92
Ferrari,488,1986,221796,Diesel,Automatic,2835,589,Second Hand,17.2,2000.0
Honda,Civic,1987,0,Hybrid,Automatic,2230,241,Brand New,29.2,15404.41
Porsche,Macan,2006,9794,Hybrid,Manual,3767,532,Second Hand,15.1,11613.64
Ford,Endeavour,1996,0,Electric,Automatic,3202,126,Brand New,23.2,30177.84
Ford,Figo,1995,208709,Electric,Manual,2280,147,Second Hand,17.1,2000.0
Porsche,Macan,1988,55780,Diesel,Manual,1448,652,Second Hand,18.4,2000.0
Nissan,Kicks,2001,0,Electric,Manual,2218,64,Brand New,15.3,16617.29
Kia,Seltos,2016,227809,Electric,Automatic,3996,318,Second Hand,25.4,6449.92
BMW,X5,2016,155070,Hybrid,Manual,2006,385,Second Hand,11.9,37593.05
McLaren,720S,2011,0,Hybrid,Manual,3369,505,Brand New,33.2,183803.59
Mahindra,Scorpio,1995,0,Petrol,Automatic,3237,620,Brand New,15.7,20762.86
Toyota,Corolla,1995,230768,Electric,Automatic,4807,603,Second Hand,24.2,2000.0
Toyota,RAV4,1985,0,Diesel,Automatic,904,513,Brand New,29.6,30352.49
Audi,Q5,1993,0,Electric,Automatic,2795,587,Brand New,13.4,64886.66
Nissan,Micra,2000,175265,Diesel,Manual,1926,334,Second Hand,31.8,2000.0
Nissan,Kicks,2019,110864,Petrol,Automatic,3384,175,Second Hand,22.7,23372.18
Mercedes-Benz,E-Class,2003,83540,Electric,Automatic,1377,279,Second Hand,15.5,2342.56
Mercedes-Benz,GLA,1995,0,Petrol,Automatic,1165,399,Brand New,12.1,55997.73
Ford,Figo,2009,181524,Diesel,Manual,4355,405,Second Hand,27.6,2000.0
Ford,Figo,2015,0,Electric,Automatic,2690,203,Brand New,12.9,39364.51
Rolls-Royce,Phantom,2007,0,Petrol,Manual,3480,622,Brand New,27.0,111068.81
Ferrari,488,2019,118989,Petrol,Manual,4092,612,Second Hand,16.4,61577.0
Ferrari,Roma,1998,0,Electric,Automatic,4901,699,Brand New,12.0,345198.41
Land Rover,Discovery,2024,0,Hybrid,Manual,3089,432,Brand New,15.0,83403.81
McLaren,570S,2012,0,Electric,Automatic,3630,417,Brand New,21.6,229707.92
Tesla,Model Y,1988,152567,Electric,Manual,3579,504,Second Hand,12.9,2000.0
Kia,Sonet,2012,0,Petrol,Manual,4765,671,Brand New,15.8,32893.05
Volkswagen,Polo,2002,0,Diesel,Automatic,2683,553,Brand New,20.9,21670.03
Mahindra,Scorpio,2012,217729,Electric,Manual,1428,618,Second Hand,16.1,3368.38
Land Rover,Range Rover,2012,0,Hybrid,Automatic,3376,106,Brand New,34.4,100062.61
Porsche,911,2020,0,Hybrid,Automatic,1725,349,Brand New,16.7,80068.52
Ferrari,488,2004,161800,Petrol,Manual,3509,155,Second Hand,34.6,2000.0
Ford,Endeavour,2006,125660,Hybrid,Automatic,2809,158,Second Hand,21.6,2000.0
Toyota,Camry,2022,43626,Diesel,Manual,2171,668,Second Hand,23.8,23728.81
Land Rover,Range Rover,2008,40956,Hybrid,Manual,947,587,Second Hand,20.6,2000.0
Kia,Seltos,1987,225932,Electric,Manual,2117,525,Second Hand,19.7,2000.0
Mahindra,Thar,2023,0,Petrol,Automatic,3468,391,Brand New,21.5,15190.96
BMW,X5,2016,213241,Petrol,Manual,2944,640,Second Hand,30.3,47557.95
Volkswagen,Vento,2010,209142,Petrol,Manual,3653,470,Second Hand,11.2,10040.12
Porsche,Cayenne,1994,66413,Electric,Manual,2380,414,Second Hand,8.5,2000.0
Volvo,S60,1985,0,Electric,Manual,2993,264,Brand New,14.8,66075.41
Kia,Seltos,2010,202043,Petrol,Manual,3781,693,Second Hand,25.9,2000.0
Nissan,Magnite,1995,89485,Hybrid,Automatic,4089,276,Second Hand,15.7,2000.0
Toyota,Fortuner,1998,137257,Electric,Automatic,3803,655,Second Hand,27.7,2000.0
Land Rover,Discovery,1992,0,Electric,Automatic,4397,266,Brand New,24.1,96979.3
Ferrari,488,2002,25002,Diesel,Manual,1006,446,Second Hand,9.6,32617.36
Nissan,Micra,2003,243529,Petrol,Manual,4733,73,Second Hand,9.3,2000.0
Lamborghini,Huracan,1990,129708,Electric,Manual,4082,199,Second Hand,13.6,2000.0
Volkswagen,Polo,2013,12651,Hybrid,Manual,1224,169,Second Hand,15.2,9737.5
Mahindra,XUV500,1989,0,Electric,Manual,2927,301,Brand New,17.9,31408.57
McLaren,570S,1985,0,Hybrid,Manual,4751,298,Brand New,30.0,93565.44
Hyundai,Elantra,2021,119584,Electric,Manual,4985,530,Second Hand,34.3,3682.77
BMW,X5,2024,0,Petrol,Automatic,4066,380,Brand New,14.8,52461.81
Mahindra,Thar,2021,164367,Electric,Manual,1306,408,Second Hand,14.0,2000.0
McLaren,720S,1999,47718,Petrol,Manual,2449,418,Second Hand,23.2,34994.42
Hyundai,Elantra,1999,185767,Petrol,Automatic,3803,282,Second Hand,15.7,2000.0
Honda,CRV,1986,0,Hybrid,Manual,3472,691,Brand New,20.5,23889.04
Ferrari,Roma,2013,42280,Petrol,Automatic,1331,630,Second Hand,30.2,38496.03
Nissan,Magnite,1992,245668,Diesel,Manual,2562,66,Second Hand,32.3,2000.0
Nissan,Magnite,2001,0,Electric,Automatic,3583,241,Brand New,29.2,27068.38
Tesla,Model S,1993,72517,Hybrid,Automatic,4010,168,Second Hand,28.5,2000.0
Ford,Mustang,1987,212310,Electric,Manual,4194,341,Second Hand,28.6,2000.0
Rolls-Royce,Ghost,1995,0,Petrol,Manual,4305,497,Brand New,33.6,278834.54
Tesla,Model X,1985,196816,Hybrid,Automatic,2710,536,Second Hand,23.5,2000.0
Ferrari,Roma,2020,182163,Diesel,Manual,4114,282,Second Hand,10.4,253871.93
BMW,3 Series,2010,149335,Diesel,Manual,4195,536,Second Hand,23.2,2000.0
Mercedes-Benz,GLC,2013,0,Hybrid,Manual,3674,127,Brand New,34.8,82815.95
Mercedes-Benz,GLC,1992,0,Diesel,Automatic,2895,500,Brand New,15.7,74846.02
Hyundai,Elantra,2004,0,Electric,Manual,2448,144,Brand New,14.5,36911.14
Volkswagen,Polo,2022,181449,Electric,Manual,4663,171,Second Hand,11.5,19314.17
Kia,Seltos,1988,0,Petrol,Automatic,911,523,Brand New,29.1,33623.17
Nissan,Micra,1998,65955,Diesel,Manual,3054,629,Second Hand,12.2,2000.0
Tata,Nexon,1993,43569,Electric,Automatic,4862,290,Second Hand,30.6,2000.0
Porsche,911,2001,0,Electric,Manual,2856,595,Brand New,20.1,90179.4
Toyota,RAV4,2003,243182,Electric,Automatic,3636,147,Second Hand,21.4,2000.0
Tata,Harrier,2005,233592,Petrol,Automatic,3643,606,Second Hand,25.1,2000.0
Land Rover,Range Rover,2008,0,Electric,Manual,4030,425,Brand New,11.5,53599.38
Land Rover,Discovery,2001,198635,Diesel,Automatic,4112,304,Second Hand,15.9,2000.0
McLaren,720S,2010,191982,Petrol,Automatic,3659,551,Second Hand,25.7,64539.98
Kia,Seltos,1985,0,Petrol,Manual,2177,365,Brand New,27.2,15096.34
Mahindra,Scorpio,2004,0,Petrol,Manual,4247,110,Brand New,29.2,21991.35
Rolls-Royce,Phantom,1987,241932,Electric,Manual,4668,141,Second Hand,13.9,2000.0
BMW,3 Series,1995,0,Petrol,Manual,837,441,Brand New,34.2,75991.59
Rolls-Royce,Ghost,1989,134380,Diesel,Manual,3267,117,Second Hand,27.5,2000.0
Tesla,Model Y,2022,133529,Petrol,Manual,3695,107,Second Hand,24.4,182411.5
Toyota,Camry,2001,140445,Hybrid,Manual,2029,80,Second Hand,29.1,2000.0
McLaren,720S,2011,0,Hybrid,Manual,1102,617,Brand New,29.1,383245.14
Toyota,RAV4,2005,0,Petrol,Manual,4624,523,Brand New,27.7,28479.18
Kia,Seltos,2001,187086,Diesel,Automatic,3324,198,Second Hand,33.6,2000.0
Ferrari,Roma,1988,127812,Petrol,Manual,4568,169,Second Hand,26.5,2000.0
Tesla,Model 3,1990,159104,Petrol,Manual,1736,666,Second Hand,16.0,2000.0
Honda,City,2019,0,Diesel,Automatic,2154,630,Brand New,19.8,34855.87
Rolls-Royce,Phantom,2012,240028,Diesel,Manual,2065,277,Second Hand,10.3,174747.74
Nissan,Kicks,2020,104973,Electric,Manual,3152,233,Second Hand,28.6,21581.15
Volvo,S60,1994,0,Petrol,Manual,4754,270,Brand New,26.7,111982.42
Honda,Civic,2011,0,Diesel,Automatic,4531,112,Brand New,32.2,37167.9
Volvo,S60,1990,0,Hybrid,Automatic,4873,540,Brand New,12.3,53214.65
Nissan,Micra,2024,19340,Hybrid,Automatic,4978,518,Second Hand,18.9,15546.57
Ferrari,488,1991,65492,Electric,Manual,2575,426,Second Hand,12.0,2000.0
Mercedes-Benz,C-Class,1989,246224,Petrol,Manual,4708,541,Second Hand,14.4,2000.0
McLaren,720S,2005,0,Petrol,Automatic,2654,60,Brand New,30.9,255351.62
Mahindra,Thar,1997,0,Electric,Automatic,1817,290,Brand New,10.8,43593.03
Kia,Carnival,2006,0,Hybrid,Automatic,877,581,Brand New,23.3,23473.68
Nissan,Magnite,2006,0,Petrol,Manual,1742,527,Brand New,32.3,20289.64
Ford,Mustang,1997,0,Hybrid,Manual,4068,380,Brand New,24.5,34917.22
Lamborghini,Aventador,1985,62949,Diesel,Automatic,3702,315,Second Hand,13.5,2000.0
Hyundai,Elantra,2008,0,Electric,Manual,2294,679,Brand New,33.2,19761.98
Land Rover,Range Rover,2013,0,Hybrid,Automatic,1233,280,Brand New,13.3,88706.86
Volkswagen,Passat,2009,0,Hybrid,Automatic,3155,314,Brand New,27.8,26431.42
Hyundai,Creta,2024,142731,Petrol,Automatic,1815,370,Second Hand,30.3,12311.24
BMW,5 Series,1991,6499,Petrol,Automatic,3907,139,Second Hand,25.2,2000.0
Tesla,Model 3,2020,0,Diesel,Manual,1180,379,Brand New,22.5,215795.01
Ford,Endeavour,1996,194885,Petrol,Automatic,1273,131,Second Hand,19.5,2000.0
McLaren,720S,2002,0,Hybrid,Automatic,2885,430,Brand New,19.9,142405.06
Tata,Harrier,1991,0,Petrol,Manual,2668,79,Brand New,17.8,11933.44
Tata,Safari,2006,125907,Electric,Manual,811,246,Second Hand,22.3,2000.0
Land Rover,Range Rover,2000,104113,Hybrid,Manual,4968,427,Second Hand,29.5,2000.0
Audi,A4,2012,0,Hybrid,Automatic,1038,256,Brand New,31.7,92908.41
McLaren,570S,1999,33997,Diesel,Automatic,2450,67,Second Hand,21.4,13518.39
Tata,Harrier,1998,0,Electric,Automatic,982,675,Brand New,22.3,12690.66
Mercedes-Benz,GLA,2023,124728,Diesel,Manual,1115,632,Second Hand,20.1,60149.16
Hyundai,Elantra,1991,0,Diesel,Automatic,1321,494,Brand New,27.8,17961.5
Rolls-Royce,Ghost,1989,0,Diesel,Manual,2085,245,Brand New,33.8,352578.16
Land Rover,Range Rover,2013,237357,Electric,Automatic,2381,472,Second Hand,8.2,28084.37
Tesla,Model 3,1989,0,Electric,Manual,4217,187,Brand New,31.7,197116.57
Lamborghini,Aventador,1990,247965,Electric,Manual,4806,227,Second Hand,21.0,2000.0
Mercedes-Benz,GLA,1999,0,Hybrid,Manual,1068,201,Brand New,18.8,76019.68
Audi,A4,2000,243396,Petrol,Automatic,2681,380,Second Hand,33.2,2000.0
Nissan,Micra,2021,245649,Electric,Manual,2830,396,Second Hand,22.8,4924.12
Honda,City,2021,20531,Diesel,Manual,992,95,Second Hand,13.8,27216.9
Tesla,Model Y,1988,0,Electric,Automatic,1217,283,Brand New,9.9,345231.88
Honda,Accord,2021,0,Hybrid,Automatic,2276,270,Brand New,26.3,13133.41
Ford,Figo,2017,16509,Petrol,Manual,1125,450,Second Hand,28.1,9669.49
Volkswagen,Polo,1994,0,Petrol,Automatic,3118,598,Brand New,32.9,23483.26
Porsche,Macan,2024,0,Electric,Automatic,4814,228,Brand New,15.3,94490.06
BMW,X5,2017,165988,Petrol,Automatic,4401,331,Second Hand,30.9,59479.89
Rolls-Royce,Phantom,2021,95563,Electric,Automatic,3843,524,Second Hand,8.4,185024.22
Volvo,XC40,1994,0,Diesel,Automatic,4071,289,Brand New,24.1,112035.65
Honda,Civic,2024,42217,Hybrid,Manual,4972,567,Second Hand,14.9,12299.19
Mahindra,XUV500,1996,0,Electric,Manual,2498,443,Brand New,32.7,28579.83
BMW,X5,2020,222011,Electric,Manual,2300,190,Second Hand,16.5,28452.08
Hyundai,Verna,2019,23369,Petrol,Automatic,910,322,Second Hand,30.5,7087.74
Mahindra,XUV500,2011,0,Electric,Automatic,1546,245,Brand New,19.3,33566.44
Nissan,Magnite,1990,0,Electric,Manual,4959,86,Brand New,25.7,32330.63
BMW,X5,2023,157036,Diesel,Manual,1872,267,Second Hand,21.6,41421.08
Hyundai,Elantra,1999,0,Petrol,Automatic,4912,345,Brand New,34.0,20433.9
Tesla,Model X,2017,0,Electric,Automatic,3366,679,Brand New,32.1,143701.74
Audi,Q5,2004,0,Hybrid,Manual,3514,491,Brand New,30.4,60680.6
Porsche,Macan,2015,147897,Diesel,Manual,2415,530,Second Hand,32.9,22718.65
Lamborghini,Huracan,1999,0,Petrol,Automatic,821,509,Brand New,34.4,299907.57
Rolls-Royce,Ghost,1986,241165,Diesel,Manual,3610,367,Second Hand,23.6,2000.0
McLaren,720S,2022,53796,Diesel,Manual,2012,103,Second Hand,26.6,192083.23
Tata,Harrier,2012,0,Electric,Automatic,1878,228,Brand New,32.3,38239.7
Kia,Seltos,2005,0,Petrol,Automatic,2096,93,Brand New,15.1,19239.51
Tesla,Model X,1997,0,Electric,Manual,1932,512,Brand New,24.1,112232.14
Tata,Safari,2011,0,Petrol,Automatic,3709,683,Brand New,33.9,28270.92
Tesla,Model 3,1992,0,Diesel,Automatic,3468,327,Brand New,17.9,355761.82
Hyundai,Verna,1992,207978,Diesel,Manual,2669,438,Second Hand,22.8,2000.0
Porsche,911,1985,0,Petrol,Automatic,2817,620,Brand New,10.3,72855.72
Kia,Sonet,1990,0,Diesel,Manual,2021,233,Brand New,16.0,20872.79
Hyundai,Creta,2020,60374,Electric,Manual,1233,433,Second Hand,25.7,10769.58
Toyota,Camry,2018,55914,Electric,Automatic,2003,637,Second Hand,19.1,16960.99
Porsche,911,2024,0,Hybrid,Automatic,4943,440,Brand New,8.8,58422.5
Rolls-Royce,Ghost,2024,0,Diesel,Manual,2792,461,Brand New,20.6,361042.31
Mercedes-Benz,GLA,2000,62971,Petrol,Automatic,2066,673,Second Hand,27.6,2000.0
Tata,Harrier,2001,0,Hybrid,Automatic,1934,641,Brand New,31.6,23936.22
Volkswagen,Passat,2005,0,Electric,Automatic,4978,534,Brand New,8.0,18151.19
Kia,Sonet,2023,248694,Petrol,Automatic,2292,285,Second Hand,10.5,7988.63
Land Rover,Discovery,1988,151895,Electric,Manual,1687,504,Second Hand,19.3,2000.0
Mahindra,XUV500,2022,0,Diesel,Manual,2201,682,Brand New,28.7,33923.73
Land Rover,Range Rover,2011,0,Electric,Automatic,1878,611,Brand New,18.7,71984.03
Honda,Civic,1993,50282,Petrol,Manual,1132,428,Second Hand,26.9,2000.0
Rolls-Royce,Phantom,2002,228894,Hybrid,Automatic,3488,92,Second Hand,8.5,2000.0
Mahindra,Thar,1991,207566,Diesel,Manual,2245,268,Second Hand,18.2,2000.0
Ferrari,Roma,2017,182089,Electric,Manual,2057,341,Second Hand,28.2,200292.1
Toyota,Fortuner,1986,95571,Diesel,Automatic,4015,417,Second Hand,31.7,2000.0
Toyota,Camry,2004,163605,Electric,Automatic,3702,203,Second Hand,31.3,4724.16
Mercedes-Benz,C-Class,2022,35250,Petrol,Manual,4904,397,Second Hand,18.7,49726.54
Nissan,Magnite,2008,225431,Electric,Automatic,1935,329,Second Hand,30.7,2505.28
BMW,X5,2000,201739,Diesel,Manual,3631,311,Second Hand,11.5,13074.61
Tesla,Model X,1986,0,Diesel,Automatic,4225,96,Brand New,20.5,298908.71
Tesla,Model Y,1998,22558,Electric,Automatic,3854,217,Second Hand,31.9,2000.0
Rolls-Royce,Ghost,2016,0,Diesel,Manual,838,183,Brand New,26.0,294769.47
Rolls-Royce,Ghost,1989,225655,Electric,Manual,3240,133,Second Hand,34.3,2000.0
Audi,A6,2022,25177,Electric,Manual,1085,362,Second Hand,24.8,58756.57
Hyundai,i20,1992,0,Electric,Manual,4919,451,Brand New,11.2,24191.69
Ferrari,488,1991,201484,Hybrid,Manual,3103,423,Second Hand,22.3,2000.0
Toyota,Corolla,2003,0,Hybrid,Manual,1669,262,Brand New,30.1,27609.76
Kia,Carnival,1985,80240,Electric,Automatic,2891,332,Second Hand,10.7,2000.0
Audi,Q5,2017,188196,Electric,Automatic,3577,277,Second Hand,28.3,23651.88
Toyota,Corolla,1991,184582,Petrol,Manual,3213,451,Second Hand,26.1,2000.0
Volkswagen,Polo,1998,40694,Electric,Manual,1232,570,Second Hand,22.1,2000.0
Tesla,Model X,2005,0,Petrol,Automatic,2477,223,Brand New,26.4,159000.99
Kia,Sonet,2007,11567,Petrol,Automatic,3770,465,Second Hand,32.1,8752.97
Ford,Endeavour,2016,0,Electric,Manual,1331,647,Brand New,30.8,30165.46
Volvo,S60,1986,60254,Electric,Automatic,1082,131,Second Hand,34.7,2000.0
Tesla,Model X,2018,74129,Diesel,Automatic,1324,472,Second Hand,32.8,234879.96
BMW,X3,2007,72949,Electric,Manual,3397,587,Second Hand,21.4,16884.02
Honda,CRV,2006,0,Hybrid,Manual,3559,582,Brand New,32.1,40208.01
Ford,Mustang,1991,213739,Electric,Automatic,2897,186,Second Hand,11.7,2000.0
Tata,Harrier,1987,0,Electric,Automatic,1206,601,Brand New,27.8,32388.34
Nissan,Magnite,1989,0,Diesel,Automatic,2446,654,Brand New,10.9,10321.89
Audi,Q5,2022,0,Diesel,Automatic,1682,573,Brand New,19.3,90627.11
Tata,Harrier,1990,81465,Petrol,Manual,4003,78,Second Hand,33.2,2000.0
Volvo,XC60,1985,0,Hybrid,Automatic,881,233,Brand New,25.2,74910.72
Volkswagen,Passat,2011,0,Electric,Manual,1007,435,Brand New,33.0,42653.86
Tata,Nexon,1990,0,Petrol,Automatic,2977,272,Brand New,29.8,31630.55
Ferrari,488,2010,136145,Electric,Automatic,4070,80,Second Hand,10.4,76176.06
Volkswagen,Polo,2000,0,Diesel,Automatic,1069,389,Brand New,16.4,24037.72
Rolls-Royce,Phantom,2022,0,Diesel,Manual,3245,573,Brand New,19.4,144505.34
Porsche,Macan,2001,0,Petrol,Manual,1610,640,Brand New,27.6,72970.83
Rolls-Royce,Phantom,2001,0,Hybrid,Manual,4455,273,Brand New,21.5,318316.27
Volkswagen,Vento,2000,102675,Electric,Automatic,3792,62,Second Hand,11.6,2000.0
Ford,Mustang,1989,39506,Electric,Manual,4033,446,Second Hand,18.2,2000.0
Mercedes-Benz,GLC,2024,247703,Petrol,Manual,3069,659,Second Hand,23.2,68067.74
Volkswagen,Polo,2008,0,Petrol,Manual,4410,150,Brand New,19.1,32873.53
Honda,Accord,1999,146991,Hybrid,Automatic,2447,319,Second Hand,21.4,2000.0
Ferrari,Roma,2012,212965,Petrol,Manual,2627,632,Second Hand,30.8,73267.21
Ford,Endeavour,2017,215001,Diesel,Automatic,3050,109,Second Hand,16.3,14559.96
Tesla,Model 3,2002,0,Hybrid,Automatic,1215,456,Brand New,22.1,338000.94
Porsche,Macan,1992,7903,Electric,Automatic,2655,558,Second Hand,12.1,2000.0
Hyundai,Creta,2008,89825,Petrol,Automatic,1503,553,Second Hand,12.1,2000.0
Land Rover,Range Rover,1992,0,Hybrid,Manual,4597,207,Brand New,15.3,57595.9
Tata,Harrier,2003,104142,Petrol,Manual,4855,578,Second Hand,24.7,2000.0
Mercedes-Benz,C-Class,1996,0,Petrol,Manual,4892,590,Brand New,22.5,72611.42
Lamborghini,Aventador,2019,0,Petrol,Manual,1927,441,Brand New,16.6,155015.75
Ferrari,488,2006,0,Petrol,Automatic,953,260,Brand New,32.6,275090.56
Mercedes-Benz,E-Class,2021,51847,Hybrid,Manual,2633,77,Second Hand,11.3,44011.13
Hyundai,i20,1994,82996,Hybrid,Automatic,4478,176,Second Hand,19.8,2000.0
Tesla,Model S,1994,0,Hybrid,Manual,2793,132,Brand New,31.5,253286.68
BMW,3 Series,1988,0,Electric,Manual,1020,284,Brand New,14.1,65787.93
Ford,Mustang,2012,0,Hybrid,Manual,2839,153,Brand New,9.7,21187.63
Toyota,Corolla,1999,231005,Electric,Automatic,1620,98,Second Hand,29.6,2000.0
Ferrari,Roma,1987,58577,Petrol,Automatic,4606,105,Second Hand,23.4,2000.0
Honda,Civic,2012,223133,Electric,Manual,1310,632,Second Hand,9.5,2000.0
McLaren,570S,2014,0,Diesel,Manual,3949,471,Brand New,26.6,195199.78
Mercedes-Benz,GLC,1997,0,Diesel,Automatic,2892,462,Brand New,8.1,91888.27
Rolls-Royce,Phantom,2016,156148,Electric,Automatic,3514,194,Second Hand,32.1,149005.26
Tata,Harrier,1995,215409,Electric,Automatic,4581,541,Second Hand,16.7,2000.0
Mahindra,XUV500,2004,249317,Hybrid,Manual,3732,102,Second Hand,19.7,2000.0
Honda,Accord,2007,230419,Electric,Manual,3140,439,Second Hand,17.4,2000.0
Kia,Carnival,1986,132202,Petrol,Automatic,810,87,Second Hand,15.4,2000.0
Tata,Harrier,2011,0,Diesel,Automatic,3123,503,Brand New,9.1,37943.93
Porsche,911,1988,209478,Diesel,Automatic,2808,548,Second Hand,15.6,2000.0
Mercedes-Benz,C-Class,2020,190943,Electric,Automatic,4189,86,Second Hand,16.1,38920.45
Hyundai,Creta,2011,0,Petrol,Automatic,1323,375,Brand New,27.5,18772.33
Tata,Harrier,2013,0,Petrol,Automatic,1820,650,Brand New,22.1,32704.26
McLaren,570S,2001,0,Hybrid,Automatic,2572,272,Brand New,26.0,330193.36
Honda,CRV,1990,0,Electric,Automatic,4476,162,Brand New,16.9,19187.39
Toyota,Corolla,2014,0,Electric,Manual,1430,609,Brand New,22.2,19395.77
Land Rover,Discovery,2012,209587,Electric,Automatic,4626,321,Second Hand,25.1,5510.95
Rolls-Royce,Phantom,1993,0,Petrol,Manual,2851,171,Brand New,23.6,144522.52
Lamborghini,Aventador,2022,0,Electric,Manual,2602,641,Brand New,21.6,434595.27
Mercedes-Benz,E-Class,1991,0,Diesel,Automatic,956,552,Brand New,16.3,60698.64
Mahindra,Thar,2009,162464,Electric,Automatic,1689,497,Second Hand,32.4,2000.0
Kia,Seltos,2023,166288,Petrol,Manual,3923,209,Second Hand,25.3,24238.82
Kia,Sonet,2010,146166,Electric,Manual,3877,407,Second Hand,15.7,2000.0
BMW,X5,1989,86063,Electric,Manual,1936,550,Second Hand,25.1,2000.0
Audi,Q3,2003,0,Hybrid,Automatic,4056,434,Brand New,30.1,88350.52
Rolls-Royce,Ghost,1999,229931,Hybrid,Manual,2367,632,Second Hand,21.1,2000.0
Kia,Sonet,1992,0,Electric,Manual,1798,556,Brand New,20.8,17464.61
Ford,Endeavour,2023,0,Hybrid,Manual,4408,351,Brand New,34.5,31708.55
Kia,Carnival,2003,0,Diesel,Automatic,1504,299,Brand New,20.2,24254.22
Kia,Carnival,2018,143704,Diesel,Automatic,2301,629,Second Hand,31.7,5542.05
Tata,Nexon,1987,0,Petrol,Manual,4813,215,Brand New,12.6,18238.66
Lamborghini,Huracan,2014,0,Hybrid,Automatic,4700,113,Brand New,29.8,136914.03
Tata,Nexon,2019,135398,Hybrid,Manual,3881,375,Second Hand,30.8,18870.99
McLaren,720S,2018,93398,Electric,Automatic,4348,211,Second Hand,30.3,90554.65
Kia,Carnival,2008,123203,Hybrid,Manual,996,488,Second Hand,25.6,2000.0
Nissan,Magnite,1996,0,Petrol,Manual,1730,456,Brand New,8.4,11919.05
Tesla,Model Y,1994,108797,Diesel,Manual,3423,698,Second Hand,13.4,6749.22
Porsche,911,2006,177853,Diesel,Manual,2557,303,Second Hand,9.9,10094.45
Toyota,Camry,2017,245373,Hybrid,Automatic,4441,564,Second Hand,18.8,7455.25
Hyundai,i20,2013,0,Petrol,Automatic,4323,460,Brand New,12.6,12488.31
Mercedes-Benz,E-Class,2014,0,Hybrid,Manual,4023,233,Brand New,28.6,66681.34
Honda,Civic,2016,0,Petrol,Automatic,3969,611,Brand New,13.6,34345.54
Volvo,XC40,2010,0,Diesel,Automatic,927,396,Brand New,8.4,94710.9
Lamborghini,Aventador,2000,0,Diesel,Manual,2166,543,Brand New,28.3,271095.92
Volkswagen,Vento,2014,243134,Hybrid,Manual,4516,121,Second Hand,12.0,4864.53
BMW,X3,2006,0,Petrol,Manual,859,670,Brand New,13.0,70145.24
Mahindra,XUV500,2009,0,Electric,Automatic,3655,496,Brand New,25.4,14899.13
Lamborghini,Aventador,2014,0,Electric,Manual,1333,515,Brand New,16.2,345473.69
BMW,3 Series,1991,0,Hybrid,Manual,4577,137,Brand New,13.9,81314.68
Audi,Q5,2010,0,Diesel,Automatic,2355,166,Brand New,19.2,84988.51
Land Rover,Range Rover,2002,10238,Electric,Manual,1132,473,Second Hand,8.8,2000.0
BMW,5 Series,2017,10195,Hybrid,Automatic,1064,669,Second Hand,14.8,30165.28
Kia,Seltos,2022,0,Petrol,Automatic,4050,599,Brand New,25.4,20130.33
Tata,Safari,2006,0,Petrol,Automatic,2726,418,Brand New,23.0,37109.59
Honda,Civic,1991,37194,Electric,Manual,3511,60,Second Hand,15.6,2000.0
Hyundai,Verna,2012,26953,Electric,Automatic,2606,73,Second Hand,27.7,3083.98
Mercedes-Benz,GLC,2017,0,Petrol,Manual,4573,481,Brand New,26.2,51884.04
Lamborghini,Aventador,1986,127066,Electric,Automatic,3222,361,Second Hand,27.3,2000.0
Tata,Harrier,2023,86415,Diesel,Automatic,1688,360,Second Hand,31.0,3736.81
Land Rover,Discovery,1987,64084,Diesel,Manual,2131,134,Second Hand,31.5,2000.0
Porsche,Cayenne,2010,100126,Hybrid,Manual,4821,283,Second Hand,13.1,2000.0
Ferrari,488,2011,0,Petrol,Automatic,3451,117,Brand New,25.0,131834.55
Ford,Figo,1999,9513,Diesel,Manual,1646,687,Second Hand,9.1,2000.0
Lamborghini,Aventador,2021,0,Hybrid,Manual,1503,221,Brand New,11.4,277506.49
Volvo,XC60,2001,30319,Hybrid,Manual,4005,698,Second Hand,30.4,2000.0
Tata,Safari,2014,137392,Electric,Automatic,1516,344,Second Hand,29.4,12727.01
Land Rover,Discovery,2001,192027,Diesel,Automatic,1819,239,Second Hand,19.3,2000.0
Volkswagen,Vento,2009,0,Hybrid,Manual,3464,466,Brand New,19.9,13728.11
Tata,Nexon,1993,0,Hybrid,Automatic,1089,381,Brand New,30.3,12922.23
Volvo,S60,2009,169546,Hybrid,Manual,1333,90,Second Hand,24.9,2304.8
Volvo,XC40,2001,0,Diesel,Manual,4254,86,Brand New,33.0,73064.49
Ferrari,488,2019,112941,Hybrid,Automatic,2684,353,Second Hand,10.9,164130.21
Honda,City,2007,135359,Hybrid,Automatic,2686,131,Second Hand,17.8,2000.0
Mahindra,XUV500,2014,0,Diesel,Automatic,1853,454,Brand New,20.0,9643.11
Toyota,RAV4,1994,0,Diesel,Manual,2769,564,Brand New,22.1,43042.57
McLaren,570S,1991,0,Diesel,Manual,4965,613,Brand New,10.5,337475.77
McLaren,720S,1987,63202,Electric,Manual,1220,145,Second Hand,31.3,2000.0
Land Rover,Discovery,1996,0,Diesel,Manual,2691,459,Brand New,20.2,44764.93
Nissan,Magnite,1990,58480,Electric,Automatic,1378,246,Second Hand,18.9,2000.0
Volkswagen,Polo,2023,0,Electric,Automatic,1821,696,Brand New,20.9,19449.76
McLaren,570S,2020,44840,Electric,Automatic,3201,555,Second Hand,10.3,139621.01
Toyota,Camry,2007,0,Hybrid,Automatic,1832,607,Brand New,8.7,11924.79
Kia,Sonet,2024,119098,Hybrid,Manual,1547,253,Second Hand,9.2,29460.96
Porsche,Macan,1988,76606,Petrol,Manual,1917,446,Second Hand,13.1,2000.0
Tata,Safari,1987,244192,Electric,Manual,3466,318,Second Hand,13.5,2000.0
Audi,Q5,2018,121886,Diesel,Automatic,3719,283,Second Hand,12.0,46167.79
McLaren,720S,2009,0,Diesel,Automatic,4620,192,Brand New,14.3,324923.03
Porsche,Cayenne,2004,0,Petrol,Manual,3392,417,Brand New,16.0,65278.25
Kia,Sonet,1993,111806,Hybrid,Manual,3228,332,Second Hand,27.4,2000.0
Audi,Q5,2023,45984,Hybrid,Manual,4535,416,Second Hand,16.7,66336.05
Kia,Seltos,2019,57214,Petrol,Automatic,3063,432,Second Hand,15.9,14404.04
Honda,Accord,1988,0,Diesel,Automatic,2606,676,Brand New,8.3,26368.73
Lamborghini,Huracan,1987,0,Hybrid,Automatic,3866,434,Brand New,18.0,276107.99
Honda,Accord,1985,98778,Electric,Manual,2395,296,Second Hand,15.5,2000.0
Ford,Figo,2014,170692,Petrol,Automatic,4792,637,Second Hand,15.9,4598.72
Lamborghini,Aventador,1994,198287,Electric,Manual,1715,248,Second Hand,26.1,8326.52
Kia,Seltos,2003,21669,Diesel,Manual,1915,95,Second Hand,21.4,2000.0
Ford,Endeavour,1989,88254,Electric,Automatic,4820,355,Second Hand,19.4,2000.0
Ford,Figo,2023,0,Petrol,Automatic,1408,693,Brand New,9.1,13131.61
Hyundai,Creta,2014,217949,Petrol,Automatic,1760,632,Second Hand,25.9,2000.0
Hyundai,Elantra,2011,0,Petrol,Automatic,2677,530,Brand New,17.0,12290.15
Volkswagen,Vento,1987,155074,Electric,Manual,1226,549,Second Hand,16.7,2000.0
Kia,Sonet,2001,219536,Diesel,Automatic,2513,399,Second Hand,27.3,2000.0
Volvo,XC60,2023,98168,Petrol,Automatic,3252,298,Second Hand,24.7,59542.4
BMW,3 Series,2019,164257,Petrol,Automatic,4155,200,Second Hand,23.6,46605.1
Nissan,Kicks,2000,162460,Diesel,Automatic,3802,669,Second Hand,23.3,2000.0
Ferrari,488,1989,26887,Hybrid,Automatic,3486,674,Second Hand,25.6,2000.0
BMW,3 Series,1998,172339,Hybrid,Automatic,4089,255,Second Hand,9.7,2000.0
Ferrari,Roma,1989,0,Petrol,Automatic,1565,385,Brand New,26.4,356302.57
Hyundai,Elantra,1988,133551,Petrol,Automatic,1990,555,Second Hand,17.1,2000.0
Tata,Safari,1989,0,Petrol,Manual,3128,182,Brand New,30.1,19989.7
Porsche,911,2013,122024,Diesel,Manual,3581,134,Second Hand,15.2,19764.73
BMW,3 Series,2018,0,Petrol,Manual,933,507,Brand New,12.2,45349.53
Volvo,S60,2010,0,Electric,Manual,1351,206,Brand New,28.8,77829.26
Mahindra,Thar,2003,0,Diesel,Manual,1222,210,Brand New,25.3,37192.53
Tata,Harrier,2005,34084,Electric,Manual,4647,392,Second Hand,21.5,8288.94
Tata,Harrier,2021,40095,Petrol,Manual,864,369,Second Hand,21.8,25948.24
Hyundai,Elantra,1996,10548,Electric,Manual,2727,690,Second Hand,21.9,2000.0
Audi,Q5,1999,245857,Electric,Automatic,4405,383,Second Hand,31.1,2000.0
Audi,Q3,2001,0,Diesel,Automatic,4436,261,Brand New,12.2,94244.86
Land Rover,Range Rover,2003,142454,Electric,Automatic,1962,634,Second Hand,30.7,2000.0
McLaren,720S,2022,222341,Electric,Manual,1052,464,Second Hand,22.0,225006.92
Tesla,Model 3,2021,86757,Petrol,Manual,2139,130,Second Hand,23.5,106145.12
Lamborghini,Aventador,2005,6897,Diesel,Automatic,2038,216,Second Hand,17.0,10770.36
Toyota,Camry,2014,110393,Hybrid,Automatic,2025,546,Second Hand,8.5,12111.48
Porsche,Macan,1985,177676,Electric,Manual,4363,78,Second Hand,13.2,2000.0
Kia,Seltos,1995,21596,Electric,Automatic,1953,144,Second Hand,29.2,2000.0
Lamborghini,Huracan,1989,0,Electric,Manual,837,164,Brand New,16.3,316156.57
Mahindra,XUV500,1999,201326,Electric,Automatic,2906,114,Second Hand,29.5,2000.0
Rolls-Royce,Ghost,2011,0,Electric,Manual,4035,509,Brand New,18.9,95364.41
Toyota,Camry,2003,0,Hybrid,Manual,1865,157,Brand New,29.3,33792.09
Toyota,RAV4,2014,170831,Hybrid,Automatic,3699,256,Second Hand,13.5,2000.0
Mahindra,Scorpio,1997,0,Electric,Manual,1920,276,Brand New,17.3,40580.7
Ferrari,Roma,1991,27723,Petrol,Automatic,1905,295,Second Hand,30.6,2000.0
Tata,Safari,1999,0,Diesel,Manual,4517,322,Brand New,18.3,11007.22
Toyota,Fortuner,2012,0,Diesel,Manual,2808,297,Brand New,24.1,9595.79
Volvo,XC60,2001,234802,Hybrid,Manual,1183,179,Second Hand,28.8,2000.0
Lamborghini,Huracan,1988,0,Electric,Automatic,1989,411,Brand New,27.1,177863.14
Tata,Safari,1997,228594,Hybrid,Automatic,3264,640,Second Hand,11.7,2000.0
Porsche,Macan,2017,85427,Hybrid,Automatic,4557,399,Second Hand,25.5,61181.29
Ford,Figo,2003,44258,Diesel,Automatic,848,127,Second Hand,9.3,3313.58
Mahindra,Thar,2021,125159,Petrol,Manual,4279,450,Second Hand,22.0,21746.18
Volkswagen,Polo,2017,96731,Petrol,Automatic,1743,427,Second Hand,17.1,3754.6
Tesla,Model S,1986,211377,Hybrid,Automatic,979,183,Second Hand,10.3,2000.0
Kia,Carnival,1997,40227,Electric,Automatic,1763,565,Second Hand,17.1,2000.0
Porsche,911,2020,0,Diesel,Manual,2788,419,Brand New,31.4,88293.14
Volvo,XC40,2012,0,Petrol,Manual,3851,206,Brand New,12.7,99187.75
Ferrari,488,2008,0,Hybrid,Automatic,3371,304,Brand New,26.3,328654.31
Toyota,RAV4,1992,0,Hybrid,Manual,4190,277,Brand New,14.0,11715.91
Tesla,Model Y,1986,101238,Petrol,Manual,1264,542,Second Hand,32.3,2000.0
Land Rover,Range Rover,2010,62815,Hybrid,Automatic,1589,557,Second Hand,11.1,17343.14
BMW,5 Series,1993,39775,Electric,Automatic,836,69,Second Hand,8.9,2000.0
Kia,Carnival,1987,80520,Diesel,Manual,1376,376,Second Hand,18.0,2000.0
Tesla,Model Y,1987,214816,Electric,Automatic,4095,402,Second Hand,11.6,2000.0
Rolls-Royce,Phantom,2013,0,Hybrid,Manual,1158,85,Brand New,19.6,331346.77
Mercedes-Benz,C-Class,2006,66171,Petrol,Manual,2433,586,Second Hand,34.8,17433.76
BMW,X5,2019,0,Electric,Automatic,1459,571,Brand New,27.6,77591.49
Lamborghini,Aventador,1985,0,Diesel,Manual,2607,391,Brand New,29.7,261363.3
BMW,5 Series,2011,24844,Diesel,Manual,1372,154,Second Hand,12.4,8310.23
Volkswagen,Passat,1997,221560,Hybrid,Automatic,3360,417,Second Hand,19.0,2000.0
Tesla,Model 3,1987,190501,Petrol,Manual,3419,507,Second Hand,30.7,2000.0
Kia,Sonet,1993,0,Electric,Manual,1416,163,Brand New,27.6,41614.63
Tesla,Model 3,2001,173112,Diesel,Manual,4702,188,Second Hand,26.2,2000.0
Tesla,Model 3,2000,59947,Electric,Automatic,3459,696,Second Hand,17.1,2000.0
Mahindra,Scorpio,1997,12684,Petrol,Automatic,4628,644,Second Hand,31.4,2000.0
Mercedes-Benz,GLA,1989,107271,Diesel,Automatic,4207,291,Second Hand,28.1,2000.0
Volkswagen,Passat,1990,0,Electric,Manual,3583,371,Brand New,31.7,25446.32
Mercedes-Benz,GLC,2022,105668,Petrol,Automatic,4252,485,Second Hand,16.7,45997.67
Lamborghini,Huracan,1994,120351,Diesel,Automatic,2050,274,Second Hand,16.9,2000.0
Land Rover,Discovery,2021,183904,Hybrid,Manual,3000,245,Second Hand,8.6,33840.33
Nissan,Micra,2023,34529,Diesel,Automatic,2157,302,Second Hand,20.6,10798.81
Lamborghini,Huracan,1996,153072,Electric,Automatic,3005,289,Second Hand,34.9,2000.0
Hyundai,Elantra,1988,0,Electric,Manual,4306,65,Brand New,22.7,14383.51
Volkswagen,Vento,2020,249787,Hybrid,Automatic,3067,559,Second Hand,29.3,8862.5
Volvo,XC40,2014,0,Hybrid,Automatic,4554,266,Brand New,33.7,60267.93
Tesla,Model S,1990,99551,Petrol,Manual,1144,183,Second Hand,22.2,2000.0
Volvo,XC40,1998,0,Electric,Automatic,1333,148,Brand New,22.9,52806.42
Tata,Safari,1992,0,Diesel,Automatic,2148,147,Brand New,22.5,20671.92
Tesla,Model S,1994,0,Petrol,Manual,1485,254,Brand New,27.0,295233.92
Land Rover,Discovery,2020,0,Diesel,Automatic,2889,574,Brand New,31.4,82418.91
Kia,Seltos,2022,0,Diesel,Manual,4168,389,Brand New,8.2,40182.26
Mahindra,XUV500,1998,0,Electric,Automatic,2949,548,Brand New,29.1,32737.3
Hyundai,Elantra,2024,155536,Hybrid,Automatic,3409,62,Second Hand,12.8,23517.13
Lamborghini,Aventador,2013,39049,Petrol,Automatic,2088,530,Second Hand,9.0,82821.9
Ford,Figo,2024,0,Electric,Automatic,2617,356,Brand New,27.0,17237.13
Tata,Safari,2000,0,Diesel,Manual,1469,512,Brand New,9.0,25668.55
McLaren,570S,1986,25255,Hybrid,Manual,1568,471,Second Hand,16.1,2000.0
Tesla,Model Y,2018,170389,Hybrid,Automatic,3119,452,Second Hand,20.9,177723.32
Mahindra,Thar,2003,122668,Diesel,Automatic,1508,532,Second Hand,8.4,2000.0
Land Rover,Discovery,2010,59087,Hybrid,Manual,2005,576,Second Hand,10.2,10405.98
Audi,Q3,1998,0,Hybrid,Automatic,1992,377,Brand New,8.7,54131.93
BMW,3 Series,2022,219146,Diesel,Manual,1954,604,Second Hand,28.3,68165.59
Audi,Q5,1999,207393,Electric,Manual,4579,414,Second Hand,23.8,2000.0
Audi,A4,1994,179335,Petrol,Manual,1994,131,Second Hand,16.7,2000.0
Tesla,Model Y,1985,0,Diesel,Automatic,4618,183,Brand New,16.3,204537.58
Tata,Harrier,1986,175214,Hybrid,Manual,4883,235,Second Hand,28.9,2000.0
Kia,Carnival,1988,12408,Diesel,Manual,3222,568,Second Hand,10.8,2000.0
Kia,Sonet,1994,129693,Petrol,Automatic,2657,572,Second Hand,24.8,2000.0
Ferrari,488,2020,0,Hybrid,Automatic,4757,197,Brand New,14.3,101743.29
Ferrari,488,1986,0,Hybrid,Automatic,4631,545,Brand New,19.4,349669.04
McLaren,570S,2003,125914,Petrol,Automatic,2661,264,Second Hand,11.9,2000.0
Tesla,Model Y,2002,0,Diesel,Automatic,2118,515,Brand New,22.1,136912.34
Lamborghini,Huracan,2023,40394,Electric,Automatic,4940,260,Second Hand,14.9,228783.14
Tesla,Model S,2020,0,Hybrid,Manual,2524,647,Brand New,26.2,294280.79
Audi,Q3,1986,143446,Petrol,Automatic,3692,677,Second Hand,9.3,2000.0
Toyota,RAV4,1998,0,Diesel,Manual,3849,242,Brand New,31.7,30990.54
Porsche,Cayenne,1993,0,Diesel,Automatic,4844,266,Brand New,23.3,57012.31
Kia,Seltos,2014,158009,Hybrid,Automatic,1623,401,Second Hand,21.6,4638.82
Tesla,Model X,1996,58616,Diesel,Automatic,2115,667,Second Hand,8.6,5777.51
Tata,Harrier,2006,0,Hybrid,Automatic,4615,85,Brand New,12.9,25095.8
Honda,Civic,1997,0,Hybrid,Manual,3782,495,Brand New,12.4,23200.41
Hyundai,Elantra,1999,229783,Diesel,Automatic,1453,649,Second Hand,13.5,2000.0
Mahindra,Thar,1988,0,Hybrid,Automatic,1371,370,Brand New,23.2,43024.87
Land Rover,Range Rover,1991,0,Petrol,Automatic,1184,144,Brand New,12.7,44212.14
Audi,Q5,1997,0,Hybrid,Manual,2721,495,Brand New,26.2,77924.42
Ferrari,488,2017,0,Petrol,Manual,3589,446,Brand New,15.2,167508.7
Honda,Accord,2018,41265,Diesel,Manual,2460,227,Second Hand,27.3,7311.21
Rolls-Royce,Ghost,1995,233445,Petrol,Manual,2377,269,Second Hand,15.9,2000.0
Hyundai,i20,2008,0,Petrol,Manual,1914,698,Brand New,26.3,35217.12
Kia,Seltos,2010,0,Petrol,Manual,4754,89,Brand New,11.6,12339.77
Volkswagen,Passat,2000,139908,Electric,Manual,1750,278,Second Hand,34.3,2000.0
Kia,Carnival,1995,209431,Hybrid,Manual,3496,234,Second Hand,27.8,2000.0
Tesla,Model 3,1990,0,Electric,Automatic,3445,309,Brand New,20.3,355668.46
Mercedes-Benz,E-Class,2023,0,Hybrid,Manual,3848,508,Brand New,15.7,66765.05
Hyundai,Verna,1993,0,Petrol,Automatic,2261,526,Brand New,31.0,11264.26
Tata,Nexon,2015,0,Electric,Automatic,4596,230,Brand New,34.6,35632.23
Mercedes-Benz,GLA,2015,132035,Electric,Automatic,3742,398,Second Hand,8.8,31242.0
Hyundai,i20,2007,0,Diesel,Manual,4598,491,Brand New,8.5,41748.76
Rolls-Royce,Ghost,1988,170592,Electric,Automatic,3640,172,Second Hand,14.9,2000.0
Lamborghini,Aventador,2001,44801,Petrol,Automatic,2276,580,Second Hand,10.5,2000.0
McLaren,720S,1999,0,Hybrid,Manual,2071,695,Brand New,13.6,195562.16
Volvo,S60,2000,151852,Diesel,Automatic,4028,186,Second Hand,9.8,2000.0
Volvo,S60,2018,183950,Electric,Automatic,2765,141,Second Hand,34.7,46679.22
Hyundai,Verna,2013,0,Hybrid,Automatic,1571,359,Brand New,12.8,19603.0
Ferrari,488,2003,0,Electric,Automatic,3773,109,Brand New,22.7,180059.34
Lamborghini,Huracan,1990,0,Petrol,Automatic,3065,110,Brand New,9.5,173540.53
Mercedes-Benz,GLA,1998,0,Petrol,Automatic,4249,237,Brand New,25.9,81632.05
Land Rover,Discovery,2020,0,Diesel,Automatic,2456,550,Brand New,30.5,90182.6
Hyundai,Verna,2000,0,Petrol,Manual,1850,433,Brand New,20.8,13333.01
Volvo,XC60,1987,0,Electric,Automatic,2296,237,Brand New,27.1,82457.77
Lamborghini,Aventador,1997,105016,Electric,Automatic,1240,529,Second Hand,28.6,2000.0
Tesla,Model 3,2016,0,Electric,Automatic,4229,649,Brand New,25.4,203728.92
Nissan,Micra,1987,36289,Hybrid,Automatic,3147,212,Second Hand,26.8,2000.0
Land Rover,Discovery,1998,62524,Diesel,Manual,1436,208,Second Hand,9.4,2000.0
Tesla,Model X,1988,15112,Hybrid,Automatic,3545,224,Second Hand,33.7,2000.0
Toyota,Camry,2015,0,Petrol,Automatic,2587,501,Brand New,18.5,23871.21
Rolls-Royce,Phantom,1997,0,Hybrid,Manual,2702,679,Brand New,15.2,294594.55
Volvo,XC40,2021,222776,Hybrid,Automatic,4179,510,Second Hand,17.3,36903.17
Lamborghini,Huracan,2005,0,Petrol,Automatic,2524,325,Brand New,16.2,210701.89
Ferrari,Roma,2011,0,Electric,Manual,4838,231,Brand New,29.8,266067.77
Hyundai,i20,2003,0,Diesel,Automatic,4974,170,Brand New,29.4,14243.77
Ford,Mustang,2007,5615,Hybrid,Automatic,4545,696,Second Hand,15.2,11385.62
Lamborghini,Huracan,1999,0,Diesel,Manual,3332,610,Brand New,15.4,215384.03
Toyota,Camry,1992,164991,Electric,Manual,4816,586,Second Hand,17.3,2000.0
Honda,City,2015,201418,Petrol,Automatic,4296,140,Second Hand,19.9,14112.39
Honda,Civic,2012,118574,Hybrid,Manual,2078,70,Second Hand,20.3,4603.92
Honda,Civic,2006,0,Electric,Manual,3151,651,Brand New,11.2,26968.0
Toyota,RAV4,2013,0,Hybrid,Automatic,1661,105,Brand New,23.7,9054.82
Porsche,Cayenne,2019,87425,Diesel,Automatic,4063,519,Second Hand,34.7,63780.12
Lamborghini,Huracan,2020,0,Diesel,Automatic,4900,211,Brand New,16.1,280163.83
Volkswagen,Passat,2018,0,Diesel,Automatic,4090,591,Brand New,10.0,13778.47
McLaren,720S,1995,132144,Diesel,Automatic,2404,648,Second Hand,23.2,2000.0
Volvo,S60,1992,0,Petrol,Automatic,3117,402,Brand New,34.0,77732.5
Tesla,Model X,2014,102076,Diesel,Automatic,1649,602,Second Hand,12.7,155337.37
Kia,Sonet,2005,0,Diesel,Manual,2333,244,Brand New,33.0,13052.92
Tesla,Model S,2016,0,Hybrid,Manual,3270,299,Brand New,14.5,293119.29
Ferrari,488,2014,0,Diesel,Automatic,3528,466,Brand New,31.1,291808.08
Audi,Q5,2010,243649,Petrol,Automatic,2793,394,Second Hand,27.6,11621.49
Tata,Harrier,1989,0,Hybrid,Manual,1420,535,Brand New,28.0,17889.4
Land Rover,Range Rover,2005,234598,Petrol,Manual,1401,556,Second Hand,34.0,2000.0
Honda,CRV,2016,61868,Electric,Manual,2516,461,Second Hand,13.4,19463.49
Mahindra,Thar,2004,0,Electric,Automatic,1446,640,Brand New,21.7,17130.34
Mahindra,XUV500,1988,0,Diesel,Automatic,1253,680,Brand New,13.7,21374.68
Tesla,Model 3,2023,48231,Petrol,Automatic,2847,666,Second Hand,17.8,146040.53
Nissan,Kicks,2015,91945,Petrol,Automatic,1924,186,Second Hand,25.4,3329.09
Rolls-Royce,Ghost,2002,148634,Electric,Manual,3441,85,Second Hand,27.3,2000.0
Toyota,Fortuner,1999,144109,Electric,Manual,1195,582,Second Hand,23.9,2000.0
Volvo,S60,2019,0,Electric,Manual,4321,95,Brand New,34.8,55281.5
Audi,Q5,1986,122597,Hybrid,Automatic,2850,561,Second Hand,31.6,2000.0
Toyota,RAV4,2009,243736,Electric,Manual,4825,553,Second Hand,8.5,2000.0
Lamborghini,Huracan,2002,0,Electric,Manual,3304,249,Brand New,8.3,132094.61
Ford,Endeavour,2005,0,Diesel,Manual,3011,153,Brand New,30.2,17941.11
BMW,X3,2013,55731,Diesel,Manual,4440,628,Second Hand,23.1,33479.65
Honda,Accord,1999,0,Diesel,Manual,1962,477,Brand New,34.1,35254.12
Kia,Carnival,2015,0,Electric,Manual,4892,661,Brand New,27.3,35774.41
Kia,Seltos,1991,73617,Diesel,Manual,3461,362,Second Hand,12.8,2000.0
Land Rover,Discovery,2000,0,Petrol,Manual,2424,420,Brand New,21.8,72461.13
McLaren,570S,1985,137250,Petrol,Automatic,4798,352,Second Hand,16.0,2000.0
Volkswagen,Polo,2012,0,Diesel,Manual,2705,405,Brand New,26.4,19173.7
Mahindra,Thar,2007,109781,Diesel,Manual,1015,687,Second Hand,14.6,2000.0
BMW,5 Series,2017,172788,Petrol,Manual,4800,350,Second Hand,30.2,51906.82
Land Rover,Discovery,1989,0,Petrol,Automatic,3736,98,Brand New,12.4,58053.23
Land Rover,Range Rover,2021,165639,Petrol,Manual,4826,418,Second Hand,31.2,70094.29
McLaren,570S,1985,161739,Electric,Automatic,3344,346,Second Hand,12.2,2000.0
Ford,Figo,2024,199234,Hybrid,Manual,3181,146,Second Hand,11.3,13628.64
Mercedes-Benz,C-Class,2008,132606,Petrol,Manual,1392,604,Second Hand,20.2,2957.6
Tata,Nexon,1990,0,Hybrid,Automatic,2443,298,Brand New,24.4,39365.3
Ferrari,Roma,2021,203932,Diesel,Automatic,2948,275,Second Hand,15.4,232953.39
Rolls-Royce,Phantom,2000,0,Hybrid,Manual,4520,533,Brand New,25.6,175768.96
Mercedes-Benz,C-Class,1991,0,Electric,Manual,4536,523,Brand New,21.4,58344.28
Mercedes-Benz,GLC,2017,224202,Diesel,Manual,2492,449,Second Hand,8.1,21129.04
Mercedes-Benz,GLA,2015,0,Diesel,Automatic,2371,111,Brand New,14.5,86750.59
Volkswagen,Polo,2024,55052,Hybrid,Manual,4209,195,Second Hand,16.5,28510.49
Honda,Accord,2003,223863,Electric,Automatic,1891,604,Second Hand,16.2,2000.0
Land Rover,Range Rover,2002,15623,Petrol,Automatic,1162,133,Second Hand,32.0,8698.03
Hyundai,Verna,2002,50802,Petrol,Manual,1097,230,Second Hand,31.5,2000.0
Kia,Sonet,2022,44142,Electric,Manual,4715,239,Second Hand,23.9,19972.6
Nissan,Micra,2006,0,Electric,Automatic,4588,473,Brand New,11.9,10364.77
Lamborghini,Aventador,1994,148341,Electric,Automatic,1051,296,Second Hand,9.3,2000.0
Nissan,Micra,1999,0,Diesel,Automatic,3623,196,Brand New,14.9,37058.25
McLaren,570S,1990,77815,Electric,Automatic,2882,608,Second Hand,34.3,2000.0
Land Rover,Range Rover,2007,165939,Diesel,Manual,2397,331,Second Hand,20.7,2000.0
Tata,Harrier,2002,11765,Petrol,Manual,1364,417,Second Hand,13.5,2000.0
Kia,Carnival,1988,0,Diesel,Manual,1090,336,Brand New,29.5,27796.06
Mercedes-Benz,E-Class,2015,0,Hybrid,Automatic,3277,252,Brand New,27.4,50715.39
Ford,Figo,2017,123429,Hybrid,Manual,3902,352,Second Hand,17.8,7812.09
Porsche,911,1994,8529,Electric,Manual,3625,91,Second Hand,28.2,6250.44
Rolls-Royce,Phantom,2005,0,Diesel,Automatic,933,131,Brand New,18.0,143351.17
Nissan,Kicks,2005,58742,Diesel,Automatic,3211,372,Second Hand,16.9,2000.0
Tata,Nexon,2015,210515,Electric,Manual,2489,107,Second Hand,29.7,14030.85
Volvo,XC40,2011,192732,Diesel,Automatic,1127,105,Second Hand,8.5,25074.75
Volkswagen,Passat,2012,52862,Electric,Manual,816,462,Second Hand,14.9,3617.73
Tesla,Model 3,2010,81214,Electric,Automatic,3394,174,Second Hand,33.0,41934.0
BMW,X5,2001,103596,Diesel,Automatic,1695,528,Second Hand,22.3,2000.0
Mercedes-Benz,E-Class,1995,0,Petrol,Manual,3245,323,Brand New,30.4,81547.43
Volkswagen,Vento,2002,43733,Petrol,Manual,1157,353,Second Hand,24.6,2000.0
Ford,Figo,2011,175785,Electric,Automatic,2805,320,Second Hand,27.9,8332.41
Tata,Safari,1999,5857,Petrol,Manual,2178,677,Second Hand,22.2,3086.06
Honda,City,2022,159069,Petrol,Manual,4573,297,Second Hand,24.0,25672.96
Rolls-Royce,Ghost,1994,52463,Petrol,Manual,2266,462,Second Hand,11.8,2000.0
Honda,City,2021,0,Electric,Automatic,1479,280,Brand New,23.5,9404.71
Porsche,Cayenne,2024,237241,Petrol,Manual,4714,344,Second Hand,31.2,60324.55
Toyota,RAV4,2013,0,Electric,Manual,948,451,Brand New,31.4,21782.32
Rolls-Royce,Ghost,2007,109065,Electric,Automatic,3091,312,Second Hand,29.2,40307.77
Mahindra,XUV500,2017,242369,Diesel,Automatic,4833,405,Second Hand,33.1,11613.9
Audi,Q3,1997,36917,Hybrid,Automatic,3273,682,Second Hand,16.3,2000.0
Nissan,Kicks,2018,0,Diesel,Manual,4548,305,Brand New,33.4,28931.1
Porsche,Cayenne,1996,0,Diesel,Automatic,4385,350,Brand New,9.5,63238.88
Mercedes-Benz,GLA,2019,0,Petrol,Manual,4136,329,Brand New,23.0,56767.74
Ford,Endeavour,1995,0,Diesel,Automatic,4380,106,Brand New,32.9,11665.89
Mercedes-Benz,GLC,1985,172163,Diesel,Automatic,1375,361,Second Hand,24.8,2000.0
Nissan,Magnite,2011,173219,Petrol,Manual,1422,306,Second Hand,32.0,2000.0
Kia,Seltos,2010,150848,Petrol,Automatic,1258,591,Second Hand,30.4,2000.0
McLaren,570S,1997,0,Diesel,Manual,974,429,Brand New,19.7,330999.15
Rolls-Royce,Phantom,2014,0,Petrol,Automatic,1084,368,Brand New,28.5,184464.15
Rolls-Royce,Phantom,2006,0,Electric,Manual,2169,510,Brand New,12.9,216097.7
Honda,Civic,2024,0,Hybrid,Manual,4291,691,Brand New,31.3,14668.72
Volkswagen,Vento,2021,0,Electric,Automatic,1007,116,Brand New,24.1,28129.52
Porsche,911,1986,81532,Petrol,Automatic,4137,160,Second Hand,24.5,2000.0
Lamborghini,Aventador,2014,0,Diesel,Manual,2424,597,Brand New,33.6,364047.87
Mercedes-Benz,C-Class,2021,0,Electric,Manual,4676,694,Brand New,16.1,54083.92
Land Rover,Range Rover,2004,0,Electric,Manual,3507,383,Brand New,29.8,53851.66
Audi,Q3,1986,244432,Electric,Manual,4405,699,Second Hand,11.4,2000.0
Audi,Q5,2005,92889,Electric,Automatic,3858,499,Second Hand,11.7,2000.0
Kia,Seltos,2016,243710,Hybrid,Manual,1528,628,Second Hand,34.8,7231.33
Kia,Carnival,2013,0,Diesel,Manual,998,240,Brand New,32.0,16728.51
BMW,5 Series,1993,0,Hybrid,Manual,1920,604,Brand New,29.2,104669.52
Lamborghini,Aventador,2021,0,Petrol,Automatic,3019,123,Brand New,26.1,216181.35
Rolls-Royce,Ghost,2010,0,Electric,Automatic,2599,648,Brand New,18.2,157596.58
McLaren,720S,2005,0,Hybrid,Manual,4827,60,Brand New,21.4,177390.11
Audi,A6,2023,167963,Electric,Automatic,2052,503,Second Hand,16.3,52762.55
Mahindra,Scorpio,2024,77362,Petrol,Automatic,3588,149,Second Hand,32.2,30945.82
Land Rover,Range Rover,2007,0,Diesel,Manual,2484,479,Brand New,26.3,79656.62
Kia,Carnival,2024,72560,Electric,Automatic,3103,87,Second Hand,29.1,32849.82
Audi,A6,2016,26734,Diesel,Manual,1589,324,Second Hand,25.3,22942.28
Lamborghini,Huracan,1989,0,Electric,Automatic,3880,351,Brand New,19.9,143458.63
BMW,X5,2016,0,Petrol,Automatic,2480,167,Brand New,31.9,108812.84
Ford,Mustang,2023,9439,Petrol,Manual,957,421,Second Hand,23.6,15340.17
McLaren,720S,2010,67307,Petrol,Manual,2171,634,Second Hand,18.1,15699.22
McLaren,570S,1991,0,Diesel,Automatic,2759,220,Brand New,34.6,308487.55
McLaren,570S,2016,0,Electric,Automatic,2426,474,Brand New,14.8,216476.15
BMW,X3,2010,123720,Electric,Automatic,2807,144,Second Hand,20.5,2361.31
Ferrari,Roma,2023,0,Electric,Automatic,4105,469,Brand New,24.2,167165.52
Mercedes-Benz,GLC,2010,165195,Electric,Manual,3118,545,Second Hand,30.1,24729.58
McLaren,570S,2005,12831,Electric,Automatic,3946,266,Second Hand,17.3,2000.0
Porsche,Macan,1988,164512,Electric,Manual,1812,698,Second Hand,28.0,2000.0
Kia,Carnival,2014,142862,Petrol,Manual,1204,630,Second Hand,8.3,2455.22
Land Rover,Range Rover,1985,53211,Petrol,Automatic,2021,433,Second Hand,15.6,2000.0
Honda,Civic,2009,245478,Petrol,Automatic,2659,327,Second Hand,32.4,2000.0
Volkswagen,Passat,1985,189098,Electric,Manual,1011,328,Second Hand,27.5,2000.0
Ferrari,488,1996,156585,Diesel,Manual,989,590,Second Hand,23.1,2000.0
Mahindra,Scorpio,2000,0,Diesel,Automatic,1272,237,Brand New,19.3,28388.5
Tata,Nexon,1997,0,Diesel,Automatic,1048,662,Brand New,32.3,15085.35
Nissan,Kicks,2003,0,Petrol,Manual,4047,162,Brand New,21.7,16983.84
Tesla,Model S,2007,0,Diesel,Manual,2121,674,Brand New,26.5,365406.84
Ford,Endeavour,2017,56082,Diesel,Automatic,2416,225,Second Hand,24.4,3891.75
Tesla,Model S,2023,0,Hybrid,Manual,2059,136,Brand New,14.9,297326.82
Hyundai,Creta,2012,0,Hybrid,Automatic,1435,88,Brand New,26.2,41500.9
Toyota,Corolla,2024,37791,Petrol,Manual,2182,560,Second Hand,11.0,20315.1
Hyundai,Creta,1987,149126,Electric,Automatic,2864,225,Second Hand,9.3,2000.0
Honda,Civic,2017,222806,Electric,Manual,1230,129,Second Hand,34.7,4771.64
Tata,Safari,2018,54914,Hybrid,Automatic,2421,398,Second Hand,28.0,4729.91
McLaren,570S,1999,50886,Diesel,Automatic,1664,240,Second Hand,29.2,2000.0
Mercedes-Benz,C-Class,2024,0,Petrol,Automatic,2973,545,Brand New,34.3,52447.45
Volkswagen,Passat,2006,0,Petrol,Manual,3922,655,Brand New,10.8,18861.05
Toyota,RAV4,2024,0,Electric,Automatic,4881,307,Brand New,32.7,21403.93
Kia,Seltos,2019,42471,Hybrid,Manual,2098,400,Second Hand,9.0,21541.9
Toyota,Corolla,1993,103091,Electric,Automatic,3330,572,Second Hand,8.1,2000.0
Tata,Safari,2012,27019,Petrol,Manual,4228,208,Second Hand,21.8,5306.76
Rolls-Royce,Phantom,1991,49241,Hybrid,Manual,2359,513,Second Hand,12.2,2000.0
Ford,Figo,2024,0,Diesel,Manual,4377,669,Brand New,32.3,30196.76
Mahindra,Thar,2004,0,Diesel,Automatic,1255,477,Brand New,27.7,33106.35
Mercedes-Benz,GLA,2009,0,Hybrid,Automatic,3140,370,Brand New,28.4,59015.78
Tata,Harrier,2018,0,Electric,Manual,2829,391,Brand New,15.4,32229.74
Volkswagen,Vento,2021,149261,Hybrid,Automatic,1309,542,Second Hand,14.7,15325.29
Audi,Q5,2009,0,Diesel,Automatic,1488,206,Brand New,28.3,82810.87
Hyundai,i20,1997,6815,Diesel,Automatic,4686,398,Second Hand,30.5,2000.0
Mercedes-Benz,GLA,2003,162651,Petrol,Automatic,3325,321,Second Hand,29.2,2000.0
Rolls-Royce,Ghost,1997,0,Diesel,Automatic,1950,467,Brand New,32.4,371876.79
Hyundai,i20,1998,0,Hybrid,Automatic,3945,214,Brand New,26.9,32784.84
Ferrari,488,2014,0,Diesel,Manual,1728,616,Brand New,10.1,260025.16
Nissan,Kicks,2002,31628,Petrol,Automatic,2985,482,Second Hand,10.1,2000.0
Ford,Mustang,1999,0,Hybrid,Manual,3405,293,Brand New,21.4,13671.35
Hyundai,Creta,2017,0,Electric,Manual,1002,674,Brand New,32.9,43292.51
Audi,Q3,2003,0,Diesel,Manual,3272,446,Brand New,16.3,55830.76
Mahindra,XUV500,2009,43974,Diesel,Automatic,4231,502,Second Hand,27.0,2000.0
Mercedes-Benz,GLA,2006,63077,Diesel,Manual,907,321,Second Hand,27.7,2000.0
Honda,CRV,2023,106602,Petrol,Manual,4377,606,Second Hand,22.3,27436.15
Mercedes-Benz,GLA,2021,173997,Diesel,Manual,937,280,Second Hand,10.2,59150.47
Audi,Q3,1988,8303,Electric,Automatic,1572,349,Second Hand,24.2,2000.0
McLaren,570S,2003,37357,Electric,Automatic,3842,190,Second Hand,21.0,45675.01
Nissan,Kicks,2006,129782,Hybrid,Automatic,4721,212,Second Hand,17.9,2000.0
Land Rover,Discovery,2023,0,Hybrid,Manual,4319,582,Brand New,24.7,102983.09
Ferrari,488,2008,239456,Electric,Automatic,4672,652,Second Hand,8.6,19162.72
Lamborghini,Huracan,2007,0,Electric,Manual,3624,326,Brand New,9.5,305970.84
McLaren,720S,2016,206370,Hybrid,Manual,1398,310,Second Hand,21.1,118562.8
Mercedes-Benz,GLC,2006,0,Diesel,Automatic,2352,114,Brand New,24.1,80118.02
Land Rover,Discovery,2006,217570,Hybrid,Automatic,2434,507,Second Hand,30.7,2000.0
Mahindra,Scorpio,1991,119176,Petrol,Manual,2203,147,Second Hand,17.1,2000.0
Volvo,XC40,2021,0,Diesel,Automatic,3027,447,Brand New,8.5,63103.48
Porsche,911,2012,0,Petrol,Automatic,3475,359,Brand New,25.6,60612.55
Hyundai,Verna,2003,223938,Diesel,Automatic,2658,528,Second Hand,23.8,2000.0
Lamborghini,Aventador,2021,0,Petrol,Manual,4936,351,Brand New,23.9,438531.03
Toyota,Corolla,2008,0,Petrol,Automatic,1085,489,Brand New,13.6,34005.56
Toyota,RAV4,1995,0,Diesel,Automatic,2339,568,Brand New,17.5,17465.78
Honda,Civic,2022,0,Diesel,Manual,4243,337,Brand New,21.9,21094.34
Rolls-Royce,Ghost,1992,0,Diesel,Manual,1487,530,Brand New,34.3,111339.0
Audi,Q3,1987,0,Electric,Manual,1618,489,Brand New,19.8,68802.18
Volkswagen,Polo,1997,112047,Diesel,Automatic,2403,564,Second Hand,33.6,2000.0
Nissan,Kicks,2013,226565,Diesel,Manual,3071,308,Second Hand,33.0,3656.36
Nissan,Kicks,2016,0,Hybrid,Automatic,4285,296,Brand New,10.9,32141.21
Ford,Figo,2002,0,Hybrid,Automatic,3651,222,Brand New,20.5,41365.58
Kia,Sonet,2011,208322,Petrol,Manual,2459,607,Second Hand,12.1,2000.0
McLaren,570S,2007,0,Electric,Manual,1658,244,Brand New,30.8,327457.81
BMW,5 Series,2008,0,Petrol,Manual,3958,423,Brand New,31.3,69225.09
Porsche,Cayenne,2018,82618,Hybrid,Manual,3639,422,Second Hand,18.4,32318.75
Ferrari,Roma,1992,163070,Diesel,Automatic,4440,584,Second Hand,26.9,2000.0
Ford,Mustang,2017,0,Electric,Automatic,1443,436,Brand New,20.1,18150.88
Audi,Q3,1998,217440,Electric,Automatic,4521,524,Second Hand,24.5,2000.0
Rolls-Royce,Phantom,1985,0,Electric,Manual,2923,531,Brand New,11.8,301421.63
Mercedes-Benz,C-Class,1995,212572,Hybrid,Automatic,4763,280,Second Hand,28.9,2000.0
Ford,Figo,2024,0,Hybrid,Automatic,3918,318,Brand New,11.8,32268.89
Ferrari,488,2019,0,Hybrid,Manual,3124,606,Brand New,16.0,107389.88
Volvo,XC60,1988,23509,Hybrid,Automatic,4109,642,Second Hand,34.8,2000.0
Land Rover,Discovery,1992,0,Diesel,Automatic,1110,87,Brand New,9.9,49089.77
Ford,Figo,2002,235307,Diesel,Automatic,3332,453,Second Hand,21.7,2000.0
Rolls-Royce,Phantom,1986,87157,Electric,Manual,1819,637,Second Hand,28.1,2000.0
Porsche,Cayenne,1991,0,Electric,Automatic,3836,188,Brand New,17.4,94511.32
Audi,Q3,1997,0,Petrol,Manual,2329,253,Brand New,33.5,79640.87
Nissan,Kicks,2017,0,Electric,Manual,1138,605,Brand New,28.4,36392.46
Ford,Endeavour,2005,0,Diesel,Manual,1763,114,Brand New,25.0,37169.34
Porsche,Cayenne,1994,0,Electric,Automatic,927,648,Brand New,19.5,84268.47
Ford,Figo,2010,13637,Petrol,Automatic,2196,537,Second Hand,25.1,7346.56
Kia,Sonet,2021,121741,Electric,Manual,1526,519,Second Hand,26.2,5988.45
McLaren,720S,1988,0,Hybrid,Automatic,1073,543,Brand New,15.0,238188.43
Mercedes-Benz,GLC,2000,186971,Diesel,Automatic,3326,638,Second Hand,32.6,2000.0
Tata,Nexon,2013,0,Petrol,Manual,2460,74,Brand New,12.0,32453.66
McLaren,720S,2003,0,Hybrid,Manual,1994,410,Brand New,11.0,237987.34
Mahindra,Thar,1989,0,Electric,Automatic,1414,369,Brand New,11.5,27983.18
Toyota,RAV4,1996,0,Diesel,Automatic,1855,453,Brand New,16.1,37553.98
Nissan,Magnite,1986,0,Electric,Automatic,4580,262,Brand New,29.3,40599.17
Porsche,Cayenne,2002,0,Electric,Automatic,1343,105,Brand New,18.8,47979.09
Tata,Safari,1995,75780,Petrol,Automatic,1440,534,Second Hand,17.3,2000.0
Volvo,XC40,2006,0,Electric,Manual,3826,452,Brand New,21.6,59704.07
Ferrari,Roma,1985,76538,Electric,Manual,3152,181,Second Hand,16.7,2000.0
BMW,3 Series,2016,0,Electric,Manual,1525,187,Brand New,16.2,79309.92
Kia,Carnival,2015,149519,Diesel,Automatic,4313,235,Second Hand,29.0,2064.6
Audi,Q5,2013,0,Diesel,Manual,1417,472,Brand New,11.9,52975.46
Toyota,Camry,2022,0,Diesel,Automatic,3883,170,Brand New,15.7,13402.97
Rolls-Royce,Phantom,2022,232809,Hybrid,Automatic,2407,676,Second Hand,16.5,221649.07
Ford,Endeavour,1996,203948,Hybrid,Manual,2969,611,Second Hand,14.4,2000.0
Audi,Q5,2008,0,Petrol,Manual,2073,484,Brand New,14.4,59073.15
Toyota,RAV4,2012,95712,Hybrid,Manual,4870,155,Second Hand,18.7,13196.3
Mahindra,Scorpio,2020,27793,Petrol,Automatic,2496,251,Second Hand,27.0,26729.46
Volkswagen,Passat,1997,249546,Diesel,Manual,1938,300,Second Hand,32.7,2000.0
Tesla,Model 3,2019,150977,Petrol,Manual,4509,597,Second Hand,10.7,168429.2
Audi,Q5,1985,233091,Diesel,Manual,1813,677,Second Hand,14.1,2000.0
Volvo,XC60,1992,0,Electric,Automatic,4705,677,Brand New,15.0,44985.72
Volvo,S60,1985,31563,Diesel,Automatic,1084,389,Second Hand,8.4,2000.0
Lamborghini,Aventador,1988,42225,Petrol,Manual,4784,298,Second Hand,34.8,2000.0
Nissan,Micra,1985,126548,Electric,Manual,2139,660,Second Hand,31.6,2000.0
Volkswagen,Vento,1993,0,Electric,Automatic,1161,78,Brand New,30.9,19877.09
Mercedes-Benz,E-Class,2004,18962,Petrol,Automatic,4363,280,Second Hand,9.3,6979.11
Rolls-Royce,Ghost,1988,137753,Electric,Manual,1803,254,Second Hand,29.0,2000.0
Tata,Safari,2015,0,Petrol,Automatic,4864,324,Brand New,19.8,27581.07
Mercedes-Benz,E-Class,1998,63544,Diesel,Manual,4348,516,Second Hand,13.6,2000.0
Rolls-Royce,Ghost,2006,0,Electric,Manual,4999,652,Brand New,18.6,409150.99
Tata,Nexon,2021,0,Electric,Automatic,3399,204,Brand New,10.6,36950.94
Kia,Seltos,1992,13089,Electric,Manual,3513,299,Second Hand,33.7,2000.0
Mahindra,XUV500,2014,0,Electric,Automatic,1709,638,Brand New,18.6,33550.92
Honda,CRV,2008,118894,Diesel,Manual,3388,691,Second Hand,30.9,6209.33
Rolls-Royce,Ghost,2015,0,Electric,Automatic,3808,614,Brand New,27.5,213062.36
Toyota,RAV4,2011,187185,Hybrid,Manual,1445,677,Second Hand,31.5,2000.0
Ford,Endeavour,1993,168100,Petrol,Automatic,4331,567,Second Hand,34.6,2000.0
Lamborghini,Aventador,2021,0,Petrol,Automatic,814,669,Brand New,8.2,351014.46
Nissan,Magnite,2024,216325,Electric,Manual,2434,341,Second Hand,33.0,14084.17
BMW,3 Series,2008,0,Hybrid,Manual,842,422,Brand New,31.9,45276.72
Ferrari,Roma,2009,215984,Hybrid,Automatic,4971,338,Second Hand,32.4,2000.0
Toyota,Camry,2007,0,Petrol,Manual,3804,396,Brand New,27.0,41935.13
Honda,City,2012,163608,Hybrid,Automatic,1172,115,Second Hand,26.5,3463.6
McLaren,720S,2019,27457,Hybrid,Manual,3577,394,Second Hand,26.7,170301.18
Lamborghini,Aventador,2016,0,Electric,Automatic,2011,107,Brand New,27.0,270163.97
Nissan,Kicks,1996,204900,Petrol,Manual,1143,210,Second Hand,23.7,2000.0
Land Rover,Range Rover,2008,0,Hybrid,Automatic,3221,272,Brand New,26.8,96104.53
Volkswagen,Vento,2006,0,Hybrid,Automatic,865,607,Brand New,22.6,26307.23
Toyota,Camry,2014,0,Electric,Automatic,3482,544,Brand New,18.7,26496.91
BMW,3 Series,1991,0,Hybrid,Manual,4020,426,Brand New,16.7,76177.91
Porsche,Macan,2010,0,Electric,Automatic,2025,482,Brand New,22.1,58548.63
Toyota,RAV4,2013,76112,Hybrid,Manual,3708,571,Second Hand,32.9,2000.0
Volvo,XC40,2022,15473,Electric,Automatic,4713,475,Second Hand,35.0,70576.53
McLaren,720S,1988,0,Electric,Automatic,927,560,Brand New,28.2,161415.13
Lamborghini,Aventador,1992,0,Hybrid,Manual,2544,86,Brand New,17.1,374143.47
McLaren,570S,2000,182199,Hybrid,Manual,1896,677,Second Hand,13.3,2000.0
Honda,CRV,2012,198431,Electric,Manual,2190,227,Second Hand,19.5,2000.0
BMW,X5,1999,122486,Diesel,Automatic,973,604,Second Hand,14.8,2000.0
BMW,3 Series,2021,0,Petrol,Automatic,964,626,Brand New,23.6,69853.08
Rolls-Royce,Ghost,1990,0,Diesel,Manual,1722,248,Brand New,21.0,262139.97
Land Rover,Range Rover,2023,0,Electric,Automatic,1599,324,Brand New,9.0,82303.08
Volkswagen,Passat,1986,190540,Petrol,Manual,3111,637,Second Hand,19.8,2000.0
Audi,Q3,2011,210352,Diesel,Manual,4449,409,Second Hand,23.2,18087.97
Tesla,Model Y,2010,143914,Electric,Automatic,2024,292,Second Hand,26.7,65483.19
Audi,Q3,2000,86336,Electric,Manual,4329,690,Second Hand,34.7,2000.0
Porsche,Macan,2021,0,Electric,Manual,4086,337,Brand New,12.3,56513.67
Tata,Nexon,2023,227420,Diesel,Manual,2965,235,Second Hand,24.6,10010.99
Tesla,Model S,2012,0,Hybrid,Manual,3353,631,Brand New,14.8,383672.96
Kia,Seltos,2009,58530,Diesel,Manual,3232,241,Second Hand,33.2,2000.0
Honda,Civic,1996,0,Electric,Manual,3991,276,Brand New,19.3,16454.48
Toyota,RAV4,2008,17616,Petrol,Automatic,3809,228,Second Hand,19.7,8740.14
Volkswagen,Polo,1999,0,Electric,Automatic,3534,433,Brand New,12.7,22750.87
Land Rover,Range Rover,2007,191087,Diesel,Manual,863,110,Second Hand,8.9,9204.8
Ford,Endeavour,2007,171035,Petrol,Manual,2307,374,Second Hand,11.4,2000.0
Rolls-Royce,Phantom,2023,0,Electric,Manual,2729,630,Brand New,9.1,312704.53
Toyota,Fortuner,2017,0,Diesel,Manual,2412,558,Brand New,27.9,27206.08
Mercedes-Benz,C-Class,2024,43163,Diesel,Automatic,2951,406,Second Hand,9.3,70550.2
Mercedes-Benz,GLC,2024,26649,Petrol,Manual,4224,257,Second Hand,22.2,62266.13
Mahindra,Thar,1995,180449,Petrol,Manual,3241,435,Second Hand,9.7,2000.0
Volkswagen,Vento,1994,162766,Electric,Automatic,2404,581,Second Hand,29.7,2000.0
Mahindra,Scorpio,2012,192621,Hybrid,Automatic,2793,373,Second Hand,12.9,2000.0
Porsche,Cayenne,1992,0,Electric,Automatic,2933,171,Brand New,8.2,69022.52
Volkswagen,Passat,2021,41414,Diesel,Automatic,3172,639,Second Hand,9.5,21513.13
BMW,3 Series,1985,86775,Electric,Manual,1668,626,Second Hand,29.9,2000.0
Ferrari,488,2010,197876,Diesel,Manual,1645,549,Second Hand,26.9,128671.78
Honda,City,1994,0,Hybrid,Manual,1139,290,Brand New,16.4,25748.15
Honda,City,1998,204690,Electric,Automatic,2115,400,Second Hand,26.4,2000.0
Tata,Safari,2001,152698,Petrol,Manual,3241,137,Second Hand,29.5,2000.0
Tata,Safari,1999,233735,Hybrid,Automatic,4633,317,Second Hand,26.3,2000.0
Mahindra,Thar,2021,161475,Hybrid,Manual,4529,507,Second Hand,22.2,6567.25
Kia,Seltos,1994,0,Petrol,Automatic,2997,493,Brand New,32.3,22312.32
Mercedes-Benz,GLA,2010,0,Petrol,Manual,4800,238,Brand New,30.3,55708.46
Ferrari,Roma,1998,236208,Petrol,Manual,4365,293,Second Hand,22.1,2000.0
Land Rover,Range Rover,1997,0,Petrol,Manual,3162,386,Brand New,28.9,55776.89
Ford,Mustang,2002,51685,Hybrid,Automatic,4140,233,Second Hand,16.8,2000.0
Audi,A4,1994,64623,Diesel,Manual,1873,357,Second Hand,10.8,2000.0
Porsche,911,1997,217599,Electric,Manual,959,169,Second Hand,19.5,2000.0
McLaren,570S,2007,111290,Diesel,Manual,4121,501,Second Hand,15.6,65004.09
BMW,X3,2010,0,Petrol,Manual,1227,177,Brand New,16.0,61825.06
Audi,Q3,1994,0,Petrol,Automatic,4894,194,Brand New,27.0,79123.24
Lamborghini,Aventador,2009,96034,Diesel,Manual,1736,254,Second Hand,16.7,35127.96
Toyota,Fortuner,2015,0,Petrol,Automatic,1481,212,Brand New,26.4,14073.7
Toyota,Camry,2000,0,Hybrid,Automatic,3841,499,Brand New,8.9,18268.27
Mahindra,Scorpio,2003,0,Diesel,Manual,1618,133,Brand New,11.3,27761.98
Volkswagen,Polo,2008,0,Diesel,Manual,1640,646,Brand New,20.5,23084.54
Hyundai,Elantra,1992,46033,Electric,Automatic,1440,560,Second Hand,30.9,2000.0
Mahindra,Thar,2012,0,Petrol,Manual,4170,379,Brand New,30.3,14262.28
Honda,Accord,2021,229227,Hybrid,Manual,3766,643,Second Hand,9.3,12100.93
McLaren,570S,2002,0,Electric,Automatic,4197,225,Brand New,22.0,161969.67
Honda,Accord,1993,0,Diesel,Automatic,3627,394,Brand New,23.6,27477.86
Ferrari,488,1989,242184,Electric,Automatic,3867,392,Second Hand,28.0,2000.0
Lamborghini,Huracan,1999,0,Electric,Manual,3341,245,Brand New,34.5,355299.58
Tata,Harrier,2001,0,Petrol,Manual,3687,127,Brand New,29.7,38173.06
Ford,Figo,2001,0,Electric,Manual,809,216,Brand New,30.8,36955.0
McLaren,570S,1996,0,Diesel,Automatic,4119,699,Brand New,9.2,279941.63
Porsche,Cayenne,1998,0,Diesel,Automatic,2918,252,Brand New,27.3,56439.87
Nissan,Micra,1992,190785,Hybrid,Manual,908,449,Second Hand,27.3,2000.0
Ferrari,488,2016,0,Hybrid,Manual,2402,528,Brand New,28.9,228662.66
Audi,A4,2009,182195,Petrol,Manual,821,505,Second Hand,9.1,2000.0
Hyundai,i20,2006,0,Hybrid,Automatic,3829,200,Brand New,18.2,21793.65
Rolls-Royce,Ghost,2011,0,Petrol,Automatic,3392,114,Brand New,33.3,147881.48
Volkswagen,Passat,2016,9292,Electric,Automatic,4680,327,Second Hand,13.4,23143.04
Honda,CRV,1987,83688,Diesel,Manual,4189,174,Second Hand,13.3,2000.0
Honda,CRV,1991,98767,Diesel,Manual,2676,432,Second Hand,21.7,2000.0
Ford,Mustang,2022,0,Diesel,Automatic,1410,345,Brand New,20.3,9674.74
Volvo,XC60,2011,101582,Electric,Manual,2881,608,Second Hand,25.2,36501.82
Land Rover,Range Rover,1994,198979,Petrol,Automatic,1669,426,Second Hand,23.1,2000.0
BMW,X5,2003,51127,Electric,Manual,3976,607,Second Hand,12.9,2000.0
Tesla,Model 3,2002,0,Electric,Automatic,3416,216,Brand New,10.9,379268.41
Toyota,Corolla,1994,86926,Electric,Manual,1289,584,Second Hand,21.6,2000.0
Ferrari,488,2002,0,Hybrid,Automatic,1029,318,Brand New,11.7,225398.98
Rolls-Royce,Ghost,1999,0,Electric,Automatic,2455,438,Brand New,31.5,245521.12
Audi,Q5,2005,28615,Hybrid,Manual,2434,216,Second Hand,19.2,4704.55
Ford,Endeavour,1986,0,Electric,Automatic,4084,619,Brand New,34.1,10690.99
Tata,Nexon,2003,0,Diesel,Manual,4090,404,Brand New,27.9,26868.53
Rolls-Royce,Ghost,1992,84965,Electric,Manual,2742,254,Second Hand,18.3,2000.0
Volvo,XC40,1996,0,Hybrid,Automatic,1951,536,Brand New,22.5,99616.23
Nissan,Magnite,2017,0,Diesel,Automatic,4876,193,Brand New,26.8,24382.41
Rolls-Royce,Phantom,2000,0,Diesel,Automatic,4453,412,Brand New,27.1,276507.94
Mercedes-Benz,E-Class,1985,9563,Petrol,Manual,1956,262,Second Hand,18.7,2000.0
Mahindra,Thar,2023,0,Petrol,Manual,947,72,Brand New,9.5,17457.74
Volvo,XC40,2011,223268,Petrol,Automatic,1792,108,Second Hand,22.6,25956.06
Nissan,Magnite,2013,0,Electric,Manual,4770,371,Brand New,21.8,14931.35
Toyota,Fortuner,1993,0,Electric,Manual,1102,205,Brand New,18.0,30144.57
Rolls-Royce,Phantom,1991,191462,Diesel,Automatic,2622,264,Second Hand,15.3,2000.0
Mahindra,Scorpio,2024,0,Diesel,Automatic,3815,242,Brand New,15.5,18574.23
McLaren,720S,1985,0,Hybrid,Manual,4554,634,Brand New,18.6,179145.9
Land Rover,Range Rover,1995,63178,Hybrid,Manual,1496,73,Second Hand,33.8,2000.0
Rolls-Royce,Phantom,2002,0,Hybrid,Automatic,1682,420,Brand New,15.3,210137.46
Mahindra,Thar,1995,217998,Diesel,Automatic,4722,264,Second Hand,11.7,2000.0
McLaren,720S,1997,22572,Electric,Automatic,1221,487,Second Hand,18.6,2000.0
Toyota,Corolla,2004,40543,Hybrid,Automatic,1762,186,Second Hand,9.9,8101.23
Hyundai,Elantra,2016,57108,Diesel,Manual,2175,685,Second Hand,10.8,16016.5
Ford,Endeavour,2023,70322,Electric,Automatic,4193,317,Second Hand,8.1,30582.06
Tesla,Model 3,1989,81435,Electric,Automatic,4443,469,Second Hand,24.6,2000.0
Audi,A4,2020,0,Hybrid,Automatic,1635,646,Brand New,33.3,96122.76
Land Rover,Discovery,1999,0,Diesel,Manual,4626,602,Brand New,24.3,62973.09
Tesla,Model S,2020,240615,Hybrid,Manual,3254,152,Second Hand,15.7,167776.29
Nissan,Magnite,2004,156491,Hybrid,Manual,2764,183,Second Hand,13.6,3057.15
Kia,Sonet,2021,85889,Electric,Automatic,1256,289,Second Hand,8.5,22022.6
Mahindra,Scorpio,2022,247897,Hybrid,Manual,1627,267,Second Hand,26.1,16628.61
Volvo,XC40,2007,0,Hybrid,Manual,1914,520,Brand New,16.2,49491.65
Toyota,Corolla,1995,0,Hybrid,Automatic,4126,616,Brand New,33.8,33551.22
Volkswagen,Polo,1991,0,Diesel,Automatic,3920,116,Brand New,10.2,16022.57
Nissan,Micra,2007,0,Hybrid,Manual,2402,305,Brand New,15.2,15513.85
Hyundai,i20,2020,0,Petrol,Automatic,2118,509,Brand New,18.4,21845.58
Kia,Sonet,1986,0,Petrol,Manual,4620,209,Brand New,19.8,21855.38
Rolls-Royce,Phantom,2010,0,Electric,Automatic,3529,410,Brand New,17.8,142285.34
Land Rover,Discovery,2001,0,Electric,Manual,3564,554,Brand New,17.1,59445.96
BMW,5 Series,2024,236069,Hybrid,Automatic,964,376,Second Hand,10.1,80910.38
Mercedes-Benz,GLA,2005,0,Electric,Manual,4660,641,Brand New,28.8,108742.26
Kia,Seltos,1987,0,Petrol,Manual,1402,355,Brand New,18.0,8970.86
Land Rover,Discovery,1990,220878,Hybrid,Manual,1520,421,Second Hand,19.1,2000.0
Volvo,XC60,2001,0,Hybrid,Automatic,4774,320,Brand New,15.1,67133.05
Ferrari,Roma,1995,0,Petrol,Manual,3022,655,Brand New,15.0,158780.13
McLaren,720S,1987,29577,Petrol,Manual,2338,319,Second Hand,26.7,2000.0
Nissan,Micra,1986,132393,Diesel,Manual,3666,110,Second Hand,8.1,2000.0
Porsche,Cayenne,2010,0,Diesel,Manual,812,237,Brand New,19.0,97855.1
Honda,Civic,2020,132139,Electric,Manual,4257,303,Second Hand,21.8,22000.95
Tesla,Model 3,2009,95357,Diesel,Automatic,4519,176,Second Hand,10.0,135447.53
Nissan,Magnite,2011,0,Petrol,Automatic,4261,353,Brand New,20.6,18062.12
Mahindra,Scorpio,2024,0,Petrol,Manual,4689,277,Brand New,15.8,26662.46
Tata,Nexon,1999,0,Electric,Automatic,806,268,Brand New,10.3,25199.57
Volkswagen,Vento,2014,46928,Hybrid,Manual,4792,503,Second Hand,32.4,9234.43
McLaren,570S,2024,0,Electric,Manual,4134,198,Brand New,22.0,330386.72
Audi,Q3,2010,0,Electric,Manual,3856,261,Brand New,14.9,81289.19
Lamborghini,Aventador,2004,15344,Petrol,Automatic,3562,265,Second Hand,22.9,23583.44
Nissan,Kicks,2005,97830,Electric,Automatic,2818,474,Second Hand,34.7,2000.0
Land Rover,Discovery,2013,0,Electric,Automatic,2900,620,Brand New,8.6,86510.09
Rolls-Royce,Phantom,2008,30782,Petrol,Automatic,3603,316,Second Hand,21.1,6028.14
Hyundai,Verna,2006,0,Hybrid,Manual,4964,534,Brand New,14.4,8820.51
Lamborghini,Huracan,2009,0,Hybrid,Manual,848,267,Brand New,12.3,306498.05
Rolls-Royce,Phantom,2000,129792,Hybrid,Manual,3469,208,Second Hand,28.4,2000.0
Ferrari,488,2004,0,Electric,Automatic,2382,641,Brand New,29.3,207330.8
Mahindra,Thar,2000,0,Electric,Automatic,4697,637,Brand New,20.3,13354.39
Audi,A4,2013,0,Electric,Manual,1293,646,Brand New,28.5,77412.81
Kia,Sonet,2013,174839,Electric,Manual,1460,101,Second Hand,31.6,2000.0
Kia,Seltos,2023,205029,Petrol,Manual,4900,553,Second Hand,18.7,11648.51
Volvo,XC40,1991,46327,Electric,Automatic,3501,79,Second Hand,27.4,2000.0
Honda,CRV,1989,196774,Diesel,Manual,2807,414,Second Hand,14.1,2000.0
Mercedes-Benz,E-Class,2003,0,Hybrid,Automatic,2770,248,Brand New,16.3,107214.33
Kia,Carnival,2007,0,Diesel,Automatic,1875,79,Brand New,24.7,37317.87
Ford,Mustang,1985,0,Electric,Manual,3023,473,Brand New,8.6,18329.72
Kia,Seltos,1990,0,Petrol,Automatic,3194,205,Brand New,16.4,9900.19
Mercedes-Benz,E-Class,2013,0,Electric,Manual,4059,489,Brand New,8.5,51293.75
Nissan,Kicks,2020,0,Petrol,Manual,4313,222,Brand New,27.9,20250.69
Porsche,Cayenne,2010,155361,Petrol,Manual,1819,527,Second Hand,32.2,16594.43
Ford,Figo,2013,0,Diesel,Manual,3205,614,Brand New,19.4,31986.23
BMW,X5,2007,0,Petrol,Manual,1249,624,Brand New,15.7,67452.47
Honda,Accord,2013,118050,Hybrid,Automatic,2178,395,Second Hand,23.3,2000.0
Porsche,Cayenne,1993,78276,Hybrid,Automatic,2434,430,Second Hand,27.2,2000.0
Mercedes-Benz,GLC,2009,0,Petrol,Manual,1568,67,Brand New,32.8,77976.79
Ferrari,Roma,2011,208523,Diesel,Manual,1164,83,Second Hand,34.0,63755.89
Volvo,XC60,1995,122287,Petrol,Manual,2849,638,Second Hand,33.1,2000.0
Mahindra,Thar,1994,0,Hybrid,Manual,3634,217,Brand New,33.1,18958.62
Rolls-Royce,Phantom,2015,0,Electric,Manual,3931,356,Brand New,23.9,342315.13
Toyota,Camry,2024,0,Petrol,Manual,1359,531,Brand New,19.1,35809.27
Rolls-Royce,Phantom,1995,0,Electric,Manual,840,160,Brand New,23.2,196644.81
Volvo,XC60,2022,187447,Diesel,Manual,3903,211,Second Hand,28.5,44520.13
McLaren,570S,2020,0,Hybrid,Automatic,3457,238,Brand New,23.0,328066.97
Volkswagen,Polo,2018,50946,Diesel,Automatic,4085,275,Second Hand,10.3,8045.43
Nissan,Kicks,2020,0,Diesel,Manual,2240,149,Brand New,24.0,22265.63
Mercedes-Benz,GLA,2016,163195,Hybrid,Manual,881,301,Second Hand,33.5,32981.0
Kia,Seltos,2004,87285,Electric,Automatic,4919,388,Second Hand,17.1,2262.51
Lamborghini,Huracan,2014,0,Petrol,Automatic,3434,321,Brand New,27.5,333954.06
Lamborghini,Huracan,2000,79692,Petrol,Automatic,3880,530,Second Hand,16.0,2000.0
Toyota,Corolla,1990,42639,Diesel,Automatic,1448,93,Second Hand,13.9,2000.0
Lamborghini,Aventador,1988,0,Petrol,Manual,987,486,Brand New,8.9,139203.27
Lamborghini,Huracan,2005,180195,Electric,Automatic,1269,629,Second Hand,28.5,2000.0
Porsche,Cayenne,2013,172871,Diesel,Manual,2863,510,Second Hand,32.1,36781.48
Lamborghini,Aventador,2013,0,Petrol,Manual,3244,598,Brand New,27.1,221054.14
Hyundai,Elantra,2014,144861,Diesel,Automatic,4978,282,Second Hand,16.9,5657.67
Tata,Harrier,2012,12793,Diesel,Automatic,4871,376,Second Hand,33.4,4918.8
Volvo,XC40,2023,37371,Hybrid,Manual,3472,319,Second Hand,33.3,37998.03
Tata,Nexon,1991,0,Petrol,Automatic,3436,98,Brand New,19.8,12330.27
Ford,Figo,1990,220664,Hybrid,Manual,1183,485,Second Hand,20.2,2000.0
Volkswagen,Passat,1994,214831,Diesel,Automatic,1311,222,Second Hand,16.1,2000.0
Mahindra,Thar,1985,0,Hybrid,Automatic,2818,678,Brand New,10.6,19611.75
McLaren,720S,1996,0,Petrol,Automatic,1144,620,Brand New,29.0,195141.77
Mahindra,Scorpio,2002,92262,Diesel,Manual,4679,382,Second Hand,10.4,2000.0
Honda,Civic,1997,0,Electric,Automatic,2582,663,Brand New,11.9,32363.91
Mahindra,XUV500,2021,81784,Electric,Automatic,2571,351,Second Hand,16.3,21087.8
Volvo,S60,2008,223446,Diesel,Automatic,4106,165,Second Hand,24.6,2000.0
Mahindra,XUV500,1987,226044,Petrol,Manual,2928,275,Second Hand,25.4,2000.0
Tesla,Model Y,2001,14062,Diesel,Manual,3051,570,Second Hand,12.8,2000.0
Mahindra,XUV500,1993,0,Hybrid,Automatic,4730,665,Brand New,25.7,9856.26
Hyundai,Creta,1997,0,Electric,Automatic,1170,376,Brand New,15.4,28396.76
Porsche,Cayenne,2013,106029,Hybrid,Manual,4018,623,Second Hand,27.2,29718.02
Mahindra,Scorpio,2018,0,Diesel,Automatic,2407,458,Brand New,32.1,24178.73
Ferrari,Roma,2012,0,Electric,Automatic,3546,640,Brand New,17.7,99870.74
Toyota,Corolla,2023,0,Petrol,Manual,1251,132,Brand New,13.9,8614.57
Nissan,Kicks,2017,0,Hybrid,Manual,2880,599,Brand New,30.9,11726.77
Hyundai,Creta,1997,41570,Hybrid,Manual,4584,235,Second Hand,18.5,2000.0
McLaren,720S,1989,123220,Electric,Automatic,2526,633,Second Hand,16.6,2000.0
Porsche,911,1994,233495,Hybrid,Automatic,2012,462,Second Hand,13.4,2000.0
Tata,Nexon,2010,0,Hybrid,Manual,1057,392,Brand New,20.0,23633.53
Ford,Endeavour,2008,0,Diesel,Automatic,2340,477,Brand New,14.9,24147.55
Mahindra,XUV500,1993,39918,Petrol,Manual,1677,66,Second Hand,19.9,2000.0
Porsche,Cayenne,1993,0,Electric,Automatic,1696,493,Brand New,12.1,54630.84
Nissan,Kicks,2011,37821,Diesel,Manual,4502,658,Second Hand,20.0,6325.02
Nissan,Micra,2008,19335,Hybrid,Manual,1405,207,Second Hand,28.4,2767.02
Volkswagen,Vento,2012,192752,Electric,Automatic,4542,396,Second Hand,26.7,2000.0
Tata,Safari,1996,0,Hybrid,Automatic,4790,145,Brand New,22.3,26520.76
Rolls-Royce,Ghost,2015,0,Hybrid,Automatic,3601,354,Brand New,17.9,130350.74
Audi,A4,2023,231786,Electric,Automatic,4640,292,Second Hand,12.2,61078.62
Land Rover,Range Rover,2005,145693,Hybrid,Manual,4849,244,Second Hand,23.4,2000.0
Kia,Seltos,2002,0,Electric,Manual,2470,106,Brand New,26.0,14165.34
Rolls-Royce,Phantom,2021,235683,Petrol,Automatic,4771,640,Second Hand,15.5,241591.67
McLaren,720S,2015,0,Diesel,Manual,4903,531,Brand New,22.7,299920.23
Volvo,XC60,2021,0,Petrol,Automatic,3788,575,Brand New,30.0,68128.4
Toyota,Camry,1996,112608,Petrol,Automatic,3465,442,Second Hand,30.1,2000.0
Mahindra,Scorpio,1998,0,Electric,Manual,3776,696,Brand New,22.0,28465.13
BMW,3 Series,1986,167636,Petrol,Automatic,1794,394,Second Hand,9.0,2000.0
Tata,Safari,2007,7907,Diesel,Manual,1612,327,Second Hand,27.6,7348.39
Porsche,Cayenne,2014,0,Hybrid,Manual,4379,474,Brand New,10.3,41987.42
Audi,A4,2024,0,Electric,Automatic,1406,618,Brand New,10.1,58705.2
BMW,3 Series,2012,0,Petrol,Automatic,3675,91,Brand New,18.0,102330.75
Land Rover,Range Rover,1995,0,Hybrid,Automatic,984,515,Brand New,32.2,93054.24
Honda,Accord,2015,156224,Hybrid,Automatic,2652,334,Second Hand,33.6,3832.03
Porsche,Cayenne,2019,0,Petrol,Automatic,3050,560,Brand New,16.9,50169.38
BMW,X3,2021,205107,Hybrid,Automatic,3863,562,Second Hand,19.0,55149.78
Hyundai,Elantra,2002,102615,Petrol,Manual,2640,516,Second Hand,28.8,2000.0
McLaren,720S,1999,17724,Hybrid,Automatic,1505,277,Second Hand,17.4,13045.49
Volkswagen,Vento,2016,237979,Petrol,Automatic,864,315,Second Hand,11.3,2000.0
Audi,Q3,2014,0,Diesel,Manual,3873,256,Brand New,34.2,103390.18
Mahindra,Scorpio,1993,0,Petrol,Automatic,1569,82,Brand New,14.2,41882.39
Ferrari,488,2023,120948,Hybrid,Manual,4303,136,Second Hand,22.1,275805.44
Nissan,Micra,2014,0,Hybrid,Automatic,4771,193,Brand New,34.8,35345.82
Mahindra,Scorpio,1999,122593,Diesel,Automatic,1901,216,Second Hand,16.1,2000.0
Ferrari,488,2019,27897,Petrol,Automatic,4095,144,Second Hand,11.5,101702.43
Porsche,911,2012,0,Petrol,Automatic,4046,63,Brand New,13.0,82519.92
Tesla,Model S,2007,0,Electric,Manual,2656,251,Brand New,13.7,165609.62
Volvo,XC60,1995,0,Diesel,Automatic,1488,135,Brand New,13.9,59685.27
Kia,Seltos,2001,0,Petrol,Manual,4368,470,Brand New,21.6,24405.26
Tesla,Model X,2008,0,Diesel,Manual,1547,160,Brand New,10.0,120829.53
Audi,A4,1994,0,Petrol,Manual,2250,72,Brand New,34.5,52812.71
Mahindra,Thar,2014,12517,Hybrid,Manual,3689,433,Second Hand,28.2,17614.74
Nissan,Kicks,2023,100160,Electric,Manual,1140,667,Second Hand,13.1,19363.37
Nissan,Kicks,1992,0,Electric,Manual,3654,459,Brand New,17.6,15752.58
Land Rover,Discovery,1985,0,Hybrid,Manual,3004,449,Brand New,32.8,55023.67
Ferrari,Roma,1996,0,Petrol,Automatic,3217,135,Brand New,16.9,246495.31
Mercedes-Benz,GLC,1992,0,Electric,Manual,3450,247,Brand New,15.4,102376.61
Lamborghini,Aventador,2005,181124,Hybrid,Manual,4635,445,Second Hand,8.6,53132.97
BMW,X3,2004,106659,Electric,Manual,4007,105,Second Hand,27.7,2000.0
Hyundai,Elantra,2016,152357,Electric,Automatic,1993,216,Second Hand,26.7,5987.39
Porsche,Cayenne,2001,16090,Petrol,Manual,4551,638,Second Hand,12.4,12220.61
Land Rover,Discovery,2002,146573,Diesel,Manual,2656,331,Second Hand,9.4,2000.0
Mahindra,XUV500,2008,14035,Hybrid,Manual,4842,117,Second Hand,23.8,2000.0
Ferrari,488,2018,0,Hybrid,Manual,4844,279,Brand New,22.9,133186.69
Rolls-Royce,Ghost,2000,0,Electric,Manual,2482,495,Brand New,19.4,196416.9
Nissan,Kicks,2009,0,Electric,Manual,1207,558,Brand New,10.3,10942.09
Land Rover,Range Rover,2002,0,Electric,Automatic,3542,425,Brand New,23.2,50589.85
Tesla,Model S,2008,114167,Electric,Automatic,2957,113,Second Hand,19.7,40815.13
McLaren,570S,1985,199273,Electric,Manual,2546,549,Second Hand,18.5,2000.0
Kia,Seltos,2009,40824,Hybrid,Manual,1222,130,Second Hand,8.7,3947.1
Ferrari,Roma,1997,0,Hybrid,Manual,1877,635,Brand New,12.5,309078.5
Tata,Nexon,2010,235193,Diesel,Automatic,4150,686,Second Hand,15.6,2000.0
Ferrari,Roma,1989,0,Diesel,Automatic,2824,586,Brand New,26.8,380663.86
Volkswagen,Passat,2007,0,Diesel,Automatic,3633,467,Brand New,28.7,27186.95
Kia,Sonet,2002,0,Diesel,Manual,4746,283,Brand New,23.2,14613.93
Mahindra,XUV500,2009,0,Electric,Manual,2961,445,Brand New,32.0,26079.93
Tata,Harrier,1996,248179,Petrol,Automatic,1002,251,Second Hand,14.8,2000.0
Mercedes-Benz,C-Class,1991,200376,Petrol,Automatic,1490,614,Second Hand,34.7,2000.0
Mercedes-Benz,E-Class,2017,92446,Electric,Automatic,1072,655,Second Hand,16.2,53259.5
Mercedes-Benz,E-Class,1994,184078,Hybrid,Manual,3776,279,Second Hand,28.6,2000.0
Toyota,Corolla,1989,77479,Petrol,Manual,1897,246,Second Hand,30.1,2000.0
Ferrari,Roma,2006,0,Diesel,Automatic,3903,263,Brand New,15.7,309424.06
Rolls-Royce,Phantom,1996,0,Hybrid,Manual,1390,396,Brand New,30.8,243791.39
Tata,Harrier,1995,0,Petrol,Automatic,2311,290,Brand New,27.3,30157.95
Kia,Sonet,1985,0,Electric,Manual,1102,257,Brand New,29.3,26097.04
BMW,X5,2023,0,Electric,Automatic,2631,140,Brand New,27.2,96099.08
Mahindra,Thar,2013,148107,Electric,Manual,3690,115,Second Hand,8.7,2000.0
Mercedes-Benz,E-Class,1989,0,Diesel,Manual,921,694,Brand New,8.6,62426.34
Ford,Endeavour,1987,0,Petrol,Manual,2640,637,Brand New,8.1,19135.63
Mahindra,Scorpio,1995,0,Electric,Automatic,1611,381,Brand New,8.5,21023.8
Lamborghini,Aventador,2023,221125,Petrol,Automatic,4548,556,Second Hand,30.0,241347.12
Ferrari,Roma,1989,0,Petrol,Automatic,3273,109,Brand New,15.7,120826.17
Porsche,Macan,2018,172213,Hybrid,Manual,4647,556,Second Hand,34.1,23281.93
Mercedes-Benz,GLC,2020,84097,Diesel,Automatic,3531,271,Second Hand,29.4,51208.91
Land Rover,Range Rover,1992,232251,Hybrid,Automatic,2799,509,Second Hand,10.0,2000.0
Volvo,XC40,2009,0,Diesel,Automatic,1803,287,Brand New,31.0,90775.49
Nissan,Micra,1991,72906,Hybrid,Manual,1090,608,Second Hand,14.2,2000.0
Mercedes-Benz,E-Class,2013,0,Electric,Manual,4532,398,Brand New,21.2,81590.76
Mahindra,Thar,2022,194204,Hybrid,Manual,4425,285,Second Hand,12.5,22774.95
BMW,X3,2020,76357,Petrol,Manual,2688,315,Second Hand,30.0,48733.51
Ferrari,Roma,2023,17988,Hybrid,Manual,2225,655,Second Hand,27.9,145257.7
Honda,Civic,1993,0,Petrol,Manual,4974,699,Brand New,28.1,41659.33
Tata,Harrier,1999,0,Hybrid,Manual,1317,351,Brand New,16.0,22923.82
Tata,Nexon,2020,0,Electric,Automatic,1740,401,Brand New,33.7,26127.07
Mahindra,Thar,1994,42849,Diesel,Manual,2569,504,Second Hand,21.0,2000.0
Kia,Seltos,2002,228548,Hybrid,Automatic,4778,564,Second Hand,27.2,2000.0
Rolls-Royce,Ghost,2023,86312,Electric,Automatic,846,584,Second Hand,30.4,310526.75
Rolls-Royce,Phantom,1987,203078,Diesel,Automatic,2076,617,Second Hand,9.2,2000.0
McLaren,720S,2024,0,Hybrid,Automatic,4204,639,Brand New,17.8,285858.96
Tata,Harrier,2014,0,Diesel,Automatic,1243,549,Brand New,25.8,25732.69
Mercedes-Benz,GLA,2017,0,Electric,Manual,4774,663,Brand New,33.8,65308.27
Tesla,Model X,1997,226509,Diesel,Manual,3755,589,Second Hand,27.5,2000.0
McLaren,570S,2002,0,Electric,Automatic,4865,555,Brand New,34.9,220568.99
Lamborghini,Huracan,2013,0,Petrol,Manual,2751,161,Brand New,19.7,237510.59
Lamborghini,Aventador,1995,69298,Hybrid,Automatic,1587,288,Second Hand,12.4,2000.0
Hyundai,Creta,1985,234960,Petrol,Manual,4882,674,Second Hand,19.4,2000.0
Toyota,Fortuner,2011,0,Petrol,Automatic,2468,316,Brand New,32.1,29838.47
Kia,Sonet,2024,0,Electric,Automatic,2372,377,Brand New,12.1,16520.05
Lamborghini,Aventador,2020,195959,Electric,Automatic,2161,142,Second Hand,19.8,205311.21
Volvo,S60,2002,249504,Petrol,Manual,3607,676,Second Hand,14.6,2150.73
Land Rover,Range Rover,2003,240116,Electric,Manual,2720,667,Second Hand,35.0,2000.0
BMW,X5,1998,0,Diesel,Automatic,2097,624,Brand New,21.7,98461.82
Mahindra,Scorpio,1987,71794,Electric,Automatic,4106,232,Second Hand,26.2,2000.0
Porsche,911,2007,102895,Hybrid,Automatic,1155,614,Second Hand,16.5,3322.3
Ford,Endeavour,2021,40368,Diesel,Manual,3847,384,Second Hand,8.8,10194.04
Ferrari,Roma,1993,0,Hybrid,Automatic,856,234,Brand New,19.4,224299.54
Mercedes-Benz,GLA,2002,16396,Electric,Manual,3886,311,Second Hand,23.9,2000.0
Ferrari,488,1985,38787,Hybrid,Automatic,4062,269,Second Hand,12.5,2000.0
Kia,Sonet,2010,0,Hybrid,Automatic,3347,362,Brand New,26.7,38089.58
Kia,Seltos,1991,0,Electric,Automatic,3277,87,Brand New,32.5,27045.76
Kia,Carnival,1991,0,Electric,Automatic,2708,134,Brand New,22.3,23631.85
Tata,Harrier,2000,0,Diesel,Manual,2471,275,Brand New,9.1,40668.53
Volkswagen,Passat,2021,0,Diesel,Manual,3644,509,Brand New,9.4,25844.09
Nissan,Kicks,2006,0,Petrol,Automatic,1544,695,Brand New,22.9,18624.16
Volkswagen,Polo,2016,0,Electric,Automatic,3297,177,Brand New,30.6,38053.77
Ford,Mustang,1985,0,Petrol,Automatic,920,143,Brand New,8.1,25545.5
Audi,A6,2018,0,Petrol,Automatic,4939,556,Brand New,34.0,87608.52
Mahindra,Scorpio,2011,0,Diesel,Manual,3273,295,Brand New,9.3,13345.35
Porsche,Macan,2012,60711,Hybrid,Automatic,1385,627,Second Hand,16.4,39069.43
Mercedes-Benz,GLC,2021,0,Petrol,Automatic,1650,242,Brand New,13.9,79667.69
Ferrari,488,1987,109418,Petrol,Automatic,4230,247,Second Hand,28.1,2000.0
Tata,Harrier,1987,0,Petrol,Manual,2062,447,Brand New,32.3,32418.36
Tesla,Model X,2024,0,Electric,Automatic,2457,245,Brand New,20.6,325743.99
Volkswagen,Polo,2023,0,Diesel,Manual,4859,320,Brand New,22.3,15001.03
Kia,Sonet,2019,0,Petrol,Automatic,4016,140,Brand New,21.2,24185.54
Volvo,S60,2006,0,Petrol,Manual,1125,559,Brand New,31.6,64123.33
Tesla,Model S,2020,245226,Petrol,Automatic,1557,616,Second Hand,30.9,258554.0
McLaren,570S,1989,0,Diesel,Manual,3966,244,Brand New,11.1,400776.15
Ford,Mustang,2013,191443,Electric,Manual,2777,103,Second Hand,15.5,16189.46
BMW,5 Series,2013,0,Diesel,Manual,1641,531,Brand New,10.7,43608.22
Toyota,Corolla,1991,0,Diesel,Manual,1523,415,Brand New,18.9,35791.75
Porsche,Macan,2000,0,Electric,Manual,3302,111,Brand New,31.9,69145.14
Rolls-Royce,Phantom,2011,246959,Diesel,Manual,2649,240,Second Hand,29.9,36327.63
Mahindra,XUV500,2002,196546,Electric,Automatic,3652,113,Second Hand,18.3,2000.0
Mahindra,XUV500,1998,156520,Hybrid,Manual,843,61,Second Hand,9.4,2000.0
Hyundai,Elantra,1986,0,Electric,Automatic,1692,364,Brand New,15.3,26320.38
Lamborghini,Huracan,2010,79627,Diesel,Automatic,3746,574,Second Hand,18.3,119138.82
McLaren,570S,1991,0,Diesel,Manual,3822,501,Brand New,10.2,182469.52
Land Rover,Discovery,1987,30531,Diesel,Manual,3789,298,Second Hand,25.1,2000.0
Tesla,Model X,1995,0,Petrol,Automatic,4147,117,Brand New,30.1,214829.82
Honda,Accord,2009,0,Hybrid,Manual,3601,285,Brand New,8.9,36616.46
BMW,3 Series,2014,0,Petrol,Automatic,1761,186,Brand New,19.0,56408.88
Hyundai,Verna,1995,108035,Diesel,Automatic,3286,615,Second Hand,15.8,2000.0
Lamborghini,Huracan,1987,0,Petrol,Manual,3112,229,Brand New,26.8,323716.4
Tesla,Model S,1997,243515,Diesel,Automatic,2013,509,Second Hand,28.9,2000.0
Nissan,Kicks,1997,15028,Petrol,Manual,3866,297,Second Hand,18.5,2000.0
Volvo,S60,2003,41741,Hybrid,Automatic,4704,419,Second Hand,20.9,2000.0
Mercedes-Benz,E-Class,1998,64203,Diesel,Automatic,4874,632,Second Hand,14.1,2000.0
Lamborghini,Aventador,2015,0,Hybrid,Automatic,2204,491,Brand New,10.0,404162.23
Land Rover,Discovery,2008,246494,Hybrid,Manual,4290,428,Second Hand,18.8,16392.38
Land Rover,Range Rover,2013,84643,Diesel,Automatic,1837,112,Second Hand,22.9,30641.28
Mahindra,XUV500,2009,176017,Diesel,Automatic,2423,457,Second Hand,32.5,8644.55
Toyota,Fortuner,2021,0,Hybrid,Automatic,2504,150,Brand New,18.1,16640.9
Audi,Q5,1994,226171,Electric,Automatic,1914,549,Second Hand,16.2,2000.0
Tata,Safari,2019,127382,Electric,Manual,1071,676,Second Hand,19.5,2989.32
Land Rover,Discovery,1992,0,Petrol,Manual,1720,296,Brand New,22.9,64113.95
Volkswagen,Passat,2016,0,Electric,Automatic,4552,260,Brand New,28.9,24986.06
Mahindra,Scorpio,2022,0,Diesel,Manual,1518,467,Brand New,20.0,9302.63
Kia,Sonet,2002,0,Electric,Automatic,4644,404,Brand New,15.1,32109.81
Volkswagen,Vento,2011,125498,Diesel,Automatic,2580,558,Second Hand,21.4,2000.0
Volkswagen,Passat,2001,98082,Hybrid,Automatic,3881,417,Second Hand,20.9,2000.0
Toyota,RAV4,1986,105864,Electric,Automatic,4730,324,Second Hand,19.7,2000.0
Ferrari,488,1992,0,Petrol,Automatic,4570,406,Brand New,34.1,164956.44
Honda,City,1991,218077,Hybrid,Manual,1734,685,Second Hand,25.1,2000.0
McLaren,720S,2023,9423,Diesel,Manual,1619,82,Second Hand,24.2,297585.94
Volkswagen,Vento,2005,0,Petrol,Manual,3873,172,Brand New,29.6,8255.52
BMW,X3,2011,0,Electric,Manual,3775,539,Brand New,9.1,91241.15
Honda,Accord,1992,206857,Petrol,Manual,4198,563,Second Hand,9.1,2000.0
Nissan,Magnite,2010,109676,Diesel,Automatic,2957,259,Second Hand,28.1,2000.0
Volkswagen,Polo,1998,79411,Petrol,Automatic,2143,550,Second Hand,8.8,2000.0
Lamborghini,Huracan,2004,0,Hybrid,Automatic,2026,574,Brand New,16.1,326649.72
Tesla,Model S,1987,238824,Diesel,Automatic,4097,172,Second Hand,12.0,2000.0
Porsche,911,2007,0,Petrol,Automatic,3369,364,Brand New,19.0,88358.07
McLaren,570S,1996,0,Diesel,Manual,1378,622,Brand New,15.4,334063.64
Rolls-Royce,Phantom,2009,51476,Diesel,Manual,1475,235,Second Hand,33.1,58496.19
Lamborghini,Aventador,2012,215516,Petrol,Automatic,4705,504,Second Hand,10.5,50595.72
Tata,Harrier,1998,0,Hybrid,Manual,3849,355,Brand New,26.3,19196.97
Rolls-Royce,Phantom,2007,149894,Hybrid,Automatic,3146,560,Second Hand,23.0,65033.34
Tata,Nexon,2000,0,Electric,Automatic,4178,553,Brand New,15.3,13146.17
Tesla,Model Y,1988,0,Hybrid,Automatic,4256,155,Brand New,11.0,202112.83
McLaren,720S,2000,23697,Petrol,Manual,3522,255,Second Hand,20.3,2000.0
Honda,Civic,1988,0,Electric,Automatic,2876,134,Brand New,22.4,16330.89
Tata,Harrier,1987,186587,Electric,Manual,1488,251,Second Hand,28.1,2000.0
Volvo,XC40,1990,0,Petrol,Automatic,3070,629,Brand New,27.7,88290.98
Ford,Figo,2012,138811,Petrol,Automatic,1287,396,Second Hand,19.3,2000.0
Kia,Seltos,2023,0,Electric,Manual,3288,187,Brand New,12.7,30438.34
Ford,Endeavour,2014,0,Petrol,Automatic,1460,607,Brand New,29.4,28939.32
Ferrari,488,2020,178428,Hybrid,Manual,2445,598,Second Hand,19.1,287150.24
Audi,Q3,2000,0,Petrol,Automatic,2536,500,Brand New,11.2,92223.34
Volvo,S60,1993,86185,Diesel,Manual,2917,472,Second Hand,10.6,2000.0
Rolls-Royce,Ghost,1994,181561,Electric,Automatic,914,579,Second Hand,11.9,4654.3
McLaren,570S,2005,51309,Electric,Manual,4537,217,Second Hand,9.3,35241.53
Volvo,S60,1988,0,Electric,Manual,2912,173,Brand New,12.4,53659.35
Audi,Q3,2016,0,Hybrid,Manual,4863,103,Brand New,9.0,88204.15
Honda,City,1992,0,Diesel,Automatic,3492,524,Brand New,33.8,13097.09
Rolls-Royce,Ghost,2014,0,Petrol,Automatic,1320,447,Brand New,9.6,241279.37
Ferrari,488,1999,0,Diesel,Manual,4894,470,Brand New,15.6,132069.33
Rolls-Royce,Ghost,1995,231529,Hybrid,Manual,1085,232,Second Hand,16.7,2000.0
Honda,Civic,2019,91135,Petrol,Automatic,2080,157,Second Hand,20.9,4505.78
Porsche,911,2001,0,Petrol,Manual,2725,399,Brand New,27.8,55404.3
Kia,Seltos,1992,0,Petrol,Automatic,866,365,Brand New,22.1,37631.32
McLaren,720S,1990,0,Diesel,Automatic,2957,250,Brand New,16.3,251573.48
McLaren,570S,1990,242824,Hybrid,Automatic,2251,107,Second Hand,8.5,2000.0
Tesla,Model X,1993,0,Electric,Manual,1764,407,Brand New,29.8,203410.91
Land Rover,Range Rover,2000,238843,Petrol,Automatic,3048,643,Second Hand,25.6,2000.0
Tata,Safari,2014,0,Diesel,Manual,4382,208,Brand New,26.4,23842.51
Land Rover,Discovery,1990,128366,Petrol,Automatic,4845,102,Second Hand,30.0,2000.0
Audi,Q3,2004,52669,Petrol,Automatic,3497,285,Second Hand,13.5,2000.0
Mercedes-Benz,GLA,1992,0,Diesel,Automatic,1069,640,Brand New,24.9,77218.4
Lamborghini,Huracan,2011,0,Diesel,Manual,4866,104,Brand New,24.6,304133.51
Hyundai,Elantra,1991,0,Petrol,Manual,990,534,Brand New,19.7,23626.25
Tata,Safari,2007,67549,Diesel,Automatic,4530,620,Second Hand,19.9,2000.0
Nissan,Micra,1985,160446,Petrol,Automatic,2263,90,Second Hand,26.4,2000.0
Volvo,S60,1989,0,Petrol,Automatic,3811,524,Brand New,17.7,55912.83
Land Rover,Range Rover,1987,27857,Electric,Automatic,3848,134,Second Hand,23.5,2000.0
Land Rover,Range Rover,2017,29210,Electric,Automatic,4719,290,Second Hand,13.2,65513.54
Hyundai,Verna,1994,73388,Hybrid,Automatic,2684,690,Second Hand,31.1,2000.0
Porsche,911,2005,0,Hybrid,Automatic,2367,660,Brand New,30.0,93155.89
Volvo,S60,2007,0,Petrol,Automatic,4839,297,Brand New,8.2,60893.21
Hyundai,Elantra,2024,187953,Electric,Automatic,826,655,Second Hand,29.4,16194.96
Ferrari,488,2008,27767,Diesel,Manual,4161,572,Second Hand,11.4,2000.0
Tesla,Model X,2002,145359,Hybrid,Automatic,1705,226,Second Hand,13.9,2000.0
Tesla,Model X,1990,0,Petrol,Automatic,1182,334,Brand New,30.6,346493.61
Ford,Figo,1993,139204,Diesel,Automatic,3138,516,Second Hand,10.9,2000.0
Nissan,Micra,1996,218771,Electric,Manual,4240,263,Second Hand,12.9,2000.0
McLaren,570S,1989,188533,Hybrid,Automatic,899,149,Second Hand,24.7,2000.0
Porsche,911,2005,0,Petrol,Automatic,2708,495,Brand New,22.0,79227.49
Volkswagen,Vento,2015,84908,Diesel,Manual,3673,67,Second Hand,12.1,8472.64
Volkswagen,Polo,1990,43261,Electric,Manual,3424,677,Second Hand,14.0,2000.0
Hyundai,i20,2024,234924,Hybrid,Manual,3529,192,Second Hand,22.3,18373.0
Honda,City,1999,185439,Hybrid,Automatic,857,376,Second Hand,20.9,2000.0
Mercedes-Benz,C-Class,2006,148183,Hybrid,Manual,4009,442,Second Hand,8.3,18061.67
Toyota,RAV4,2019,0,Petrol,Automatic,4823,239,Brand New,32.6,33900.06
Toyota,Corolla,1992,0,Petrol,Automatic,1903,221,Brand New,10.6,28501.92
Mercedes-Benz,GLA,2007,249071,Hybrid,Manual,2871,147,Second Hand,18.5,2000.0
Nissan,Micra,2002,0,Electric,Automatic,2632,694,Brand New,18.4,24174.9
Honda,CRV,2001,0,Electric,Manual,4223,526,Brand New,10.1,20548.77
Volkswagen,Passat,2013,0,Petrol,Automatic,1117,662,Brand New,29.7,16113.51
Toyota,Fortuner,2003,225703,Petrol,Manual,4664,521,Second Hand,10.5,2000.0
Volkswagen,Vento,2012,0,Electric,Automatic,940,104,Brand New,10.3,24363.91
Lamborghini,Huracan,1992,0,Petrol,Automatic,2695,691,Brand New,34.7,359686.4
Mahindra,Scorpio,1994,101785,Diesel,Manual,3211,501,Second Hand,13.7,2000.0
Audi,Q5,2017,222135,Diesel,Automatic,2543,135,Second Hand,28.1,25741.36
McLaren,570S,2023,0,Diesel,Automatic,934,624,Brand New,28.1,304083.04
McLaren,570S,2009,69534,Petrol,Manual,4030,492,Second Hand,17.6,34270.85
Ford,Mustang,1989,0,Hybrid,Manual,3209,64,Brand New,18.4,16656.91
Audi,Q5,1988,0,Electric,Manual,2706,529,Brand New,8.5,62317.61
Rolls-Royce,Phantom,2019,0,Electric,Manual,3196,120,Brand New,26.9,294265.66
BMW,3 Series,2020,0,Diesel,Automatic,1692,590,Brand New,29.0,67290.22
Rolls-Royce,Phantom,2013,0,Diesel,Manual,4514,304,Brand New,14.1,318416.41
Rolls-Royce,Ghost,2005,0,Hybrid,Automatic,2797,387,Brand New,20.6,142817.08
Hyundai,i20,2005,72718,Electric,Automatic,1831,150,Second Hand,9.5,8331.62
Porsche,911,1995,0,Hybrid,Automatic,3242,224,Brand New,30.3,49144.05
Nissan,Kicks,2008,0,Electric,Automatic,2982,514,Brand New,30.9,17037.05
Porsche,Cayenne,2021,0,Hybrid,Automatic,3498,468,Brand New,31.1,51534.28
Volkswagen,Passat,1990,155471,Diesel,Manual,1825,467,Second Hand,30.4,2000.0
